timestamp,users_holding
"2018-05-02 04:52:27",39
"2018-05-02 06:37:40",39
"2018-05-03 00:33:46",39
"2018-05-03 06:32:26",39
"2018-05-03 06:47:22",39
"2018-05-03 07:05:34",39
"2018-05-03 07:32:49",39
"2018-05-03 07:42:00",39
"2018-05-03 11:18:26",39
"2018-05-03 12:41:50",39
"2018-05-03 13:41:50",39
"2018-05-03 14:41:50",40
"2018-05-03 15:41:51",40
"2018-05-03 16:41:51",40
"2018-05-03 17:41:50",40
"2018-05-03 18:41:50",40
"2018-05-03 19:41:50",40
"2018-05-03 20:41:50",40
"2018-05-03 21:41:50",40
"2018-05-03 22:41:50",40
"2018-05-03 23:41:49",40
"2018-05-04 00:41:49",40
"2018-05-04 01:41:50",40
"2018-05-04 02:41:51",40
"2018-05-04 03:41:50",40
"2018-05-04 04:41:50",40
"2018-05-04 05:41:50",40
"2018-05-04 06:41:50",40
"2018-05-04 07:41:50",40
"2018-05-04 08:41:51",40
"2018-05-04 09:41:50",40
"2018-05-04 10:41:51",40
"2018-05-04 11:41:50",40
"2018-05-04 12:41:50",40
"2018-05-04 20:46:34",40
"2018-05-04 20:52:34",40
"2018-05-04 20:58:33",40
"2018-05-04 21:04:33",40
"2018-05-04 21:10:33",40
"2018-05-04 21:16:32",40
"2018-05-04 21:22:32",40
"2018-05-04 21:28:31",40
"2018-05-04 21:41:49",40
"2018-05-04 22:41:50",40
"2018-05-04 23:41:50",40
"2018-05-05 00:41:49",40
"2018-05-05 01:41:50",40
"2018-05-05 02:41:50",40
"2018-05-05 03:41:50",40
"2018-05-05 04:41:50",40
"2018-05-05 05:41:49",40
"2018-05-05 06:41:51",40
"2018-05-05 07:41:51",40
"2018-05-05 08:41:50",40
"2018-05-05 09:41:49",40
"2018-05-05 10:41:51",40
"2018-05-05 11:41:50",40
"2018-05-05 12:41:50",40
"2018-05-05 13:41:51",40
"2018-05-05 14:41:50",40
"2018-05-05 15:41:51",40
"2018-05-05 16:41:50",40
"2018-05-05 17:41:51",40
"2018-05-05 18:41:50",40
"2018-05-05 19:41:50",40
"2018-05-05 20:41:50",40
"2018-05-05 21:41:49",40
"2018-05-05 22:41:50",40
"2018-05-05 23:41:50",40
"2018-05-06 00:41:49",40
"2018-05-06 01:41:50",40
"2018-05-06 02:41:50",40
"2018-05-06 03:41:50",40
"2018-05-06 04:41:50",40
"2018-05-06 05:41:50",40
"2018-05-06 06:41:50",40
"2018-05-06 07:41:54",40
"2018-05-06 08:41:49",40
"2018-05-06 09:41:50",40
"2018-05-06 10:41:49",40
"2018-05-06 11:41:50",40
"2018-05-06 12:41:49",40
"2018-05-06 13:41:50",40
"2018-05-06 14:41:50",40
"2018-05-06 15:41:50",40
"2018-05-06 16:41:50",40
"2018-05-06 17:41:50",40
"2018-05-06 18:41:51",40
"2018-05-06 19:41:50",40
"2018-05-06 20:41:51",40
"2018-05-06 21:41:50",40
"2018-05-06 22:41:50",40
"2018-05-06 23:41:50",40
"2018-05-07 00:41:50",40
"2018-05-07 01:41:50",40
"2018-05-07 01:55:26",40
"2018-05-07 02:41:51",40
"2018-05-07 03:41:50",40
"2018-05-07 04:41:50",40
"2018-05-07 05:41:50",40
"2018-05-07 06:41:49",40
"2018-05-07 07:41:49",40
"2018-05-07 08:41:52",40
"2018-05-07 09:41:49",40
"2018-05-07 10:41:50",40
"2018-05-07 11:41:50",40
"2018-05-07 12:41:49",40
"2018-05-07 13:41:57",40
"2018-05-07 14:41:49",40
"2018-05-07 15:41:50",39
"2018-05-07 16:41:52",39
"2018-05-07 22:41:50",39
"2018-05-07 23:41:50",39
"2018-05-08 00:41:51",39
"2018-05-08 01:41:51",39
"2018-05-08 02:41:49",39
"2018-05-08 03:41:49",39
"2018-05-08 04:41:50",39
"2018-05-08 05:41:49",39
"2018-05-08 06:41:50",39
"2018-05-08 07:41:50",39
"2018-05-08 08:41:49",39
"2018-05-08 09:41:49",39
"2018-05-08 10:41:49",39
"2018-05-08 11:41:48",39
"2018-05-08 12:41:48",39
"2018-05-08 13:41:50",39
"2018-05-08 14:41:50",39
"2018-05-08 15:41:49",39
"2018-05-08 16:41:49",39
"2018-05-08 17:41:49",39
"2018-05-08 18:41:50",39
"2018-05-08 19:41:49",39
"2018-05-08 20:41:49",39
"2018-05-08 21:41:49",39
"2018-05-08 22:41:50",39
"2018-05-08 23:41:54",39
"2018-05-09 00:41:50",39
"2018-05-09 01:41:49",39
"2018-05-09 02:41:49",39
"2018-05-09 03:41:49",39
"2018-05-09 04:41:50",39
"2018-05-09 05:41:50",39
"2018-05-09 06:41:49",39
"2018-05-09 07:41:49",39
"2018-05-09 08:41:50",39
"2018-05-09 09:41:48",39
"2018-05-09 10:41:49",39
"2018-05-09 11:41:49",39
"2018-05-09 12:41:49",39
"2018-05-09 13:41:50",39
"2018-05-09 14:41:49",39
"2018-05-09 15:41:48",39
"2018-05-09 16:41:49",39
"2018-05-09 17:41:50",39
"2018-05-09 18:41:49",39
"2018-05-09 19:41:49",39
"2018-05-09 20:41:48",39
"2018-05-09 21:41:50",39
"2018-05-09 22:41:49",39
"2018-05-09 23:41:49",38
"2018-05-10 00:41:50",38
"2018-05-10 01:41:50",38
"2018-05-10 02:41:51",38
"2018-05-10 03:41:51",38
"2018-05-10 04:41:51",38
"2018-05-10 05:41:50",38
"2018-05-10 06:41:50",38
"2018-05-10 07:41:51",38
"2018-05-10 08:41:51",38
"2018-05-10 09:41:50",38
"2018-05-10 10:41:50",38
"2018-05-10 11:41:50",38
"2018-05-10 12:41:50",38
"2018-05-10 13:41:59",38
"2018-05-10 14:41:51",38
"2018-05-10 15:41:51",38
"2018-05-10 16:41:51",38
"2018-05-10 17:41:51",38
"2018-05-10 18:41:52",38
"2018-05-10 19:41:52",38
"2018-05-10 20:41:51",38
"2018-05-10 21:41:51",38
"2018-05-10 22:41:52",38
"2018-05-10 23:41:52",38
"2018-05-11 00:41:52",38
"2018-05-11 01:41:52",38
"2018-05-11 02:41:51",38
"2018-05-11 03:41:51",38
"2018-05-11 04:41:51",38
"2018-05-11 05:41:53",38
"2018-05-11 06:41:51",38
"2018-05-11 07:41:51",38
"2018-05-11 08:41:52",38
"2018-05-11 09:41:51",38
"2018-05-11 10:41:51",38
"2018-05-11 11:41:52",38
"2018-05-11 12:41:51",38
"2018-05-11 13:41:53",38
"2018-05-11 14:41:51",40
"2018-05-11 15:41:52",40
"2018-05-11 16:41:52",40
"2018-05-11 17:41:52",40
"2018-05-11 18:41:52",40
"2018-05-11 19:41:52",40
"2018-05-11 20:41:51",40
"2018-05-11 21:41:51",40
"2018-05-11 22:41:51",40
"2018-05-11 23:41:51",40
"2018-05-12 00:41:52",40
"2018-05-12 01:41:52",40
"2018-05-12 02:41:51",40
"2018-05-12 03:41:52",40
"2018-05-12 04:41:51",40
"2018-05-12 05:41:52",40
"2018-05-12 06:41:52",40
"2018-05-12 07:41:51",40
"2018-05-12 08:41:51",40
"2018-05-12 09:41:51",40
"2018-05-12 10:41:51",40
"2018-05-12 11:41:52",40
"2018-05-12 12:41:51",40
"2018-05-12 13:41:53",40
"2018-05-12 14:41:51",40
"2018-05-12 15:41:52",40
"2018-05-12 16:41:51",40
"2018-05-12 17:41:52",40
"2018-05-12 18:41:51",40
"2018-05-12 19:41:52",40
"2018-05-12 20:41:52",40
"2018-05-12 21:41:51",40
"2018-05-12 22:41:51",40
"2018-05-12 23:41:51",40
"2018-05-13 00:41:52",40
"2018-05-13 01:41:51",40
"2018-05-13 02:41:51",40
"2018-05-13 03:41:51",40
"2018-05-13 04:41:52",40
"2018-05-13 05:41:52",40
"2018-05-13 06:41:52",40
"2018-05-13 07:41:51",40
"2018-05-13 08:41:51",40
"2018-05-13 09:41:52",40
"2018-05-13 10:41:51",40
"2018-05-13 11:41:50",40
"2018-05-13 12:41:52",40
"2018-05-13 13:41:51",40
"2018-05-13 14:41:51",40
"2018-05-13 15:41:52",40
"2018-05-13 16:41:52",40
"2018-05-13 17:41:51",40
"2018-05-13 18:41:52",40
"2018-05-13 19:41:51",40
"2018-05-13 20:41:52",40
"2018-05-13 21:41:52",40
"2018-05-13 22:41:52",40
"2018-05-13 23:41:52",40
"2018-05-14 00:41:52",40
"2018-05-14 01:41:52",40
"2018-05-14 02:41:52",40
"2018-05-14 03:41:52",40
"2018-05-14 04:41:52",40
"2018-05-14 05:41:51",40
"2018-05-14 06:41:51",40
"2018-05-14 07:41:51",40
"2018-05-14 08:41:51",40
"2018-05-14 09:41:51",40
"2018-05-14 10:41:51",40
"2018-05-14 11:41:52",40
"2018-05-14 12:41:50",40
"2018-05-14 13:41:53",40
"2018-05-14 14:41:52",40
"2018-05-14 15:41:52",40
"2018-05-14 16:41:51",41
"2018-05-14 17:41:51",41
"2018-05-14 18:41:52",41
"2018-05-14 19:41:51",41
"2018-05-14 20:41:51",41
"2018-05-14 21:41:51",41
"2018-05-14 22:41:52",41
"2018-05-14 23:41:52",41
"2018-05-15 00:41:52",41
"2018-05-15 01:41:51",41
"2018-05-15 02:41:52",41
"2018-05-15 03:41:51",41
"2018-05-15 04:41:52",41
"2018-05-15 05:41:51",41
"2018-05-15 06:41:51",41
"2018-05-15 07:41:51",41
"2018-05-15 08:41:52",41
"2018-05-15 09:41:51",41
"2018-05-15 10:41:52",41
"2018-05-15 11:41:51",41
"2018-05-15 12:41:51",41
"2018-05-15 13:41:51",41
"2018-05-15 14:41:52",41
"2018-05-15 15:41:51",40
"2018-05-15 16:41:51",40
"2018-05-15 17:41:51",40
"2018-05-15 18:41:51",41
"2018-05-15 19:41:51",41
"2018-05-15 20:41:50",41
"2018-05-15 21:41:50",41
"2018-05-15 22:41:51",41
"2018-05-15 23:41:51",41
"2018-05-16 00:41:50",41
"2018-05-16 01:41:50",41
"2018-05-16 02:41:51",41
"2018-05-16 03:41:51",41
"2018-05-16 04:41:51",41
"2018-05-16 05:41:50",41
"2018-05-16 06:41:51",41
"2018-05-16 07:41:51",41
"2018-05-16 08:41:51",41
"2018-05-16 09:41:50",41
"2018-05-16 10:41:50",41
"2018-05-16 11:41:51",41
"2018-05-16 12:41:52",41
"2018-05-16 13:41:51",41
"2018-05-16 14:41:50",41
"2018-05-16 15:41:51",41
"2018-05-16 16:41:50",41
"2018-05-16 17:41:51",41
"2018-05-16 18:41:50",41
"2018-05-16 19:41:50",41
"2018-05-16 20:41:50",41
"2018-05-16 21:41:50",41
"2018-05-16 22:41:50",41
"2018-05-16 23:41:50",41
"2018-05-17 00:41:52",41
"2018-05-17 01:41:50",41
"2018-05-17 02:41:50",41
"2018-05-17 03:41:51",41
"2018-05-17 04:41:50",41
"2018-05-17 05:41:50",41
"2018-05-17 06:41:51",41
"2018-05-17 07:41:51",41
"2018-05-17 08:41:51",41
"2018-05-17 09:41:50",41
"2018-05-17 10:41:50",41
"2018-05-17 11:41:51",41
"2018-05-17 12:41:50",41
"2018-05-17 13:41:52",41
"2018-05-17 14:41:51",41
"2018-05-17 15:41:51",41
"2018-05-18 07:41:51",41
"2018-05-18 08:41:51",41
"2018-05-18 09:41:50",41
"2018-05-18 10:41:49",41
"2018-05-18 11:41:50",41
"2018-05-18 12:41:50",41
"2018-05-18 13:41:51",41
"2018-05-18 14:41:50",41
"2018-05-18 15:41:50",41
"2018-05-18 16:41:50",41
"2018-05-18 17:41:50",41
"2018-05-18 18:41:50",41
"2018-05-18 19:41:51",41
"2018-05-18 20:41:51",41
"2018-05-18 21:41:49",41
"2018-05-18 22:41:50",41
"2018-05-18 23:41:50",41
"2018-05-19 00:41:50",41
"2018-05-19 01:41:51",41
"2018-05-19 02:41:51",41
"2018-05-19 03:41:51",41
"2018-05-19 04:41:50",41
"2018-05-19 05:41:51",41
"2018-05-19 06:41:52",41
"2018-05-19 07:41:49",41
"2018-05-19 08:41:50",41
"2018-05-19 09:41:50",41
"2018-05-19 10:41:49",41
"2018-05-19 11:41:50",41
"2018-05-19 12:41:50",41
"2018-05-19 13:41:51",41
"2018-05-19 14:41:51",41
"2018-05-19 15:41:51",41
"2018-05-19 16:41:51",41
"2018-05-19 17:41:51",41
"2018-05-19 18:41:50",41
"2018-05-19 19:41:50",41
"2018-05-19 20:41:51",41
"2018-05-19 21:41:50",41
"2018-05-19 22:41:50",41
"2018-05-19 23:41:50",41
"2018-05-20 00:41:50",41
"2018-05-20 01:41:51",41
"2018-05-20 02:41:50",41
"2018-05-20 03:41:50",41
"2018-05-20 04:41:51",41
"2018-05-20 05:41:51",41
"2018-05-20 06:41:49",41
"2018-05-20 07:41:50",41
"2018-05-20 08:41:50",41
"2018-05-20 09:41:50",41
"2018-05-20 10:41:50",41
"2018-05-20 11:41:50",41
"2018-05-20 12:41:50",41
"2018-05-20 13:41:50",41
"2018-05-20 14:41:52",41
"2018-05-20 15:41:50",41
"2018-05-20 16:41:50",41
"2018-05-20 17:41:51",41
"2018-05-20 18:41:50",41
"2018-05-20 19:41:50",41
"2018-05-20 20:41:50",41
"2018-05-20 21:41:50",41
"2018-05-20 22:41:50",41
"2018-05-20 23:41:50",41
"2018-05-21 00:41:51",41
"2018-05-21 01:42:00",41
"2018-05-21 02:41:54",41
"2018-05-21 03:41:51",41
"2018-05-21 04:41:53",41
"2018-05-21 05:41:50",41
"2018-05-21 06:41:51",41
"2018-05-21 07:41:51",41
"2018-05-21 08:41:53",41
"2018-05-21 09:41:51",41
"2018-05-21 10:41:50",41
"2018-05-21 11:41:50",41
"2018-05-21 12:41:53",41
"2018-05-21 13:41:51",41
"2018-05-21 14:41:51",41
"2018-05-21 15:41:51",41
"2018-05-21 16:41:51",41
"2018-05-21 17:41:50",41
"2018-05-21 18:41:51",41
"2018-05-21 19:41:50",41
"2018-05-21 20:41:50",41
"2018-05-21 21:41:50",41
"2018-05-21 22:41:50",41
"2018-05-21 23:41:50",41
"2018-05-22 00:41:50",41
"2018-05-22 01:41:51",41
"2018-05-22 02:41:50",41
"2018-05-22 03:41:50",41
"2018-05-22 04:41:51",41
"2018-05-22 05:41:49",41
"2018-05-22 06:41:50",41
"2018-05-22 07:41:50",41
"2018-05-22 08:41:56",41
"2018-05-22 09:41:50",41
"2018-05-22 10:41:50",41
"2018-05-22 11:41:50",41
"2018-05-22 12:41:52",41
"2018-05-22 13:41:53",41
"2018-05-22 14:41:52",42
"2018-05-22 15:41:52",42
"2018-05-22 16:41:51",42
"2018-05-22 17:41:51",42
"2018-05-22 18:41:51",42
"2018-05-22 19:41:51",42
"2018-05-22 20:41:52",42
"2018-05-22 21:41:51",42
"2018-05-22 22:41:52",42
"2018-05-22 23:41:51",42
"2018-05-23 00:41:51",42
"2018-05-23 01:41:51",42
"2018-05-23 02:41:51",42
"2018-05-23 03:41:52",42
"2018-05-23 04:41:51",42
"2018-05-23 05:41:52",42
"2018-05-23 06:41:52",42
"2018-05-23 07:41:55",42
"2018-05-23 08:41:52",42
"2018-05-23 09:41:51",42
"2018-05-23 10:41:52",42
"2018-05-23 11:41:52",42
"2018-05-23 12:41:50",42
"2018-05-23 13:41:52",42
"2018-05-23 14:41:52",44
"2018-05-23 15:41:52",44
"2018-05-23 16:41:53",44
"2018-05-23 17:41:51",44
"2018-05-23 18:41:51",44
"2018-05-23 19:41:51",44
"2018-05-23 20:41:52",44
"2018-05-23 21:41:51",44
"2018-05-23 22:41:52",44
"2018-05-23 23:41:51",44
"2018-05-24 00:41:51",44
"2018-05-24 01:41:52",44
"2018-05-24 02:41:52",44
"2018-05-24 03:41:51",44
"2018-05-24 04:41:51",44
"2018-05-24 06:41:52",44
"2018-05-24 07:41:51",44
"2018-05-24 08:41:51",44
"2018-05-24 09:41:52",44
"2018-05-24 10:41:52",44
"2018-05-24 11:41:51",44
"2018-05-24 12:41:51",44
"2018-05-24 13:41:52",44
"2018-05-24 20:10:59",44
"2018-05-24 20:41:50",44
"2018-05-24 21:41:52",44
"2018-05-24 22:41:51",44
"2018-05-24 23:41:52",44
"2018-05-25 00:41:51",44
"2018-05-25 01:41:52",44
"2018-05-25 02:41:51",44
"2018-05-25 03:41:52",44
"2018-05-25 04:41:51",44
"2018-05-25 05:41:52",44
"2018-05-25 06:41:52",44
"2018-05-25 07:41:51",44
"2018-05-25 08:41:51",44
"2018-05-25 09:41:51",44
"2018-05-25 10:41:52",44
"2018-05-25 11:41:51",44
"2018-05-25 12:41:51",44
"2018-05-25 13:41:51",44
"2018-05-25 14:41:51",44
"2018-05-25 15:41:51",44
"2018-05-25 16:41:52",45
"2018-05-25 17:41:51",45
"2018-05-25 18:41:51",46
"2018-05-25 19:41:51",46
"2018-05-25 20:41:51",46
"2018-05-25 21:41:51",46
"2018-05-25 22:41:51",46
"2018-05-25 23:41:51",46
"2018-05-26 00:41:52",46
"2018-05-26 01:41:51",46
"2018-05-26 02:41:52",46
"2018-05-26 03:41:51",46
"2018-05-26 04:41:51",46
"2018-05-26 05:41:51",46
"2018-05-26 06:41:51",46
"2018-05-26 07:41:52",46
"2018-05-26 08:41:52",46
"2018-05-26 09:41:50",46
"2018-05-26 10:41:51",46
"2018-05-26 11:41:51",46
"2018-05-26 12:41:51",46
"2018-05-26 13:41:52",46
"2018-05-26 14:41:51",46
"2018-05-26 15:41:52",46
"2018-05-26 16:41:51",46
"2018-05-26 17:41:52",46
"2018-05-26 18:41:52",46
"2018-05-26 19:41:55",46
"2018-05-26 20:41:51",46
"2018-05-26 21:41:51",46
"2018-05-26 22:41:51",46
"2018-05-26 23:41:51",46
"2018-05-27 00:41:52",46
"2018-05-27 01:41:52",46
"2018-05-27 02:41:51",46
"2018-05-27 03:41:51",46
"2018-05-27 04:41:51",46
"2018-05-27 05:41:52",46
"2018-05-27 06:41:51",46
"2018-05-27 07:41:51",46
"2018-05-27 08:41:51",46
"2018-05-27 09:41:51",46
"2018-05-27 10:41:51",46
"2018-05-27 11:41:51",46
"2018-05-27 12:41:51",46
"2018-05-27 13:41:52",46
"2018-05-27 14:41:51",46
"2018-05-27 15:41:52",46
"2018-05-27 16:41:51",46
"2018-05-27 17:41:51",46
"2018-05-27 18:41:52",46
"2018-05-27 19:41:51",46
"2018-05-27 20:41:51",46
"2018-05-27 21:41:52",46
"2018-05-27 22:41:52",46
"2018-05-27 23:41:52",46
"2018-05-28 00:41:51",46
"2018-05-28 01:41:51",46
"2018-05-28 02:41:51",46
"2018-05-28 03:41:51",46
"2018-05-28 04:41:51",46
"2018-05-28 05:41:51",46
"2018-05-28 06:41:51",46
"2018-05-28 07:41:51",46
"2018-05-28 08:41:51",46
"2018-05-28 09:41:52",46
"2018-05-28 10:41:51",46
"2018-05-28 11:41:51",46
"2018-05-28 12:41:51",46
"2018-05-28 13:41:51",46
"2018-05-28 14:41:51",46
"2018-05-28 15:41:52",46
"2018-05-28 16:41:51",46
"2018-05-28 17:41:52",46
"2018-05-28 18:41:52",46
"2018-05-28 19:41:52",46
"2018-05-28 20:41:51",46
"2018-05-28 21:41:51",46
"2018-05-28 22:41:52",46
"2018-05-28 23:41:52",46
"2018-05-29 00:41:51",46
"2018-05-29 01:41:50",46
"2018-05-29 02:41:51",46
"2018-05-29 03:41:51",46
"2018-05-29 04:41:52",46
"2018-05-29 05:41:51",46
"2018-05-29 06:41:51",46
"2018-05-29 07:41:51",46
"2018-05-29 08:41:57",46
"2018-05-29 09:41:51",46
"2018-05-29 10:41:51",46
"2018-05-29 11:41:51",46
"2018-05-29 12:41:51",46
"2018-05-30 19:52:32",46
"2018-05-30 20:41:51",47
"2018-05-30 21:41:51",47
"2018-05-30 22:41:51",47
"2018-05-30 23:41:52",47
"2018-05-31 00:41:52",47
"2018-05-31 01:41:52",47
"2018-05-31 02:41:52",47
"2018-05-31 03:41:56",47
"2018-05-31 04:41:51",47
"2018-05-31 05:41:51",47
"2018-05-31 06:41:52",47
"2018-05-31 07:41:51",47
"2018-05-31 08:41:51",47
"2018-05-31 09:41:51",47
"2018-05-31 10:41:51",47
"2018-05-31 11:41:51",47
"2018-05-31 12:41:51",47
"2018-05-31 13:41:52",47
"2018-05-31 14:41:52",47
"2018-05-31 15:41:51",47
"2018-05-31 16:41:51",47
"2018-05-31 17:41:51",47
"2018-05-31 18:41:52",47
"2018-05-31 19:41:51",47
"2018-05-31 20:41:52",47
"2018-05-31 21:41:51",47
"2018-05-31 22:41:52",47
"2018-05-31 23:41:51",47
"2018-06-01 00:41:51",47
"2018-06-01 01:41:51",47
"2018-06-01 02:41:51",47
"2018-06-01 03:41:52",47
"2018-06-01 04:41:51",47
"2018-06-01 05:41:51",47
"2018-06-01 06:41:52",47
"2018-06-01 07:41:52",47
"2018-06-01 08:41:51",47
"2018-06-01 09:41:51",47
"2018-06-01 10:41:50",47
"2018-06-01 11:41:51",47
"2018-06-01 12:41:51",47
"2018-06-01 13:41:59",47
"2018-06-01 14:41:52",47
"2018-06-01 15:41:53",47
"2018-06-01 16:41:53",47
"2018-06-01 17:41:53",47
"2018-06-01 18:41:52",47
"2018-06-01 19:41:53",47
"2018-06-01 20:41:53",47
"2018-06-01 21:41:53",47
"2018-06-01 22:41:53",47
"2018-06-01 23:41:53",47
"2018-06-02 00:41:52",47
"2018-06-02 01:41:52",47
"2018-06-02 02:41:53",47
"2018-06-02 03:41:52",47
"2018-06-02 04:41:52",47
"2018-06-02 05:41:53",47
"2018-06-02 06:41:52",47
"2018-06-02 07:41:52",47
"2018-06-02 08:41:52",47
"2018-06-02 09:41:53",47
"2018-06-02 10:41:52",47
"2018-06-02 11:41:52",47
"2018-06-02 12:41:53",47
"2018-06-02 13:41:53",47
"2018-06-02 14:41:53",47
"2018-06-02 15:41:53",47
"2018-06-02 16:41:52",47
"2018-06-02 17:41:52",47
"2018-06-02 18:41:52",47
"2018-06-02 19:41:53",47
"2018-06-02 20:41:53",47
"2018-06-02 21:41:53",47
"2018-06-02 22:41:52",47
"2018-06-02 23:41:53",47
"2018-06-03 00:41:52",47
"2018-06-03 01:41:53",47
"2018-06-03 02:41:52",47
"2018-06-03 03:41:52",47
"2018-06-03 04:41:52",47
"2018-06-03 05:41:53",47
"2018-06-03 06:41:52",47
"2018-06-03 19:44:08",47
"2018-06-03 20:41:53",47
"2018-06-03 21:41:52",47
"2018-06-03 22:41:53",47
"2018-06-03 23:41:53",47
"2018-06-04 00:41:52",47
"2018-06-04 01:41:52",47
"2018-06-04 02:41:53",47
"2018-06-04 03:41:52",47
"2018-06-04 04:41:54",47
"2018-06-04 05:41:52",47
"2018-06-04 06:41:52",47
"2018-06-04 07:41:53",47
"2018-06-04 08:41:52",47
"2018-06-04 09:41:53",47
"2018-06-04 10:41:51",47
"2018-06-04 11:41:51",47
"2018-06-04 12:41:51",47
"2018-06-04 13:41:52",47
"2018-06-04 14:41:52",47
"2018-06-04 15:41:51",47
"2018-06-04 16:41:51",47
"2018-06-04 17:41:51",47
"2018-06-04 18:41:52",47
"2018-06-04 19:41:51",47
"2018-06-04 20:41:51",47
"2018-06-04 21:41:51",47
"2018-06-04 22:41:52",47
"2018-06-04 23:41:52",47
"2018-06-05 00:41:52",47
"2018-06-05 01:41:51",47
"2018-06-05 02:41:52",47
"2018-06-05 03:41:51",47
"2018-06-05 04:41:52",47
"2018-06-05 05:41:52",47
"2018-06-05 06:41:51",47
"2018-06-05 07:41:51",47
"2018-06-05 08:41:51",47
"2018-06-05 09:41:52",47
"2018-06-05 10:41:52",47
"2018-06-05 11:41:51",47
"2018-06-05 12:41:51",47
"2018-06-05 13:41:53",47
"2018-06-05 14:41:52",47
"2018-06-05 15:41:52",47
"2018-06-05 16:41:52",47
"2018-06-05 17:41:51",47
"2018-06-05 18:41:51",47
"2018-06-05 19:41:52",47
"2018-06-05 20:41:51",47
"2018-06-05 21:41:51",47
"2018-06-05 22:41:52",47
"2018-06-05 23:41:52",47
"2018-06-06 00:41:52",47
"2018-06-06 01:41:51",47
"2018-06-06 02:41:51",47
"2018-06-06 03:41:52",47
"2018-06-06 04:41:52",47
"2018-06-06 05:41:52",47
"2018-06-06 06:41:52",47
"2018-06-06 07:41:50",47
"2018-06-06 08:41:52",47
"2018-06-06 09:41:51",47
"2018-06-06 10:41:51",47
"2018-06-06 11:41:52",47
"2018-06-06 12:41:51",47
"2018-06-06 13:41:52",47
"2018-06-06 14:41:51",47
"2018-06-06 15:41:52",47
"2018-06-06 16:41:52",47
"2018-06-06 17:41:52",47
"2018-06-06 18:41:52",47
"2018-06-06 19:41:51",47
"2018-06-06 20:41:51",47
"2018-06-06 21:41:52",47
"2018-06-06 22:41:52",47
"2018-06-06 23:41:54",47
"2018-06-07 00:41:53",47
"2018-06-07 01:41:53",47
"2018-06-07 02:41:54",47
"2018-06-07 03:41:53",47
"2018-06-07 04:41:54",47
"2018-06-07 05:41:54",47
"2018-06-07 06:41:53",47
"2018-06-07 07:41:53",47
"2018-06-07 08:41:54",47
"2018-06-07 09:41:53",47
"2018-06-07 10:41:53",47
"2018-06-07 11:41:53",47
"2018-06-07 12:41:53",47
"2018-06-07 13:41:54",47
"2018-06-07 14:41:55",47
"2018-06-07 15:41:53",47
"2018-06-07 16:41:54",47
"2018-06-07 17:41:54",47
"2018-06-07 18:41:53",47
"2018-06-07 19:41:54",47
"2018-06-07 20:41:53",47
"2018-06-07 21:41:53",47
"2018-06-07 22:41:54",47
"2018-06-07 23:41:54",47
"2018-06-08 00:41:54",47
"2018-06-08 01:41:53",47
"2018-06-08 02:41:53",47
"2018-06-08 03:41:53",47
"2018-06-08 04:41:54",47
"2018-06-08 05:41:53",47
"2018-06-08 06:41:55",47
"2018-06-08 07:41:54",47
"2018-06-08 08:41:53",47
"2018-06-08 09:41:53",47
"2018-06-08 10:41:53",47
"2018-06-08 11:41:53",47
"2018-06-08 12:41:54",47
"2018-06-08 13:41:54",47
"2018-06-08 14:41:54",47
"2018-06-08 15:41:53",47
"2018-06-08 16:41:54",47
"2018-06-08 17:41:54",47
"2018-06-08 18:41:53",47
"2018-06-08 19:41:54",47
"2018-06-08 20:41:54",47
"2018-06-08 21:41:54",47
"2018-06-08 22:41:53",47
"2018-06-08 23:41:53",47
"2018-06-09 00:41:53",47
"2018-06-09 01:41:54",47
"2018-06-09 02:41:53",47
"2018-06-09 03:41:54",47
"2018-06-09 04:41:54",47
"2018-06-09 05:41:53",47
"2018-06-09 06:41:55",47
"2018-06-09 07:41:53",47
"2018-06-09 08:41:53",47
"2018-06-09 09:41:53",47
"2018-06-09 10:41:54",47
"2018-06-09 11:41:54",47
"2018-06-09 12:41:54",47
"2018-06-09 13:41:54",47
"2018-06-09 14:41:54",47
"2018-06-09 15:41:54",47
"2018-06-09 16:41:54",47
"2018-06-09 17:41:54",47
"2018-06-09 18:41:54",47
"2018-06-09 19:41:54",47
"2018-06-09 20:41:54",47
"2018-06-09 21:41:54",47
"2018-06-09 22:41:53",47
"2018-06-09 23:41:54",47
"2018-06-10 00:41:53",47
"2018-06-10 01:41:53",47
"2018-06-10 02:41:54",47
"2018-06-10 03:41:53",47
"2018-06-10 04:41:54",47
"2018-06-10 05:41:53",47
"2018-06-10 06:41:53",47
"2018-06-10 07:41:54",47
"2018-06-10 08:41:53",47
"2018-06-10 09:41:53",47
"2018-06-10 10:41:54",47
"2018-06-10 11:41:53",47
"2018-06-10 12:41:53",47
"2018-06-10 13:41:53",47
"2018-06-10 14:41:54",47
"2018-06-10 15:41:53",47
"2018-06-10 16:41:54",47
"2018-06-10 17:41:54",47
"2018-06-10 18:41:54",47
"2018-06-10 19:41:53",47
"2018-06-10 20:41:53",47
"2018-06-10 21:41:53",47
"2018-06-10 22:41:53",47
"2018-06-10 23:41:53",47
"2018-06-11 00:41:54",47
"2018-06-11 01:41:53",47
"2018-06-11 02:41:53",47
"2018-06-11 03:41:53",47
"2018-06-11 04:41:53",47
"2018-06-11 06:41:53",47
"2018-06-11 07:41:53",47
"2018-06-11 08:41:54",47
"2018-06-11 09:41:53",47
"2018-06-11 10:41:54",47
"2018-06-11 11:41:53",47
"2018-06-11 12:41:54",47
"2018-06-11 13:41:54",47
"2018-06-11 14:41:53",48
"2018-06-11 15:41:53",48
"2018-06-11 16:41:54",48
"2018-06-11 17:41:53",48
"2018-06-11 18:41:53",48
"2018-06-11 19:41:53",48
"2018-06-11 20:41:54",48
"2018-06-11 21:41:53",48
"2018-06-11 22:41:53",48
"2018-06-11 23:41:53",48
"2018-06-12 00:41:53",48
"2018-06-12 01:41:54",48
"2018-06-12 02:41:53",48
"2018-06-12 03:41:54",48
"2018-06-12 04:41:53",48
"2018-06-12 05:41:53",48
"2018-06-12 06:41:54",48
"2018-06-12 07:41:54",48
"2018-06-12 08:41:53",48
"2018-06-12 09:41:53",48
"2018-06-12 10:41:53",48
"2018-06-12 11:41:53",48
"2018-06-12 12:41:54",48
"2018-06-12 13:41:55",48
"2018-06-12 14:41:53",48
"2018-06-12 15:41:53",48
"2018-06-12 16:41:53",48
"2018-06-12 17:41:53",48
"2018-06-12 18:41:54",49
"2018-06-12 19:41:54",49
"2018-06-12 20:41:53",49
"2018-06-12 21:41:53",49
"2018-06-12 22:41:52",49
"2018-06-12 23:41:53",49
"2018-06-13 00:41:53",49
"2018-06-13 01:41:53",49
"2018-06-13 02:41:53",49
"2018-06-13 03:41:53",49
"2018-06-13 04:41:54",49
"2018-06-13 05:41:53",49
"2018-06-13 06:41:54",49
"2018-06-13 07:41:53",49
"2018-06-13 08:41:54",49
"2018-06-13 09:41:53",49
"2018-06-13 10:41:53",49
"2018-06-13 11:41:53",49
"2018-06-13 12:41:53",49
"2018-06-13 13:41:55",49
"2018-06-13 14:41:54",49
"2018-06-13 15:41:54",49
"2018-06-13 16:41:54",49
"2018-06-13 17:41:53",49
"2018-06-13 18:41:54",49
"2018-06-13 19:41:53",49
"2018-06-13 20:41:54",49
"2018-06-13 21:41:54",49
"2018-06-13 22:41:53",49
"2018-06-13 23:41:53",49
"2018-06-14 00:41:54",49
"2018-06-14 01:41:54",49
"2018-06-14 02:41:54",49
"2018-06-14 03:41:54",49
"2018-06-14 04:41:53",49
"2018-06-14 05:41:54",49
"2018-06-14 06:41:53",49
"2018-06-14 07:41:54",49
"2018-06-14 08:41:54",49
"2018-06-14 09:41:52",49
"2018-06-14 10:41:53",49
"2018-06-14 11:41:54",49
"2018-06-14 12:41:54",49
"2018-06-14 13:41:55",49
"2018-06-14 14:41:53",49
"2018-06-14 15:41:54",49
"2018-06-14 16:41:53",49
"2018-06-14 17:41:53",49
"2018-06-14 18:41:54",49
"2018-06-14 19:41:54",48
"2018-06-14 20:41:54",48
"2018-06-14 21:41:54",48
"2018-06-14 22:41:54",48
"2018-06-14 23:41:53",48
"2018-06-15 00:41:53",48
"2018-06-15 01:41:53",48
"2018-06-15 02:41:53",48
"2018-06-15 03:41:53",48
"2018-06-15 04:41:54",48
"2018-06-15 05:41:55",48
"2018-06-15 06:41:54",48
"2018-06-15 07:41:53",48
"2018-06-15 08:41:53",48
"2018-06-15 09:41:53",48
"2018-06-15 10:41:54",48
"2018-06-15 11:41:53",48
"2018-06-15 12:41:53",48
"2018-06-15 13:41:55",48
"2018-06-15 14:41:54",48
"2018-06-15 15:41:54",48
"2018-06-15 16:41:54",48
"2018-06-15 17:41:54",48
"2018-06-15 18:41:55",48
"2018-06-15 19:41:54",48
"2018-06-15 20:41:55",48
"2018-06-15 21:41:54",48
"2018-06-15 22:41:54",48
"2018-06-15 23:41:55",48
"2018-06-16 00:41:55",48
"2018-06-16 01:41:54",48
"2018-06-16 02:41:55",48
"2018-06-16 03:41:55",48
"2018-06-16 04:41:56",48
"2018-06-16 05:41:56",48
"2018-06-16 06:41:55",48
"2018-06-16 07:41:54",48
"2018-06-16 08:41:55",48
"2018-06-16 09:41:55",48
"2018-06-16 10:41:54",48
"2018-06-16 11:41:55",48
"2018-06-16 12:41:54",48
"2018-06-16 13:41:55",48
"2018-06-16 14:41:55",48
"2018-06-16 15:41:55",48
"2018-06-16 16:41:55",48
"2018-06-16 17:41:54",48
"2018-06-16 18:41:54",48
"2018-06-16 19:41:55",48
"2018-06-16 20:41:55",48
"2018-06-16 21:41:54",48
"2018-06-16 22:41:55",48
"2018-06-16 23:41:54",48
"2018-06-17 00:41:54",48
"2018-06-17 01:41:55",48
"2018-06-17 02:41:56",48
"2018-06-17 03:41:55",48
"2018-06-17 04:41:55",48
"2018-06-17 05:41:55",48
"2018-06-17 06:41:54",48
"2018-06-17 07:41:55",48
"2018-06-17 08:41:54",48
"2018-06-17 09:41:54",48
"2018-06-17 10:41:53",48
"2018-06-17 11:41:54",48
"2018-06-17 12:41:55",48
"2018-06-17 13:41:55",48
"2018-06-17 14:41:55",48
"2018-06-17 15:41:53",48
"2018-06-17 16:41:54",48
"2018-06-17 17:41:54",48
"2018-06-17 18:41:54",48
"2018-06-17 19:41:55",48
"2018-06-17 20:41:55",48
"2018-06-17 21:41:54",48
"2018-06-17 22:41:54",48
"2018-06-17 23:41:54",48
"2018-06-18 00:41:55",48
"2018-06-18 01:41:54",48
"2018-06-18 02:41:55",48
"2018-06-18 03:41:54",48
"2018-06-18 04:41:55",48
"2018-06-18 05:41:55",48
"2018-06-18 06:41:54",48
"2018-06-18 07:41:54",48
"2018-06-18 08:41:56",48
"2018-06-18 09:41:54",48
"2018-06-18 10:41:54",48
"2018-06-18 11:41:55",48
"2018-06-18 12:41:54",48
"2018-06-18 13:41:56",48
"2018-06-18 14:41:54",48
"2018-06-18 15:41:54",48
"2018-06-18 16:41:54",48
"2018-06-18 17:41:54",48
"2018-06-18 18:41:55",48
"2018-06-18 19:41:55",48
"2018-06-18 20:41:55",48
"2018-06-18 21:41:54",48
"2018-06-18 22:41:55",48
"2018-06-18 23:41:54",48
"2018-06-19 00:41:54",48
"2018-06-19 01:41:54",48
"2018-06-19 02:41:55",48
"2018-06-19 03:41:54",48
"2018-06-19 04:41:55",48
"2018-06-19 05:41:54",48
"2018-06-19 06:41:55",48
"2018-06-19 07:41:56",48
"2018-06-19 08:41:55",48
"2018-06-19 09:41:54",48
"2018-06-19 10:41:55",48
"2018-06-19 11:41:54",48
"2018-06-19 12:41:54",48
"2018-06-19 13:41:57",48
"2018-06-19 14:41:55",48
"2018-06-19 15:41:54",48
"2018-06-19 16:41:54",47
"2018-06-19 17:41:55",47
"2018-06-19 18:41:55",47
"2018-06-19 19:41:54",47
"2018-06-19 20:41:54",47
"2018-06-19 21:41:54",47
"2018-06-19 22:41:54",47
"2018-06-19 23:41:55",47
"2018-06-20 00:42:05",47
"2018-06-20 01:41:56",47
"2018-06-20 02:41:54",47
"2018-06-20 03:41:55",47
"2018-06-20 04:41:55",47
"2018-06-20 05:41:54",47
"2018-06-20 06:41:55",47
"2018-06-20 07:41:54",47
"2018-06-20 08:41:54",47
"2018-06-20 09:41:54",47
"2018-06-20 10:41:54",47
"2018-06-20 11:41:54",47
"2018-06-20 12:41:54",47
"2018-06-20 14:06:28",47
"2018-06-20 14:41:56",47
"2018-06-20 15:41:55",47
"2018-06-20 16:41:55",47
"2018-06-20 17:41:55",47
"2018-06-20 18:41:55",47
"2018-06-20 19:41:55",47
"2018-06-20 20:41:54",47
"2018-06-20 21:41:55",47
"2018-06-20 22:41:54",47
"2018-06-20 23:41:55",47
"2018-06-21 00:41:55",47
"2018-06-21 01:41:54",47
"2018-06-21 02:41:55",47
"2018-06-21 03:41:55",47
"2018-06-21 04:41:55",47
"2018-06-21 05:41:55",47
"2018-06-21 06:41:54",47
"2018-06-21 07:41:54",47
"2018-06-21 08:41:55",47
"2018-06-21 09:41:54",47
"2018-06-21 10:41:54",47
"2018-06-21 11:41:54",47
"2018-06-21 12:41:54",47
"2018-06-21 13:41:55",47
"2018-06-21 14:41:55",47
"2018-06-21 15:41:55",46
"2018-06-21 16:41:54",46
"2018-06-21 17:41:55",46
"2018-06-21 18:41:55",46
"2018-06-21 19:41:55",46
"2018-06-21 20:41:55",46
"2018-06-21 21:41:55",46
"2018-06-21 22:41:55",46
"2018-06-21 23:41:54",46
"2018-06-22 00:41:54",46
"2018-06-22 01:41:54",46
"2018-06-22 02:41:55",46
"2018-06-22 03:41:55",46
"2018-06-22 04:41:54",46
"2018-06-22 05:41:55",46
"2018-06-22 06:41:54",46
"2018-06-22 07:41:54",46
"2018-06-22 08:41:55",46
"2018-06-22 09:41:54",46
"2018-06-22 10:41:54",46
"2018-06-22 11:41:54",46
"2018-06-22 12:41:55",46
"2018-06-22 13:41:56",46
"2018-06-22 15:05:57",46
"2018-06-22 15:41:55",46
"2018-06-22 16:41:55",46
"2018-06-22 17:41:55",46
"2018-06-22 18:41:55",46
"2018-06-22 19:41:55",46
"2018-06-22 20:41:54",45
"2018-06-22 21:41:54",45
"2018-06-22 22:41:55",45
"2018-06-22 23:41:55",45
"2018-06-23 00:41:54",45
"2018-06-23 01:41:55",45
"2018-06-23 02:41:55",45
"2018-06-23 03:41:55",45
"2018-06-23 04:41:54",45
"2018-06-23 05:41:55",45
"2018-06-23 06:41:54",45
"2018-06-23 07:41:55",45
"2018-06-23 08:41:54",45
"2018-06-23 09:41:54",45
"2018-06-23 10:41:54",45
"2018-06-23 11:41:55",45
"2018-06-23 12:41:54",45
"2018-06-23 13:41:55",45
"2018-06-23 14:41:54",45
"2018-06-23 15:41:55",45
"2018-06-23 16:41:55",45
"2018-06-23 17:41:54",45
"2018-06-23 18:41:55",45
"2018-06-23 19:41:55",45
"2018-06-23 20:41:55",45
"2018-06-23 21:41:55",45
"2018-06-23 22:41:54",45
"2018-06-23 23:41:54",45
"2018-06-24 00:42:10",45
"2018-06-24 01:41:54",45
"2018-06-24 02:41:54",45
"2018-06-24 03:41:57",45
"2018-06-24 04:41:55",45
"2018-06-24 05:41:54",45
"2018-06-24 06:41:55",45
"2018-06-24 07:41:55",45
"2018-06-24 08:41:54",45
"2018-06-24 09:41:54",45
"2018-06-24 10:42:22",45
"2018-06-24 11:41:55",45
"2018-06-24 12:41:55",45
"2018-06-24 13:41:54",45
"2018-06-24 14:42:01",45
"2018-06-24 15:42:06",45
"2018-06-24 16:41:54",45
"2018-06-24 17:41:54",45
"2018-06-24 18:41:54",45
"2018-06-24 19:41:55",45
"2018-06-24 20:41:54",45
"2018-06-24 21:41:54",45
"2018-06-24 22:41:54",45
"2018-06-24 23:41:55",45
"2018-06-25 00:41:54",45
"2018-06-25 01:41:55",45
"2018-06-25 02:41:55",45
"2018-06-25 03:41:59",45
"2018-06-25 04:41:56",45
"2018-06-25 05:41:56",45
"2018-06-25 06:41:55",45
"2018-06-25 07:41:54",45
"2018-06-25 08:41:55",45
"2018-06-25 09:41:55",45
"2018-06-25 10:41:54",45
"2018-06-25 11:41:54",45
"2018-06-25 12:41:54",45
"2018-06-25 13:41:56",45
"2018-06-25 14:41:55",45
"2018-06-25 15:41:54",45
"2018-06-25 16:41:54",45
"2018-06-25 17:41:55",45
"2018-06-25 18:41:55",45
"2018-06-25 19:41:55",45
"2018-06-25 20:41:55",45
"2018-06-25 21:41:55",45
"2018-06-25 22:41:54",45
"2018-06-26 01:10:20",45
"2018-06-26 01:41:55",45
"2018-06-26 02:41:55",45
"2018-06-26 03:42:00",45
"2018-06-26 04:42:01",45
"2018-06-26 05:41:55",45
"2018-06-26 06:41:54",45
"2018-06-26 07:41:55",45
"2018-06-26 08:41:55",45
"2018-06-26 09:41:56",45
"2018-06-26 10:41:56",45
"2018-06-26 11:41:58",45
"2018-06-26 12:42:02",45
"2018-06-26 13:41:57",45
"2018-06-26 14:41:55",45
"2018-06-26 15:42:05",45
"2018-06-26 16:41:55",45
"2018-06-26 17:41:54",45
"2018-06-26 18:41:55",45
"2018-06-26 19:41:55",45
"2018-06-26 20:41:55",45
"2018-06-26 21:41:55",45
"2018-06-26 22:41:54",45
"2018-06-26 23:41:54",45
"2018-06-27 00:41:55",45
"2018-06-27 01:41:54",45
"2018-06-27 02:41:55",45
"2018-06-27 03:41:55",45
"2018-06-27 04:41:58",45
"2018-06-27 05:41:57",45
"2018-06-27 06:41:55",45
"2018-06-27 07:41:54",45
"2018-06-27 08:41:54",45
"2018-06-27 09:41:55",45
"2018-06-27 10:41:54",45
"2018-06-27 11:41:54",45
"2018-06-27 12:41:55",45
"2018-06-27 13:42:07",45
"2018-06-27 14:42:06",45
"2018-06-27 15:42:06",45
"2018-06-27 16:41:57",45
"2018-06-27 17:41:55",45
"2018-06-27 18:41:56",45
"2018-06-27 19:41:57",45
"2018-06-27 20:41:55",45
"2018-06-27 21:41:55",45
"2018-06-27 22:41:55",45
"2018-06-27 23:41:55",45
"2018-06-28 00:41:56",45
"2018-06-28 01:41:55",45
"2018-06-28 02:41:56",45
"2018-06-28 03:42:04",45
"2018-06-28 04:42:02",45
"2018-06-28 05:42:01",45
"2018-06-28 06:41:56",45
"2018-06-28 07:41:56",45
"2018-06-28 08:41:56",45
"2018-06-28 09:41:55",45
"2018-06-28 10:41:55",45
"2018-06-28 11:41:54",45
"2018-06-28 12:41:54",45
"2018-06-28 13:41:57",45
"2018-06-28 14:42:05",45
"2018-06-28 15:42:06",45
"2018-06-28 16:41:55",45
"2018-06-28 17:41:57",45
"2018-06-28 18:41:55",45
"2018-06-28 19:41:59",45
"2018-06-28 20:41:56",44
"2018-06-28 21:41:56",44
"2018-06-28 22:41:55",44
"2018-06-28 23:41:56",44
"2018-06-29 00:41:56",44
"2018-06-29 01:41:55",44
"2018-06-29 02:41:55",44
"2018-06-29 03:42:02",44
"2018-06-29 04:41:58",44
"2018-06-29 05:41:56",44
"2018-06-29 06:41:57",44
"2018-06-29 07:41:56",44
"2018-06-29 08:41:57",44
"2018-06-29 09:41:56",44
"2018-06-29 10:41:55",44
"2018-06-29 11:41:56",44
"2018-06-29 12:41:58",44
"2018-06-29 13:41:57",44
"2018-06-29 14:41:56",44
"2018-06-29 15:41:56",44
"2018-06-29 16:41:56",44
"2018-06-29 17:41:55",44
"2018-06-29 18:41:56",44
"2018-06-29 19:41:58",44
"2018-06-29 20:41:55",44
"2018-06-29 21:41:57",44
"2018-06-29 22:41:56",44
"2018-06-29 23:41:57",44
"2018-06-30 00:41:57",44
"2018-06-30 01:41:55",44
"2018-06-30 02:41:56",44
"2018-06-30 03:42:02",44
"2018-06-30 04:42:00",44
"2018-06-30 05:41:59",44
"2018-06-30 06:41:57",44
"2018-06-30 07:41:55",44
"2018-06-30 08:41:55",44
"2018-06-30 09:41:55",44
"2018-06-30 10:41:57",44
"2018-06-30 11:41:57",44
"2018-06-30 12:41:59",44
"2018-06-30 13:42:05",44
"2018-06-30 14:41:57",44
"2018-06-30 15:42:02",44
"2018-06-30 16:42:00",44
"2018-06-30 17:41:55",44
"2018-06-30 18:41:55",44
"2018-06-30 19:42:04",44
"2018-06-30 20:41:55",44
"2018-06-30 21:41:55",44
"2018-06-30 22:41:55",44
"2018-06-30 23:41:56",44
"2018-07-01 00:41:55",44
"2018-07-01 01:41:56",44
"2018-07-01 02:41:56",44
"2018-07-01 03:41:56",44
"2018-07-01 04:41:55",44
"2018-07-01 05:41:56",44
"2018-07-01 06:41:56",44
"2018-07-01 07:41:55",44
"2018-07-01 08:41:55",44
"2018-07-01 09:41:56",44
"2018-07-01 10:41:56",44
"2018-07-01 11:41:56",44
"2018-07-01 12:41:56",44
"2018-07-01 13:41:56",44
"2018-07-01 14:41:56",44
"2018-07-01 15:41:56",44
"2018-07-01 16:41:57",44
"2018-07-01 17:41:56",44
"2018-07-01 18:41:56",44
"2018-07-01 19:41:58",44
"2018-07-01 20:41:56",44
"2018-07-01 21:41:56",44
"2018-07-01 22:41:55",44
"2018-07-01 23:41:56",44
"2018-07-02 00:41:56",44
"2018-07-02 01:41:57",44
"2018-07-02 02:41:56",44
"2018-07-02 03:41:55",44
"2018-07-02 04:41:55",44
"2018-07-02 05:41:56",44
"2018-07-02 06:41:56",44
"2018-07-02 07:41:56",44
"2018-07-02 08:41:57",44
"2018-07-02 09:41:56",44
"2018-07-02 10:41:56",44
"2018-07-02 11:41:55",44
"2018-07-02 12:41:56",44
"2018-07-02 13:41:56",44
"2018-07-02 14:41:55",44
"2018-07-02 15:41:56",43
"2018-07-02 16:41:56",43
"2018-07-02 17:41:56",43
"2018-07-02 18:41:55",43
"2018-07-02 19:41:57",43
"2018-07-02 20:41:55",43
"2018-07-02 21:41:55",43
"2018-07-02 22:41:56",43
"2018-07-02 23:41:56",43
"2018-07-03 00:41:55",43
"2018-07-03 01:41:56",43
"2018-07-03 02:41:55",43
"2018-07-03 03:41:55",43
"2018-07-03 04:41:56",43
"2018-07-03 05:41:56",43
"2018-07-03 06:41:55",43
"2018-07-03 07:41:55",43
"2018-07-03 08:41:56",43
"2018-07-03 09:41:56",43
"2018-07-03 10:41:55",43
"2018-07-03 11:41:56",43
"2018-07-03 12:41:56",43
"2018-07-03 13:41:56",43
"2018-07-03 14:41:56",43
"2018-07-03 15:41:55",43
"2018-07-03 16:41:55",43
"2018-07-03 17:41:56",43
"2018-07-03 18:41:55",43
"2018-07-03 19:41:58",43
"2018-07-03 20:41:55",43
"2018-07-03 21:41:55",43
"2018-07-03 22:41:55",43
"2018-07-03 23:41:55",43
"2018-07-04 00:41:55",43
"2018-07-04 01:41:56",43
"2018-07-04 02:41:56",43
"2018-07-04 03:41:56",43
"2018-07-04 04:41:55",43
"2018-07-04 05:41:55",43
"2018-07-04 06:41:56",43
"2018-07-04 07:41:56",43
"2018-07-04 08:41:56",43
"2018-07-04 09:41:56",43
"2018-07-04 10:41:56",43
"2018-07-04 11:41:55",43
"2018-07-04 12:41:55",43
"2018-07-04 13:41:56",43
"2018-07-04 14:41:56",43
"2018-07-04 15:41:55",43
"2018-07-04 16:41:56",43
"2018-07-04 17:41:56",43
"2018-07-04 18:41:55",43
"2018-07-04 19:41:56",43
"2018-07-04 20:41:56",43
"2018-07-04 21:41:56",43
"2018-07-04 22:41:55",43
"2018-07-04 23:41:55",43
"2018-07-05 00:41:55",43
"2018-07-05 01:41:55",43
"2018-07-05 02:41:56",43
"2018-07-05 03:41:56",43
"2018-07-05 04:41:56",43
"2018-07-05 05:41:55",43
"2018-07-05 06:41:55",43
"2018-07-05 07:41:56",43
"2018-07-05 08:41:56",43
"2018-07-05 09:41:55",43
"2018-07-05 10:41:56",43
"2018-07-05 11:41:56",43
"2018-07-05 12:41:55",43
"2018-07-05 13:41:56",43
"2018-07-05 14:41:56",45
"2018-07-05 15:41:56",45
"2018-07-05 16:41:55",46
"2018-07-05 17:41:58",46
"2018-07-05 18:41:55",46
"2018-07-05 19:41:59",47
"2018-07-05 20:41:55",48
"2018-07-05 21:41:56",48
"2018-07-05 22:41:56",48
"2018-07-05 23:41:55",48
"2018-07-06 00:41:55",48
"2018-07-06 01:41:56",48
"2018-07-06 02:41:55",48
"2018-07-06 03:41:56",48
"2018-07-06 04:41:56",48
"2018-07-06 05:41:55",48
"2018-07-06 06:41:55",48
"2018-07-06 07:41:56",48
"2018-07-06 08:41:56",48
"2018-07-06 09:41:55",48
"2018-07-06 10:41:56",48
"2018-07-06 11:41:58",48
"2018-07-06 12:41:56",48
"2018-07-06 13:41:57",48
"2018-07-06 14:41:57",48
"2018-07-06 15:41:57",47
"2018-07-06 16:41:57",48
"2018-07-06 17:41:57",48
"2018-07-06 18:41:55",48
"2018-07-06 19:42:00",48
"2018-07-06 20:41:56",48
"2018-07-06 21:41:56",48
"2018-07-06 22:41:55",48
"2018-07-06 23:41:55",48
"2018-07-07 00:41:56",48
"2018-07-07 01:41:55",48
"2018-07-07 02:41:56",48
"2018-07-07 03:41:56",48
"2018-07-07 04:41:56",48
"2018-07-07 05:41:55",48
"2018-07-07 06:41:56",48
"2018-07-07 07:41:56",48
"2018-07-07 08:41:56",48
"2018-07-07 09:41:55",48
"2018-07-07 10:41:56",48
"2018-07-07 11:41:56",48
"2018-07-07 12:41:56",48
"2018-07-07 13:41:56",48
"2018-07-07 14:41:56",48
"2018-07-07 15:41:56",48
"2018-07-07 16:41:57",48
"2018-07-07 17:41:56",48
"2018-07-07 18:41:57",48
"2018-07-07 19:41:59",48
"2018-07-07 20:41:56",48
"2018-07-07 21:41:55",48
"2018-07-07 22:41:56",48
"2018-07-07 23:41:56",48
"2018-07-08 00:41:56",48
"2018-07-08 01:41:56",48
"2018-07-08 02:41:57",48
"2018-07-08 03:41:57",48
"2018-07-08 04:41:56",48
"2018-07-08 05:41:56",48
"2018-07-08 06:41:56",48
"2018-07-08 07:41:56",48
"2018-07-08 08:41:55",48
"2018-07-08 09:41:56",48
"2018-07-08 10:41:55",48
"2018-07-08 11:41:56",48
"2018-07-08 12:41:56",48
"2018-07-08 13:41:55",48
"2018-07-08 14:41:55",48
"2018-07-08 15:41:56",48
"2018-07-08 16:41:56",48
"2018-07-08 17:41:55",48
"2018-07-08 18:41:56",48
"2018-07-08 19:42:01",48
"2018-07-08 20:41:57",48
"2018-07-08 21:41:56",48
"2018-07-08 22:41:56",48
"2018-07-08 23:41:55",48
"2018-07-09 00:41:56",48
"2018-07-09 01:41:56",48
"2018-07-09 02:41:56",48
"2018-07-09 03:41:57",48
"2018-07-09 04:41:55",48
"2018-07-09 05:41:56",48
"2018-07-09 06:41:55",48
"2018-07-09 07:41:55",48
"2018-07-09 08:41:57",48
"2018-07-09 09:41:56",48
"2018-07-09 10:41:56",48
"2018-07-09 11:41:55",48
"2018-07-09 12:41:56",48
"2018-07-09 13:42:00",48
"2018-07-09 14:41:56",48
"2018-07-09 15:41:56",48
"2018-07-09 16:41:56",47
"2018-07-09 17:41:57",47
"2018-07-09 18:41:58",47
"2018-07-09 19:42:08",47
"2018-07-09 20:41:57",47
"2018-07-09 21:41:57",47
"2018-07-09 22:41:57",47
"2018-07-09 23:41:57",47
"2018-07-10 00:41:57",47
"2018-07-10 01:41:59",47
"2018-07-10 02:41:57",47
"2018-07-10 03:41:57",47
"2018-07-10 04:41:57",47
"2018-07-10 05:41:57",47
"2018-07-10 06:41:57",47
"2018-07-10 07:41:57",47
"2018-07-10 08:41:57",47
"2018-07-10 09:41:57",47
"2018-07-10 10:41:56",47
"2018-07-10 11:41:57",47
"2018-07-10 12:41:56",47
"2018-07-10 13:42:01",47
"2018-07-10 14:41:59",47
"2018-07-10 15:41:57",47
"2018-07-10 16:41:57",47
"2018-07-10 17:41:58",47
"2018-07-10 18:41:56",47
"2018-07-10 19:42:02",47
"2018-07-10 20:41:57",47
"2018-07-10 21:41:57",47
"2018-07-10 22:42:00",47
"2018-07-10 23:41:57",47
"2018-07-11 00:41:58",47
"2018-07-11 01:41:58",47
"2018-07-11 02:41:57",47
"2018-07-11 03:41:57",47
"2018-07-11 04:41:58",47
"2018-07-11 05:41:58",47
"2018-07-11 06:41:58",47
"2018-07-11 07:41:57",47
"2018-07-11 08:41:57",47
"2018-07-11 09:41:57",47
"2018-07-11 10:41:57",47
"2018-07-11 11:41:57",47
"2018-07-11 12:41:56",47
"2018-07-11 13:41:58",47
"2018-07-11 14:41:58",47
"2018-07-11 15:41:58",47
"2018-07-11 16:41:57",47
"2018-07-11 17:41:56",47
"2018-07-11 18:41:57",47
"2018-07-11 19:41:59",47
"2018-07-11 20:41:57",46
"2018-07-11 21:41:57",46
"2018-07-11 22:41:57",46
"2018-07-11 23:41:58",46
"2018-07-12 00:41:57",46
"2018-07-12 01:41:56",46
"2018-07-12 02:41:58",46
"2018-07-12 03:41:57",46
"2018-07-12 04:41:58",46
"2018-07-12 05:41:57",46
"2018-07-12 06:41:57",46
"2018-07-12 07:41:57",46
"2018-07-12 08:41:57",46
"2018-07-12 09:41:58",46
"2018-07-12 10:41:56",46
"2018-07-12 11:41:56",46
"2018-07-12 12:41:57",46
"2018-07-12 13:41:59",46
"2018-07-12 14:41:58",46
"2018-07-12 15:41:58",46
"2018-07-12 16:41:59",46
"2018-07-12 17:41:57",46
"2018-07-12 18:41:58",46
"2018-07-12 19:42:06",46
"2018-07-12 20:41:57",46
"2018-07-12 21:41:56",46
"2018-07-12 22:41:57",46
"2018-07-12 23:41:58",46
"2018-07-13 00:41:57",46
"2018-07-13 01:41:57",46
"2018-07-13 02:41:57",46
"2018-07-13 03:41:58",46
"2018-07-13 04:41:58",46
"2018-07-13 05:41:58",46
"2018-07-13 06:41:57",46
"2018-07-13 07:41:57",46
"2018-07-13 08:41:58",46
"2018-07-13 09:41:57",46
"2018-07-13 10:41:56",46
"2018-07-13 11:41:56",46
"2018-07-13 12:41:57",46
"2018-07-13 13:42:00",46
"2018-07-13 14:41:58",47
"2018-07-13 15:41:58",47
"2018-07-13 16:41:57",47
"2018-07-13 17:41:57",47
"2018-07-13 18:41:57",47
"2018-07-13 19:41:58",47
"2018-07-13 20:41:57",47
"2018-07-13 21:41:56",47
"2018-07-13 22:41:57",47
"2018-07-13 23:41:58",47
"2018-07-14 00:41:57",47
"2018-07-14 01:41:56",47
"2018-07-14 02:41:57",47
"2018-07-14 03:41:57",47
"2018-07-14 04:41:57",47
"2018-07-14 05:41:56",47
"2018-07-14 06:41:57",47
"2018-07-14 07:41:56",47
"2018-07-14 08:41:56",47
"2018-07-14 09:41:57",47
"2018-07-14 10:41:57",47
"2018-07-14 11:41:57",47
"2018-07-14 12:41:57",47
"2018-07-14 13:41:58",47
"2018-07-14 14:41:57",47
"2018-07-14 15:41:57",47
"2018-07-14 16:41:57",47
"2018-07-14 17:41:57",47
"2018-07-14 18:41:57",47
"2018-07-14 19:41:59",47
"2018-07-14 20:41:57",47
"2018-07-14 21:41:57",47
"2018-07-14 22:41:58",47
"2018-07-14 23:41:57",47
"2018-07-15 00:41:56",47
"2018-07-15 01:41:57",47
"2018-07-15 02:41:58",47
"2018-07-15 03:41:57",47
"2018-07-15 04:41:57",47
"2018-07-15 05:41:57",47
"2018-07-15 06:41:57",47
"2018-07-15 07:41:57",47
"2018-07-15 08:41:56",47
"2018-07-15 09:41:57",47
"2018-07-15 10:41:57",47
"2018-07-15 11:41:56",47
"2018-07-15 12:41:57",47
"2018-07-15 13:41:57",47
"2018-07-15 14:41:56",47
"2018-07-15 15:41:58",47
"2018-07-15 16:41:58",47
"2018-07-15 17:41:57",47
"2018-07-15 18:41:57",47
"2018-07-15 19:42:02",47
"2018-07-15 20:41:57",47
"2018-07-15 21:42:00",47
"2018-07-15 22:41:57",47
"2018-07-15 23:41:58",47
"2018-07-16 00:41:57",47
"2018-07-16 01:41:57",47
"2018-07-16 02:41:57",47
"2018-07-16 03:41:58",47
"2018-07-16 04:41:58",47
"2018-07-16 05:41:57",47
"2018-07-16 06:41:58",47
"2018-07-16 07:41:58",47
"2018-07-16 08:41:59",47
"2018-07-16 09:41:56",47
"2018-07-16 10:41:57",47
"2018-07-16 11:41:57",47
"2018-07-16 12:41:56",47
"2018-07-16 13:42:01",47
"2018-07-16 14:41:57",48
"2018-07-16 15:42:00",48
"2018-07-16 16:41:59",48
"2018-07-16 17:41:59",48
"2018-07-16 18:41:58",48
"2018-07-16 19:42:18",48
"2018-07-16 20:41:58",49
"2018-07-16 21:41:59",49
"2018-07-16 22:41:58",49
"2018-07-16 23:41:58",49
"2018-07-17 00:42:07",49
"2018-07-17 01:41:59",49
"2018-07-17 02:41:58",49
"2018-07-17 03:41:58",49
"2018-07-17 04:41:59",49
"2018-07-17 05:41:59",49
"2018-07-17 06:41:58",49
"2018-07-17 07:42:03",49
"2018-07-17 08:41:58",49
"2018-07-17 09:41:58",49
"2018-07-17 10:41:58",49
"2018-07-17 11:41:58",49
"2018-07-17 12:41:58",49
"2018-07-17 13:42:00",49
"2018-07-17 14:41:59",49
"2018-07-17 15:41:58",49
"2018-07-17 16:41:59",49
"2018-07-17 17:41:58",49
"2018-07-17 18:41:59",49
"2018-07-17 19:42:09",49
"2018-07-17 20:41:58",49
"2018-07-17 21:41:58",49
"2018-07-17 22:41:57",49
"2018-07-17 23:42:00",49
"2018-07-18 00:42:00",49
"2018-07-18 01:41:59",49
"2018-07-18 02:42:04",49
"2018-07-18 03:42:00",49
"2018-07-18 04:42:00",49
"2018-07-18 05:42:01",49
"2018-07-18 06:41:59",49
"2018-07-18 07:41:59",49
"2018-07-18 08:41:59",49
"2018-07-18 09:41:59",49
"2018-07-18 10:41:59",49
"2018-07-18 11:41:59",49
"2018-07-18 12:41:58",49
"2018-07-18 13:42:01",49
"2018-07-18 14:42:01",49
"2018-07-18 15:42:00",49
"2018-07-18 16:42:01",49
"2018-07-18 17:42:01",49
"2018-07-18 18:42:00",49
"2018-07-18 19:42:08",49
"2018-07-18 20:42:00",49
"2018-07-18 21:42:00",49
"2018-07-18 22:42:00",49
"2018-07-18 23:42:00",49
"2018-07-19 00:42:00",49
"2018-07-19 01:42:00",49
"2018-07-19 02:42:01",49
"2018-07-19 03:42:03",49
"2018-07-19 04:42:03",49
"2018-07-19 05:42:02",49
"2018-07-19 06:42:02",49
"2018-07-19 07:42:08",49
"2018-07-19 08:42:01",49
"2018-07-19 09:42:00",49
"2018-07-19 10:42:00",49
"2018-07-19 11:42:00",49
"2018-07-19 12:42:00",49
"2018-07-19 13:42:03",49
"2018-07-19 14:42:01",49
"2018-07-19 15:42:01",49
"2018-07-19 16:42:01",49
"2018-07-19 17:42:01",49
"2018-07-19 18:42:01",49
"2018-07-19 19:42:03",49
"2018-07-19 20:42:01",49
"2018-07-19 21:42:00",49
"2018-07-19 22:42:01",49
"2018-07-19 23:42:02",49
"2018-07-20 00:42:01",49
"2018-07-20 01:42:01",49
"2018-07-20 02:42:01",49
"2018-07-20 03:42:03",49
"2018-07-20 04:42:03",49
"2018-07-20 05:42:03",49
"2018-07-20 06:42:02",49
"2018-07-20 07:42:02",49
"2018-07-20 08:42:00",49
"2018-07-20 09:42:09",49
"2018-07-20 10:42:00",49
"2018-07-20 11:42:00",49
"2018-07-20 12:41:59",49
"2018-07-20 14:05:34",49
"2018-07-20 14:42:01",49
"2018-07-20 15:42:01",49
"2018-07-20 16:42:01",49
"2018-07-20 17:42:00",49
"2018-07-20 18:42:02",49
"2018-07-20 19:42:08",49
"2018-07-20 20:42:00",49
"2018-07-20 21:42:00",49
"2018-07-20 22:41:59",49
"2018-07-20 23:42:02",49
"2018-07-21 00:42:01",49
"2018-07-21 01:42:01",49
"2018-07-21 02:42:02",49
"2018-07-21 03:42:05",49
"2018-07-21 04:42:01",49
"2018-07-21 05:42:00",49
"2018-07-21 06:42:00",49
"2018-07-21 07:42:00",49
"2018-07-21 08:41:59",49
"2018-07-21 09:42:00",49
"2018-07-21 10:42:01",49
"2018-07-21 11:41:59",49
"2018-07-21 12:42:00",49
"2018-07-21 13:42:01",49
"2018-07-21 14:42:01",49
"2018-07-21 15:42:00",49
"2018-07-21 16:42:01",49
"2018-07-21 17:42:00",49
"2018-07-21 18:42:01",49
"2018-07-21 19:42:04",49
"2018-07-21 20:42:00",49
"2018-07-21 21:41:59",49
"2018-07-21 22:42:00",49
"2018-07-21 23:42:00",49
"2018-07-22 00:42:00",49
"2018-07-22 01:42:00",49
"2018-07-22 02:42:01",49
"2018-07-22 03:42:01",49
"2018-07-22 04:42:00",49
"2018-07-22 05:42:00",49
"2018-07-22 06:42:05",49
"2018-07-22 07:42:04",49
"2018-07-22 08:42:00",49
"2018-07-22 09:41:59",49
"2018-07-22 10:42:00",49
"2018-07-22 11:42:00",49
"2018-07-22 12:42:01",49
"2018-07-22 13:42:01",49
"2018-07-22 14:42:01",49
"2018-07-22 15:42:00",49
"2018-07-22 16:42:01",49
"2018-07-22 17:42:00",49
"2018-07-22 18:42:00",49
"2018-07-22 19:42:06",49
"2018-07-22 20:42:00",49
"2018-07-22 21:42:00",49
"2018-07-22 22:42:00",49
"2018-07-22 23:42:00",49
"2018-07-23 00:42:00",49
"2018-07-23 01:42:00",49
"2018-07-23 02:42:00",49
"2018-07-23 03:42:00",49
"2018-07-23 04:42:00",49
"2018-07-23 05:41:59",49
"2018-07-23 06:42:00",49
"2018-07-23 07:42:01",49
"2018-07-23 08:42:03",49
"2018-07-23 09:42:01",49
"2018-07-23 23:42:06",49
"2018-07-24 00:42:00",49
"2018-07-24 01:42:00",49
"2018-07-24 02:42:01",49
"2018-07-24 03:42:00",49
"2018-07-24 04:42:00",49
"2018-07-24 05:41:59",49
"2018-07-24 06:42:00",49
"2018-07-24 07:42:00",49
"2018-07-24 08:42:00",49
"2018-07-24 09:41:59",49
"2018-07-24 10:42:00",49
"2018-07-24 11:42:00",49
"2018-07-24 12:42:00",49
"2018-07-24 13:42:09",49
"2018-07-24 14:42:00",49
"2018-07-24 15:42:01",49
"2018-07-24 16:42:01",49
"2018-07-24 17:42:01",49
"2018-07-24 18:42:00",49
"2018-07-24 19:42:00",49
"2018-07-24 20:42:00",49
"2018-07-24 21:42:00",49
"2018-07-24 22:42:00",49
"2018-07-24 23:42:00",49
"2018-07-25 00:42:00",49
"2018-07-25 01:42:00",49
"2018-07-25 02:42:00",49
"2018-07-25 03:42:00",49
"2018-07-25 04:42:00",49
"2018-07-25 05:42:00",49
"2018-07-25 06:42:00",49
"2018-07-25 07:41:59",49
"2018-07-25 08:42:00",49
"2018-07-25 09:42:00",49
"2018-07-25 10:41:59",49
"2018-07-25 11:41:59",49
"2018-07-25 12:42:00",49
"2018-07-25 13:42:05",49
"2018-07-25 14:42:02",49
"2018-07-25 15:42:03",49
"2018-07-25 16:42:03",49
"2018-07-25 17:42:08",49
"2018-07-25 18:42:02",49
"2018-07-25 19:42:02",49
"2018-07-25 20:42:02",49
"2018-07-25 21:42:01",49
"2018-07-25 22:42:01",49
"2018-07-25 23:42:01",49
"2018-07-26 00:42:01",49
"2018-07-26 01:42:02",49
"2018-07-26 02:42:02",49
"2018-07-26 03:42:02",49
"2018-07-26 04:42:02",49
"2018-07-26 05:42:02",49
"2018-07-26 06:42:01",49
"2018-07-26 07:42:01",49
"2018-07-26 08:42:01",49
"2018-07-26 09:42:02",49
"2018-07-26 10:42:01",49
"2018-07-26 11:42:01",49
"2018-07-26 12:42:01",49
"2018-07-26 14:42:03",49
"2018-07-26 15:42:02",49
"2018-07-26 16:42:02",49
"2018-07-26 17:42:03",49
"2018-07-26 18:42:02",49
"2018-07-26 19:42:02",49
"2018-07-26 20:42:02",49
"2018-07-26 21:42:01",49
"2018-07-26 22:42:01",49
"2018-07-26 23:42:02",49
"2018-07-27 00:42:02",49
"2018-07-27 01:42:02",49
"2018-07-27 02:42:01",49
"2018-07-27 03:42:02",49
"2018-07-27 04:42:02",49
"2018-07-27 05:42:01",49
"2018-07-27 06:42:02",49
"2018-07-27 07:42:02",49
"2018-07-27 08:42:01",49
"2018-07-27 09:42:01",49
"2018-07-27 10:42:02",49
"2018-07-27 11:42:01",49
"2018-07-27 12:42:01",49
"2018-07-27 13:42:06",49
"2018-07-27 14:42:03",49
"2018-07-27 15:42:01",49
"2018-07-27 16:42:02",49
"2018-07-27 17:42:02",49
"2018-07-27 18:42:02",49
"2018-07-27 19:42:02",49
"2018-07-27 20:42:01",49
"2018-07-27 21:42:01",49
"2018-07-27 22:42:00",49
"2018-07-27 23:42:01",49
"2018-07-28 00:42:01",49
"2018-07-28 01:42:01",49
"2018-07-28 02:42:01",49
"2018-07-28 03:42:02",49
"2018-07-28 04:42:01",49
"2018-07-28 05:42:01",49
"2018-07-28 06:42:01",49
"2018-07-28 07:42:01",49
"2018-07-28 08:42:01",49
"2018-07-28 09:42:01",49
"2018-07-28 10:42:00",49
"2018-07-28 11:42:01",49
"2018-07-28 12:42:00",49
"2018-07-28 13:42:01",49
"2018-07-28 14:42:01",49
"2018-07-28 15:42:02",49
"2018-07-28 16:42:02",49
"2018-07-28 17:42:02",49
"2018-07-28 18:42:02",49
"2018-07-28 19:42:10",49
"2018-07-28 20:42:06",49
"2018-07-28 21:42:01",49
"2018-07-28 22:42:02",49
"2018-07-28 23:42:02",49
"2018-07-29 00:42:01",49
"2018-07-29 01:42:02",49
"2018-07-29 02:42:01",49
"2018-07-29 03:42:01",49
"2018-07-29 04:42:02",49
"2018-07-29 05:42:02",49
"2018-07-29 06:42:02",49
"2018-07-29 07:42:01",49
"2018-07-29 08:42:01",49
"2018-07-29 09:42:01",49
"2018-07-29 10:42:01",49
"2018-07-29 11:42:01",49
"2018-07-29 12:42:02",49
"2018-07-29 13:42:02",49
"2018-07-29 14:42:01",49
"2018-07-29 15:42:01",49
"2018-07-29 16:42:02",49
"2018-07-29 17:42:02",49
"2018-07-29 18:42:01",49
"2018-07-29 19:42:02",49
"2018-07-29 20:42:02",49
"2018-07-29 21:42:02",49
"2018-07-29 22:42:02",49
"2018-07-29 23:42:02",49
"2018-07-30 00:42:01",49
"2018-07-30 01:42:01",49
"2018-07-30 02:42:01",49
"2018-07-30 03:42:02",49
"2018-07-30 04:42:01",49
"2018-07-30 05:42:01",49
"2018-07-30 06:42:00",49
"2018-07-30 07:42:01",49
"2018-07-30 08:42:01",49
"2018-07-30 09:42:02",49
"2018-07-30 10:42:00",49
"2018-07-30 11:42:01",49
"2018-07-30 12:42:01",49
"2018-07-30 13:42:06",49
"2018-07-30 14:42:03",49
"2018-07-30 15:42:01",48
"2018-07-30 16:42:02",48
"2018-07-30 17:42:02",48
"2018-07-30 18:42:00",48
"2018-07-30 19:42:02",48
"2018-07-30 20:42:01",49
"2018-07-30 21:42:01",49
"2018-07-30 22:42:02",49
"2018-07-30 23:42:01",49
"2018-07-31 00:42:02",49
"2018-07-31 01:42:01",49
"2018-07-31 02:42:01",49
"2018-07-31 03:42:01",49
"2018-07-31 04:42:01",49
"2018-07-31 05:42:02",49
"2018-07-31 06:42:01",49
"2018-07-31 07:42:02",49
"2018-07-31 08:42:17",49
"2018-07-31 09:48:57",49
"2018-07-31 10:42:01",49
"2018-07-31 11:42:01",49
"2018-07-31 12:42:01",49
"2018-07-31 13:42:05",49
"2018-07-31 14:42:02",49
"2018-07-31 15:42:02",49
"2018-07-31 16:42:01",49
"2018-07-31 17:42:01",49
"2018-07-31 18:42:02",49
"2018-07-31 19:42:02",49
"2018-07-31 20:42:02",49
"2018-07-31 21:42:01",49
"2018-07-31 22:42:02",49
"2018-07-31 23:42:02",49
"2018-08-01 00:42:02",49
"2018-08-01 01:42:01",49
"2018-08-01 02:42:01",49
"2018-08-01 03:42:01",49
"2018-08-01 04:42:01",49
"2018-08-01 05:42:02",49
"2018-08-01 06:42:01",49
"2018-08-01 07:42:01",49
"2018-08-01 08:42:01",49
"2018-08-01 09:42:01",49
"2018-08-01 10:42:00",49
"2018-08-01 11:42:01",49
"2018-08-01 12:42:01",49
"2018-08-01 14:07:08",49
"2018-08-01 14:42:03",49
"2018-08-01 15:42:04",49
"2018-08-01 16:42:04",49
"2018-08-01 17:42:04",49
"2018-08-01 18:42:03",50
"2018-08-01 19:42:04",50
"2018-08-01 20:42:02",50
"2018-08-01 21:42:02",50
"2018-08-01 22:42:02",50
"2018-08-01 23:42:02",50
"2018-08-02 00:42:03",50
"2018-08-02 01:42:03",50
"2018-08-02 02:42:03",50
"2018-08-02 03:42:02",50
"2018-08-02 04:42:03",50
"2018-08-02 05:42:02",50
"2018-08-02 06:42:02",50
"2018-08-02 07:42:02",50
"2018-08-02 08:42:02",50
"2018-08-02 09:42:03",50
"2018-08-02 10:42:02",50
"2018-08-02 11:42:02",50
"2018-08-02 12:42:02",50
"2018-08-02 13:42:04",50
"2018-08-02 14:42:04",50
"2018-08-02 15:42:05",50
"2018-08-02 16:42:02",50
"2018-08-02 17:42:03",50
"2018-08-02 18:42:03",50
"2018-08-02 19:42:03",50
"2018-08-02 20:42:03",50
"2018-08-02 21:42:02",50
"2018-08-02 22:42:02",50
"2018-08-02 23:42:02",50
"2018-08-03 00:42:02",50
"2018-08-03 01:42:03",50
"2018-08-03 02:42:03",50
"2018-08-03 03:42:03",50
"2018-08-03 04:42:03",50
"2018-08-03 05:42:03",50
"2018-08-03 06:42:03",50
"2018-08-03 07:42:02",50
"2018-08-03 08:42:03",50
"2018-08-03 09:42:02",50
"2018-08-03 10:42:03",50
"2018-08-03 11:44:04",50
"2018-08-03 13:07:01",50
"2018-08-03 13:42:04",50
"2018-08-03 14:42:03",51
"2018-08-03 15:42:02",51
"2018-08-03 16:42:03",51
"2018-08-03 17:42:02",51
"2018-08-03 18:42:02",51
"2018-08-03 19:42:02",51
"2018-08-03 20:42:03",51
"2018-08-03 21:42:02",51
"2018-08-03 22:42:02",51
"2018-08-03 23:42:02",51
"2018-08-04 00:42:02",51
"2018-08-04 01:42:01",51
"2018-08-04 02:42:02",51
"2018-08-04 03:42:02",51
"2018-08-04 04:42:02",51
"2018-08-04 05:42:02",51
"2018-08-04 06:42:02",51
"2018-08-04 07:42:03",51
"2018-08-04 08:42:02",51
"2018-08-04 09:42:03",51
"2018-08-04 10:42:02",51
"2018-08-04 11:42:02",51
"2018-08-04 12:42:01",51
"2018-08-04 13:42:03",51
"2018-08-04 14:42:02",51
"2018-08-04 15:42:02",51
"2018-08-04 16:42:02",51
"2018-08-04 17:42:02",51
"2018-08-04 18:42:03",51
"2018-08-04 19:42:03",51
"2018-08-04 20:42:02",51
"2018-08-04 21:42:02",51
"2018-08-04 22:42:01",51
"2018-08-04 23:42:03",51
"2018-08-05 00:42:01",51
"2018-08-05 01:42:02",51
"2018-08-05 02:42:03",51
"2018-08-05 03:42:02",51
"2018-08-05 04:42:02",51
"2018-08-05 05:42:02",51
"2018-08-05 06:42:03",51
"2018-08-05 07:42:02",51
"2018-08-05 08:42:02",51
"2018-08-05 09:42:01",51
"2018-08-05 10:42:02",51
"2018-08-05 11:42:02",51
"2018-08-05 12:42:02",51
"2018-08-05 13:42:02",51
"2018-08-05 14:42:02",51
"2018-08-05 15:42:02",51
"2018-08-05 16:42:03",51
"2018-08-05 17:42:02",51
"2018-08-05 18:42:02",51
"2018-08-05 19:42:02",51
"2018-08-05 20:42:02",51
"2018-08-05 21:42:03",51
"2018-08-05 22:42:01",51
"2018-08-05 23:42:02",51
"2018-08-06 00:42:02",51
"2018-08-06 01:42:01",51
"2018-08-06 02:42:02",51
"2018-08-06 03:42:02",51
"2018-08-06 04:42:02",51
"2018-08-06 05:42:02",51
"2018-08-06 06:42:02",51
"2018-08-06 07:42:02",51
"2018-08-06 08:42:02",51
"2018-08-06 09:42:02",51
"2018-08-06 10:42:02",51
"2018-08-06 11:42:01",51
"2018-08-06 12:42:02",51
"2018-08-06 13:42:04",51
"2018-08-06 14:42:03",51
"2018-08-06 15:42:03",51
"2018-08-06 16:42:20",51
"2018-08-06 17:42:04",51
"2018-08-06 18:42:04",51
"2018-08-06 19:42:03",51
"2018-08-06 20:42:02",51
"2018-08-06 21:42:04",51
"2018-08-06 22:42:03",51
"2018-08-06 23:42:03",51
"2018-08-07 00:42:03",51
"2018-08-07 01:42:03",51
"2018-08-07 02:42:03",51
"2018-08-07 03:42:04",51
"2018-08-07 04:42:04",51
"2018-08-07 05:42:03",51
"2018-08-07 06:42:02",51
"2018-08-07 07:42:03",51
"2018-08-07 08:42:03",51
"2018-08-07 09:42:02",51
"2018-08-07 10:42:02",51
"2018-08-07 11:42:03",51
"2018-08-07 12:42:03",51
"2018-08-07 13:42:07",51
"2018-08-07 14:42:03",51
"2018-08-07 15:42:03",51
"2018-08-07 16:42:02",51
"2018-08-07 17:42:04",51
"2018-08-07 18:42:03",51
"2018-08-07 19:42:04",52
"2018-08-07 20:42:03",52
"2018-08-07 21:42:03",52
"2018-08-07 22:42:03",52
"2018-08-07 23:42:03",52
"2018-08-08 00:42:02",52
"2018-08-08 01:42:04",52
"2018-08-08 02:42:03",52
"2018-08-08 03:42:03",52
"2018-08-08 04:42:02",52
"2018-08-08 05:42:03",52
"2018-08-08 06:42:03",52
"2018-08-08 07:42:04",52
"2018-08-08 08:42:03",52
"2018-08-08 09:42:03",52
"2018-08-08 10:42:03",52
"2018-08-08 11:42:03",52
"2018-08-08 12:42:04",52
"2018-08-08 13:42:04",52
"2018-08-08 14:42:04",52
"2018-08-08 15:42:04",52
"2018-08-08 16:42:04",52
"2018-08-08 17:42:03",52
"2018-08-08 18:42:03",52
"2018-08-08 19:42:03",52
"2018-08-08 20:42:02",52
"2018-08-08 21:42:02",52
"2018-08-08 22:42:02",52
"2018-08-08 23:42:02",52
"2018-08-10 00:20:20",51
"2018-08-10 00:42:06",51
"2018-08-10 01:42:06",51
"2018-08-10 02:42:06",51
"2018-08-10 03:42:04",51
"2018-08-10 04:42:06",51
"2018-08-10 05:42:09",51
"2018-08-10 06:42:07",51
"2018-08-10 07:42:08",51
"2018-08-10 08:42:08",51
"2018-08-10 09:42:07",51
"2018-08-10 10:42:07",51
"2018-08-10 11:42:07",51
"2018-08-10 12:42:06",51
"2018-08-10 13:42:10",51
"2018-08-10 14:42:08",51
"2018-08-10 15:42:08",51
"2018-08-10 16:42:09",51
"2018-08-10 17:42:08",51
"2018-08-10 18:42:07",51
"2018-08-10 19:42:08",51
"2018-08-10 20:42:07",51
"2018-08-10 21:42:08",51
"2018-08-10 22:42:07",51
"2018-08-10 23:42:08",51
"2018-08-11 00:42:07",51
"2018-08-11 01:42:08",51
"2018-08-11 02:42:08",51
"2018-08-11 03:42:08",51
"2018-08-11 04:42:07",51
"2018-08-11 05:42:08",51
"2018-08-11 06:42:07",51
"2018-08-11 07:42:07",51
"2018-08-11 08:42:06",51
"2018-08-11 09:42:07",51
"2018-08-11 10:42:07",51
"2018-08-11 11:42:07",51
"2018-08-11 12:42:07",51
"2018-08-11 13:42:07",51
"2018-08-11 14:42:07",51
"2018-08-11 15:42:08",51
"2018-08-11 16:42:07",51
"2018-08-11 17:42:07",51
"2018-08-11 18:42:08",51
"2018-08-11 19:42:07",51
"2018-08-11 20:42:07",51
"2018-08-11 21:42:07",51
"2018-08-11 22:42:08",51
"2018-08-11 23:42:08",51
"2018-08-12 00:42:07",51
"2018-08-12 01:42:07",51
"2018-08-12 02:42:07",51
"2018-08-12 03:42:07",51
"2018-08-12 04:42:07",51
"2018-08-12 05:42:07",51
"2018-08-12 06:42:06",51
"2018-08-12 07:42:06",51
"2018-08-12 08:42:07",51
"2018-08-12 09:42:06",51
"2018-08-12 10:42:06",51
"2018-08-12 11:42:07",51
"2018-08-12 12:42:07",51
"2018-08-12 13:42:08",51
"2018-08-12 14:42:08",51
"2018-08-12 15:42:08",51
"2018-08-12 16:42:08",51
"2018-08-12 17:42:08",51
"2018-08-12 18:42:07",51
"2018-08-12 19:42:08",51
"2018-08-12 20:42:08",51
"2018-08-12 21:42:07",51
"2018-08-12 22:42:07",51
"2018-08-12 23:42:07",51
"2018-08-13 00:42:07",51
"2018-08-13 01:42:07",51
"2018-08-13 02:42:08",51
"2018-08-13 03:42:07",51
"2018-08-13 04:42:08",51
"2018-08-13 05:42:07",51
"2018-08-13 06:42:07",51
"2018-08-13 07:42:07",51
"2018-08-13 08:42:08",51
"2018-08-13 09:42:08",51
"2018-08-13 10:42:07",51
"2018-08-13 11:42:07",51
"2018-08-13 12:42:07",51
"2018-08-13 13:42:09",51
"2018-08-13 14:42:09",51
"2018-08-13 15:42:09",51
"2018-08-13 16:42:08",51
"2018-08-13 17:42:07",51
"2018-08-13 18:42:08",50
"2018-08-13 19:42:08",50
"2018-08-13 20:42:08",50
"2018-08-13 21:42:08",50
"2018-08-13 22:42:07",50
"2018-08-13 23:42:07",50
"2018-08-14 00:42:08",50
"2018-08-14 01:42:09",50
"2018-08-14 02:42:07",50
"2018-08-14 03:42:07",50
"2018-08-14 04:42:08",50
"2018-08-14 05:42:07",50
"2018-08-14 06:42:08",50
"2018-08-14 07:42:08",50
"2018-08-14 08:42:08",50
"2018-08-14 09:42:07",50
"2018-08-14 10:42:08",50
"2018-08-14 11:42:07",50
"2018-08-14 12:42:07",50
"2018-08-14 13:42:09",50
"2018-08-14 14:42:08",50
"2018-08-14 15:42:08",50
"2018-08-14 16:42:08",50
"2018-08-14 17:42:07",50
"2018-08-14 18:42:08",50
"2018-08-14 19:42:08",50
"2018-08-14 20:42:08",50
"2018-08-14 21:42:07",50
"2018-08-14 22:42:08",50
"2018-08-14 23:42:07",50
"2018-08-15 00:42:07",50
"2018-08-15 01:42:08",50
"2018-08-15 02:42:08",50
"2018-08-15 03:42:08",50
"2018-08-15 04:42:08",50
"2018-08-15 05:42:07",50
"2018-08-15 06:42:08",50
"2018-08-15 07:42:06",50
"2018-08-15 08:42:08",50
"2018-08-15 09:42:08",50
"2018-08-15 10:42:08",50
"2018-08-15 11:42:08",50
"2018-08-15 12:42:07",50
"2018-08-15 14:07:42",50
"2018-08-15 14:42:08",50
"2018-08-15 15:42:08",50
"2018-08-15 16:42:09",50
"2018-08-15 17:42:07",50
"2018-08-15 18:42:06",50
"2018-08-15 19:42:07",50
"2018-08-15 20:42:07",50
"2018-08-15 21:42:07",50
"2018-08-15 22:42:07",50
"2018-08-15 23:42:08",50
"2018-08-16 00:42:08",50
"2018-08-16 01:42:07",50
"2018-08-16 02:42:08",50
"2018-08-16 03:42:09",50
"2018-08-16 04:42:08",50
"2018-08-16 05:42:07",50
"2018-08-16 06:42:07",50
"2018-08-16 07:42:08",50
"2018-08-16 08:42:07",50
"2018-08-16 09:42:07",50
"2018-08-16 10:42:08",50
"2018-08-16 11:42:06",50
"2018-08-16 12:42:06",50
"2018-08-16 13:42:10",50
"2018-08-16 14:42:08",50
"2018-08-16 15:42:09",50
"2018-08-16 16:42:08",50
"2018-08-16 17:42:08",51
"2018-08-16 18:42:07",51
"2018-08-16 19:42:08",51
"2018-08-16 20:42:08",51
"2018-08-16 21:42:08",51
"2018-08-16 22:42:07",51
"2018-08-16 23:42:07",51
"2018-08-17 00:42:07",51
"2018-08-17 01:42:08",51
"2018-08-17 02:42:09",51
"2018-08-17 03:42:09",51
"2018-08-17 04:42:09",51
"2018-08-17 05:42:07",51
"2018-08-17 06:42:07",51
"2018-08-17 07:42:07",51
"2018-08-17 08:42:08",51
"2018-08-17 09:42:07",51
"2018-08-17 10:42:07",51
"2018-08-17 11:42:07",51
"2018-08-17 12:42:07",51
"2018-08-17 13:42:09",51
"2018-08-17 14:42:09",51
"2018-08-17 15:42:09",51
"2018-08-17 16:42:07",51
"2018-08-17 17:42:07",51
"2018-08-17 18:42:08",51
"2018-08-17 19:42:08",52
"2018-08-17 20:42:07",52
"2018-08-17 21:42:07",52
"2018-08-17 22:42:08",52
"2018-08-17 23:42:07",52
"2018-08-18 00:42:08",52
"2018-08-18 01:42:08",52
"2018-08-18 02:42:08",52
"2018-08-18 03:42:08",52
"2018-08-18 04:42:08",52
"2018-08-18 05:42:07",52
"2018-08-18 06:42:08",52
"2018-08-18 07:42:07",52
"2018-08-18 08:42:07",52
"2018-08-18 09:42:07",52
"2018-08-18 10:42:06",52
"2018-08-18 11:42:07",52
"2018-08-18 12:42:09",52
"2018-08-18 13:42:09",52
"2018-08-18 14:42:08",52
"2018-08-18 15:42:09",52
"2018-08-18 16:42:08",52
"2018-08-18 17:42:08",52
"2018-08-18 18:42:07",52
"2018-08-18 19:42:08",52
"2018-08-18 20:42:09",52
"2018-08-18 21:42:07",52
"2018-08-18 22:42:07",52
"2018-08-18 23:42:07",52
"2018-08-19 00:42:07",52
"2018-08-19 01:42:07",52
"2018-08-19 02:42:07",52
"2018-08-19 03:42:07",52
"2018-08-19 04:42:08",52
"2018-08-19 05:42:07",52
"2018-08-19 06:42:07",52
"2018-08-19 07:42:07",52
"2018-08-19 08:42:08",52
"2018-08-19 09:42:07",52
"2018-08-19 10:42:07",52
"2018-08-19 11:42:07",52
"2018-08-19 12:42:08",52
"2018-08-19 13:42:07",52
"2018-08-19 14:42:07",52
"2018-08-19 15:42:08",52
"2018-08-19 16:42:07",52
"2018-08-19 17:42:08",52
"2018-08-19 18:42:08",52
"2018-08-19 19:42:07",52
"2018-08-19 20:42:08",52
"2018-08-19 21:42:09",52
"2018-08-19 22:42:08",52
"2018-08-19 23:42:07",52
"2018-08-20 00:42:08",52
"2018-08-20 01:42:08",52
"2018-08-20 02:42:08",52
"2018-08-20 03:42:07",52
"2018-08-20 04:42:08",52
"2018-08-20 05:42:07",52
"2018-08-20 06:42:08",52
"2018-08-20 07:42:07",52
"2018-08-20 08:42:11",52
"2018-08-20 09:42:07",52
"2018-08-20 10:42:07",52
"2018-08-20 11:42:08",52
"2018-08-20 12:42:07",52
"2018-08-20 13:42:10",52
"2018-08-20 14:42:11",52
"2018-08-20 15:42:09",52
"2018-08-20 16:42:09",53
"2018-08-20 17:42:07",53
"2018-08-20 18:42:08",53
"2018-08-20 19:42:08",53
"2018-08-20 20:42:07",53
"2018-08-20 21:42:07",53
"2018-08-20 22:42:08",53
"2018-08-20 23:42:07",53
"2018-08-21 00:42:08",53
"2018-08-21 01:42:08",53
"2018-08-21 02:42:08",53
"2018-08-21 03:42:08",53
"2018-08-21 04:42:08",53
"2018-08-21 05:42:07",53
"2018-08-21 06:42:08",53
"2018-08-21 07:42:07",53
"2018-08-21 08:42:08",53
"2018-08-21 09:42:07",53
"2018-08-21 10:42:08",53
"2018-08-21 11:42:07",53
"2018-08-21 12:42:08",53
"2018-08-21 13:42:11",53
"2018-08-21 14:42:08",53
"2018-08-21 15:42:08",53
"2018-08-21 16:42:07",54
"2018-08-21 17:42:06",54
"2018-08-21 18:42:07",54
"2018-08-21 19:42:07",55
"2018-08-21 20:42:07",55
"2018-08-21 21:42:06",55
"2018-08-21 22:42:07",55
"2018-08-21 23:42:07",55
"2018-08-22 00:42:07",55
"2018-08-22 01:42:07",55
"2018-08-22 02:42:08",55
"2018-08-22 03:42:08",55
"2018-08-22 04:42:08",55
"2018-08-22 05:42:07",55
"2018-08-22 06:42:07",55
"2018-08-22 07:42:07",55
"2018-08-22 08:42:06",55
"2018-08-22 09:42:07",55
"2018-08-22 10:42:07",55
"2018-08-22 11:42:07",55
"2018-08-22 12:42:06",55
"2018-08-22 13:42:12",55
"2018-08-22 14:42:06",55
"2018-08-22 15:42:07",55
"2018-08-22 16:42:07",55
"2018-08-22 17:42:06",55
"2018-08-22 18:42:08",55
"2018-08-22 19:42:07",55
"2018-08-22 20:42:05",55
"2018-08-22 21:42:06",55
"2018-08-22 22:42:07",55
"2018-08-22 23:42:07",55
"2018-08-23 00:42:06",55
"2018-08-23 01:42:07",55
"2018-08-23 02:42:07",55
"2018-08-23 03:42:08",55
"2018-08-23 04:42:07",55
"2018-08-23 05:42:07",55
"2018-08-23 06:42:06",55
"2018-08-23 07:42:07",55
"2018-08-23 08:42:07",55
"2018-08-23 09:42:07",55
"2018-08-23 10:42:06",55
"2018-08-23 11:42:07",55
"2018-08-23 12:42:07",55
"2018-08-23 13:42:11",55
"2018-08-23 14:42:07",55
"2018-08-23 15:42:08",55
"2018-08-23 16:42:08",55
"2018-08-23 17:42:06",55
"2018-08-23 18:42:08",55
"2018-08-23 19:42:07",55
"2018-08-23 20:42:07",55
"2018-08-23 21:42:06",55
"2018-08-23 22:42:07",55
"2018-08-23 23:42:07",55
"2018-08-24 00:42:07",55
"2018-08-24 01:42:07",55
"2018-08-24 02:42:06",55
"2018-08-24 03:42:06",55
"2018-08-24 20:00:27",52
"2018-08-24 20:42:07",52
"2018-08-24 21:42:07",52
"2018-08-24 22:42:07",52
"2018-08-24 23:42:06",52
"2018-08-25 00:42:07",52
"2018-08-25 01:42:07",52
"2018-08-25 02:42:07",52
"2018-08-25 03:42:07",52
"2018-08-25 04:42:07",52
"2018-08-25 05:42:07",52
"2018-08-25 06:42:07",52
"2018-08-25 07:42:06",52
"2018-08-25 08:42:07",52
"2018-08-25 09:42:06",52
"2018-08-25 10:42:07",52
"2018-08-25 11:42:06",52
"2018-08-25 12:42:07",52
"2018-08-25 13:42:08",52
"2018-08-25 14:42:07",52
"2018-08-25 15:42:07",52
"2018-08-25 16:42:07",52
"2018-08-25 17:42:08",52
"2018-08-25 18:42:07",52
"2018-08-25 19:42:07",52
"2018-08-25 20:42:07",52
"2018-08-25 21:42:07",52
"2018-08-25 22:42:07",52
"2018-08-25 23:42:07",52
"2018-08-26 00:42:07",52
"2018-08-26 01:42:07",52
"2018-08-26 02:42:07",52
"2018-08-26 03:42:07",52
"2018-08-26 04:42:06",52
"2018-08-26 05:42:06",52
"2018-08-26 06:42:07",52
"2018-08-26 07:42:07",52
"2018-08-26 08:42:06",52
"2018-08-26 09:42:06",52
"2018-08-26 10:42:07",52
"2018-08-26 11:42:07",52
"2018-08-26 12:42:07",52
"2018-08-26 13:42:07",52
"2018-08-26 14:42:06",52
"2018-08-26 15:42:06",52
"2018-08-26 16:42:07",52
"2018-08-26 17:42:06",52
"2018-08-26 18:42:06",52
"2018-08-26 19:42:06",52
"2018-08-26 20:42:07",52
"2018-08-26 21:42:06",52
"2018-08-26 22:42:07",52
"2018-08-26 23:42:07",52
"2018-08-27 00:42:07",52
"2018-08-27 01:42:07",52
"2018-08-27 02:42:07",52
"2018-08-27 03:42:07",52
"2018-08-27 04:42:07",52
"2018-08-27 05:42:07",52
"2018-08-27 06:42:07",52
"2018-08-27 07:42:06",52
"2018-08-27 08:42:07",52
"2018-08-27 09:42:06",52
"2018-08-27 10:42:07",52
"2018-08-27 11:42:06",52
"2018-08-27 12:42:07",52
"2018-08-27 14:06:10",52
"2018-08-27 14:42:08",52
"2018-08-27 15:42:08",53
"2018-08-27 16:42:08",53
"2018-08-27 17:42:08",52
"2018-08-27 18:42:07",52
"2018-08-27 19:42:08",52
"2018-08-27 20:42:07",53
"2018-08-27 21:42:07",53
"2018-08-27 22:42:07",53
"2018-08-27 23:42:07",53
"2018-08-28 00:42:07",53
"2018-08-28 01:42:08",53
"2018-08-28 02:42:06",53
"2018-08-28 03:42:06",53
"2018-08-28 04:42:07",53
"2018-08-28 05:42:07",53
"2018-08-28 06:42:07",53
"2018-08-28 07:42:06",53
"2018-08-28 08:42:06",53
"2018-08-28 09:42:07",53
"2018-08-28 10:42:07",53
"2018-08-28 11:42:07",53
"2018-08-28 12:42:07",53
"2018-08-28 13:42:21",53
"2018-08-28 14:42:18",53
"2018-08-28 15:42:19",52
"2018-08-28 16:42:19",52
"2018-08-28 17:42:19",52
"2018-08-28 18:42:21",52
"2018-08-28 19:42:19",51
"2018-08-28 20:42:19",51
"2018-08-28 21:42:19",51
"2018-08-28 22:42:19",51
"2018-08-28 23:42:18",51
"2018-08-29 00:42:19",51
"2018-08-29 01:42:19",51
"2018-08-29 02:42:18",51
"2018-08-29 03:42:18",51
"2018-08-29 04:42:18",51
"2018-08-29 05:42:18",51
"2018-08-29 06:42:17",51
"2018-08-29 07:42:18",51
"2018-08-29 08:42:18",51
"2018-08-29 09:42:18",51
"2018-08-29 10:42:18",51
"2018-08-29 11:42:17",51
"2018-08-29 12:42:19",51
"2018-08-29 14:05:55",51
"2018-08-29 14:42:20",51
"2018-08-29 15:42:19",51
"2018-08-29 16:42:19",51
"2018-08-29 17:42:20",51
"2018-08-29 18:42:21",51
"2018-08-29 19:42:19",51
"2018-08-29 20:42:18",51
"2018-08-29 21:42:18",51
"2018-08-29 22:42:18",51
"2018-08-29 23:42:18",51
"2018-08-30 00:43:04",51
"2018-08-30 01:43:03",51
"2018-08-30 02:42:19",51
"2018-08-30 03:42:19",51
"2018-08-30 04:42:18",51
"2018-08-30 05:42:18",51
"2018-08-30 06:42:18",51
"2018-08-30 07:42:18",51
"2018-08-30 08:42:23",51
"2018-08-30 09:42:18",51
"2018-08-30 10:42:19",51
"2018-08-30 11:42:18",51
"2018-08-30 12:42:18",51
"2018-08-30 13:42:22",51
"2018-08-30 14:42:19",51
"2018-08-30 15:42:18",51
"2018-08-30 16:42:19",51
"2018-08-30 17:42:18",51
"2018-08-30 18:42:20",51
"2018-08-30 19:42:19",51
"2018-08-30 20:42:17",51
"2018-08-30 21:42:18",51
"2018-08-30 22:42:18",51
"2018-08-30 23:42:18",51
"2018-08-31 00:42:19",51
"2018-08-31 01:42:18",51
"2018-08-31 02:42:18",51
"2018-08-31 03:42:19",51
"2018-08-31 04:42:19",51
"2018-08-31 05:42:18",51
"2018-08-31 06:42:19",51
"2018-08-31 07:42:18",51
"2018-08-31 08:42:18",51
"2018-08-31 09:42:19",51
"2018-08-31 10:42:18",51
"2018-08-31 11:42:19",51
"2018-08-31 12:42:19",51
"2018-08-31 13:42:21",51
"2018-08-31 14:42:19",51
"2018-08-31 15:42:19",51
"2018-08-31 16:42:18",51
"2018-08-31 17:42:19",51
"2018-08-31 18:42:19",51
"2018-08-31 19:42:19",51
"2018-08-31 20:42:20",51
"2018-08-31 21:42:18",51
"2018-08-31 22:42:18",51
"2018-08-31 23:42:18",51
"2018-09-01 00:42:19",51
"2018-09-01 01:42:18",51
"2018-09-01 02:42:19",51
"2018-09-01 03:42:18",51
"2018-09-01 04:42:19",51
"2018-09-01 05:42:19",51
"2018-09-01 06:42:19",51
"2018-09-01 07:42:19",51
"2018-09-01 08:42:19",51
"2018-09-01 09:42:18",51
"2018-09-01 10:42:18",51
"2018-09-01 11:42:18",51
"2018-09-01 12:42:19",51
"2018-09-01 13:42:20",51
"2018-09-01 14:42:20",51
"2018-09-01 15:42:18",51
"2018-09-01 16:42:18",51
"2018-09-01 17:42:17",51
"2018-09-01 18:42:19",51
"2018-09-01 19:42:18",51
"2018-09-01 20:42:18",51
"2018-09-01 21:42:18",51
"2018-09-01 22:42:19",51
"2018-09-01 23:42:18",51
"2018-09-02 00:42:18",51
"2018-09-02 01:42:18",51
"2018-09-02 02:42:19",51
"2018-09-02 03:42:20",51
"2018-09-02 04:42:19",51
"2018-09-02 05:42:19",51
"2018-09-02 06:42:19",51
"2018-09-02 07:42:18",51
"2018-09-02 08:42:18",51
"2018-09-02 09:42:18",51
"2018-09-02 10:42:18",51
"2018-09-02 11:42:19",51
"2018-09-02 12:42:18",51
"2018-09-02 13:42:19",51
"2018-09-02 14:42:19",51
"2018-09-02 15:42:19",51
"2018-09-02 16:42:19",51
"2018-09-02 17:42:19",51
"2018-09-02 18:42:18",51
"2018-09-02 19:42:18",51
"2018-09-02 20:42:18",51
"2018-09-02 21:42:19",51
"2018-09-02 22:42:19",51
"2018-09-02 23:42:19",51
"2018-09-03 00:42:18",51
"2018-09-03 01:42:19",51
"2018-09-03 02:42:19",51
"2018-09-03 03:42:18",51
"2018-09-03 04:42:19",51
"2018-09-03 05:42:18",51
"2018-09-03 06:42:18",51
"2018-09-03 07:42:18",51
"2018-09-03 08:42:22",51
"2018-09-03 09:42:19",51
"2018-09-03 10:42:18",51
"2018-09-03 11:42:19",51
"2018-09-03 12:42:18",51
"2018-09-03 13:42:19",51
"2018-09-03 14:42:18",51
"2018-09-03 15:42:18",51
"2018-09-03 16:42:18",51
"2018-09-03 17:42:18",51
"2018-09-03 18:42:19",51
"2018-09-03 19:42:17",51
"2018-09-03 20:42:19",51
"2018-09-03 21:42:18",51
"2018-09-03 22:42:19",51
"2018-09-03 23:42:17",51
"2018-09-04 00:42:19",51
"2018-09-04 01:42:19",51
"2018-09-04 02:42:18",51
"2018-09-04 03:42:19",51
"2018-09-04 04:42:18",51
"2018-09-04 05:42:18",51
"2018-09-04 06:42:18",51
"2018-09-04 07:42:20",51
"2018-09-04 08:42:19",51
"2018-09-04 09:42:18",51
"2018-09-04 10:42:19",51
"2018-09-04 11:42:17",51
"2018-09-04 12:42:18",51
"2018-09-04 13:42:22",51
"2018-09-04 14:42:20",51
"2018-09-04 15:42:19",52
"2018-09-04 16:42:19",52
"2018-09-04 17:42:19",52
"2018-09-04 18:42:20",52
"2018-09-04 19:42:21",52
"2018-09-04 20:42:19",52
"2018-09-04 21:42:18",52
"2018-09-04 22:42:19",52
"2018-09-04 23:42:18",52
"2018-09-05 00:42:19",52
"2018-09-05 01:42:19",52
"2018-09-05 02:42:19",52
"2018-09-05 03:42:17",52
"2018-09-05 04:42:18",52
"2018-09-05 05:42:18",52
"2018-09-05 06:42:18",52
"2018-09-05 07:42:19",52
"2018-09-05 08:42:19",52
"2018-09-05 09:42:18",52
"2018-09-05 10:42:18",52
"2018-09-05 11:42:22",52
"2018-09-05 12:42:17",52
"2018-09-05 13:42:27",52
"2018-09-05 14:42:21",52
"2018-09-05 15:42:20",53
"2018-09-05 16:42:20",53
"2018-09-05 17:42:20",53
"2018-09-05 18:42:20",53
"2018-09-05 19:42:20",53
"2018-09-05 20:42:18",53
"2018-09-05 21:42:18",53
"2018-09-05 22:42:18",53
"2018-09-05 23:42:19",53
"2018-09-06 00:42:19",53
"2018-09-06 01:42:18",53
"2018-09-06 02:42:19",53
"2018-09-06 03:42:19",53
"2018-09-06 04:42:19",53
"2018-09-06 05:42:20",53
"2018-09-06 06:42:18",53
"2018-09-06 07:42:18",53
"2018-09-06 08:42:19",53
"2018-09-06 09:42:18",53
"2018-09-06 10:42:18",53
"2018-09-06 11:42:19",53
"2018-09-06 13:07:23",54
"2018-09-06 13:42:25",54
"2018-09-06 14:42:20",54
"2018-09-06 15:42:20",54
"2018-09-06 16:42:20",54
"2018-09-06 17:42:20",54
"2018-09-06 18:42:20",54
"2018-09-06 19:42:20",54
"2018-09-06 20:42:19",54
"2018-09-06 21:42:18",54
"2018-09-06 22:42:19",54
"2018-09-06 23:42:21",54
"2018-09-07 00:42:20",54
"2018-09-07 01:42:20",54
"2018-09-07 02:42:20",54
"2018-09-07 03:42:20",54
"2018-09-07 04:42:19",54
"2018-09-07 05:42:22",54
"2018-09-07 06:42:22",54
"2018-09-07 08:42:21",54
"2018-09-07 09:42:21",54
"2018-09-07 10:42:21",54
"2018-09-07 11:42:20",54
"2018-09-07 12:42:20",54
"2018-09-07 13:42:24",54
"2018-09-07 14:42:20",54
"2018-09-07 15:42:20",54
"2018-09-07 16:42:21",54
"2018-09-07 17:42:21",54
"2018-09-07 18:42:19",54
"2018-09-07 19:42:19",54
"2018-09-07 20:42:19",54
"2018-09-07 21:42:19",54
"2018-09-07 22:42:19",54
"2018-09-07 23:42:19",54
"2018-09-08 00:42:20",54
"2018-09-08 01:42:19",54
"2018-09-08 02:42:20",54
"2018-09-08 03:42:20",54
"2018-09-08 04:42:19",54
"2018-09-08 05:42:20",54
"2018-09-08 06:42:20",54
"2018-09-08 07:42:19",54
"2018-09-08 08:42:19",54
"2018-09-08 09:42:19",54
"2018-09-08 10:42:18",54
"2018-09-08 11:42:19",54
"2018-09-08 12:42:20",54
"2018-09-08 13:42:20",54
"2018-09-08 14:42:19",54
"2018-09-08 15:42:20",54
"2018-09-08 16:42:20",54
"2018-09-08 17:42:20",54
"2018-09-08 18:42:20",54
"2018-09-08 19:42:20",54
"2018-09-08 20:42:19",54
"2018-09-08 21:42:19",54
"2018-09-08 22:42:20",54
"2018-09-08 23:42:20",54
"2018-09-09 00:42:19",54
"2018-09-09 01:42:20",54
"2018-09-09 02:42:20",54
"2018-09-09 03:42:19",54
"2018-09-09 04:42:19",54
"2018-09-09 05:42:19",54
"2018-09-09 06:42:19",54
"2018-09-09 07:42:19",54
"2018-09-09 08:42:20",54
"2018-09-09 09:42:19",54
"2018-09-09 10:42:19",54
"2018-09-09 11:42:20",54
"2018-09-09 12:42:20",54
"2018-09-09 13:42:20",54
"2018-09-09 14:42:20",54
"2018-09-09 15:42:19",54
"2018-09-09 16:42:19",54
"2018-09-09 17:42:19",54
"2018-09-09 18:42:20",54
"2018-09-09 19:42:20",54
"2018-09-09 20:42:19",54
"2018-09-09 21:42:20",54
"2018-09-09 22:42:19",54
"2018-09-09 23:42:20",54
"2018-09-10 00:42:20",54
"2018-09-10 01:42:21",54
"2018-09-10 02:42:20",54
"2018-09-10 03:42:20",54
"2018-09-10 04:42:20",54
"2018-09-10 05:42:19",54
"2018-09-10 06:42:19",54
"2018-09-10 07:42:18",54
"2018-09-10 08:42:19",54
"2018-09-10 09:42:19",54
"2018-09-10 10:42:19",54
"2018-09-10 11:42:19",54
"2018-09-10 12:42:19",54
"2018-09-10 13:42:23",54
"2018-09-10 14:42:20",55
"2018-09-10 15:42:21",55
"2018-09-10 16:42:21",55
"2018-09-10 17:42:21",55
"2018-09-10 18:42:22",55
"2018-09-10 19:42:19",55
"2018-09-10 20:42:20",55
"2018-09-10 21:42:18",55
"2018-09-10 22:42:20",55
"2018-09-10 23:42:19",55
"2018-09-11 00:42:20",55
"2018-09-11 01:42:20",55
"2018-09-11 02:42:20",55
"2018-09-11 03:42:20",55
"2018-09-11 04:42:19",55
"2018-09-11 05:42:21",55
"2018-09-11 06:42:20",55
"2018-09-11 07:42:20",55
"2018-09-11 08:42:19",55
"2018-09-11 09:42:19",55
"2018-09-11 10:42:19",55
"2018-09-11 11:42:19",55
"2018-09-11 12:42:20",55
"2018-09-11 13:42:23",55
"2018-09-11 14:42:20",55
"2018-09-11 15:42:19",55
"2018-09-11 16:42:20",55
"2018-09-11 17:42:20",55
"2018-09-11 18:42:21",55
"2018-09-11 19:42:20",55
"2018-09-11 20:42:19",55
"2018-09-11 21:42:19",55
"2018-09-11 22:42:19",55
"2018-09-11 23:42:20",55
"2018-09-12 00:42:20",55
"2018-09-12 01:42:21",55
"2018-09-12 20:42:21",56
"2018-09-12 21:42:19",56
"2018-09-12 22:42:19",56
"2018-09-12 23:42:19",56
"2018-09-13 00:42:20",56
"2018-09-13 01:42:19",56
"2018-09-13 02:42:24",56
"2018-09-13 03:42:19",56
"2018-09-13 04:42:19",56
"2018-09-13 05:42:20",56
"2018-09-13 06:42:19",56
"2018-09-13 07:42:19",56
"2018-09-13 08:42:19",56
"2018-09-13 09:42:18",56
"2018-09-13 10:42:19",56
"2018-09-13 11:42:19",56
"2018-09-13 12:42:19",56
"2018-09-13 14:42:22",56
"2018-09-13 15:42:21",56
"2018-09-13 16:42:21",56
"2018-09-13 17:42:20",57
"2018-09-13 18:42:21",57
"2018-09-13 19:42:21",57
"2018-09-13 20:42:21",58
"2018-09-13 21:42:20",58
"2018-09-13 22:42:21",58
"2018-09-13 23:42:20",58
"2018-09-14 00:42:21",58
"2018-09-14 01:42:21",58
"2018-09-14 02:42:21",58
"2018-09-14 03:42:21",58
"2018-09-14 04:42:21",58
"2018-09-14 05:42:21",58
"2018-09-14 06:42:20",58
"2018-09-14 07:42:21",58
"2018-09-14 08:42:24",58
"2018-09-14 09:42:21",58
"2018-09-14 10:42:21",58
"2018-09-14 11:42:20",58
"2018-09-14 12:42:22",58
"2018-09-14 13:42:26",58
"2018-09-14 14:42:24",58
"2018-09-14 15:42:24",58
"2018-09-14 16:42:21",58
"2018-09-14 17:42:23",58
"2018-09-14 18:42:22",58
"2018-09-14 19:42:21",58
"2018-09-14 20:42:21",58
"2018-09-14 21:42:20",58
"2018-09-14 22:42:20",58
"2018-09-14 23:42:21",58
"2018-09-15 00:42:21",58
"2018-09-15 01:42:21",58
"2018-09-15 02:42:21",58
"2018-09-15 03:42:20",58
"2018-09-15 04:42:20",58
"2018-09-15 05:42:20",58
"2018-09-15 06:42:19",58
"2018-09-15 07:42:21",58
"2018-09-15 08:42:19",58
"2018-09-15 09:42:20",58
"2018-09-15 10:42:20",58
"2018-09-15 11:42:20",58
"2018-09-15 12:42:22",58
"2018-09-15 13:42:21",58
"2018-09-15 14:42:20",58
"2018-09-15 15:42:21",58
"2018-09-15 16:42:20",58
"2018-09-15 17:42:19",58
"2018-09-15 18:42:20",58
"2018-09-15 19:42:20",58
"2018-09-15 20:42:21",58
"2018-09-15 21:42:20",58
"2018-09-15 22:42:20",58
"2018-09-15 23:42:19",58
"2018-09-16 00:42:20",58
"2018-09-16 01:42:20",58
"2018-09-16 02:42:21",58
"2018-09-16 03:42:20",58
"2018-09-16 04:42:21",58
"2018-09-16 05:42:20",58
"2018-09-16 06:42:21",58
"2018-09-16 07:42:20",58
"2018-09-16 08:42:20",58
"2018-09-16 09:42:20",58
"2018-09-16 10:42:20",58
"2018-09-16 11:42:20",58
"2018-09-16 12:42:20",58
"2018-09-16 13:42:20",58
"2018-09-16 14:42:20",58
"2018-09-16 15:42:21",58
"2018-09-16 16:42:21",58
"2018-09-16 17:42:20",58
"2018-09-16 18:42:21",58
"2018-09-16 19:42:20",58
"2018-09-16 20:42:20",58
"2018-09-16 21:42:20",58
"2018-09-16 22:42:20",58
"2018-09-16 23:42:20",58
"2018-09-17 00:42:21",58
"2018-09-17 01:42:21",58
"2018-09-17 02:42:21",58
"2018-09-17 03:42:20",58
"2018-09-17 04:42:21",58
"2018-09-17 05:42:20",58
"2018-09-17 06:42:20",58
"2018-09-17 07:42:21",58
"2018-09-17 08:42:21",58
"2018-09-17 09:42:20",58
"2018-09-17 10:42:21",58
"2018-09-17 11:42:20",58
"2018-09-17 12:42:20",58
"2018-09-17 13:42:25",58
"2018-09-17 14:42:21",58
"2018-09-17 15:42:26",58
"2018-09-17 16:42:22",58
"2018-09-17 17:42:20",58
"2018-09-17 18:42:20",58
"2018-09-17 19:42:21",58
"2018-09-17 20:42:20",58
"2018-09-17 21:42:20",58
"2018-09-17 22:42:20",58
"2018-09-17 23:42:20",58
"2018-09-18 00:42:20",58
"2018-09-18 01:42:20",58
"2018-09-18 02:42:20",58
"2018-09-18 03:42:20",58
"2018-09-18 04:42:21",58
"2018-09-18 05:42:20",58
"2018-09-18 06:42:21",58
"2018-09-18 07:42:20",58
"2018-09-18 08:42:21",58
"2018-09-18 09:42:20",58
"2018-09-18 10:42:20",58
"2018-09-18 11:42:20",58
"2018-09-18 12:42:21",58
"2018-09-18 13:42:23",58
"2018-09-18 14:42:21",59
"2018-09-18 15:42:20",59
"2018-09-18 16:42:22",59
"2018-09-18 17:42:22",59
"2018-09-18 18:42:22",59
"2018-09-18 19:42:23",59
"2018-09-18 20:42:21",59
"2018-09-18 21:42:20",59
"2018-09-18 22:42:20",59
"2018-09-18 23:42:21",59
"2018-09-19 00:42:22",59
"2018-09-19 01:42:21",59
"2018-09-19 02:42:21",59
"2018-09-19 03:42:21",59
"2018-09-19 04:42:20",59
"2018-09-19 05:42:21",59
"2018-09-19 06:42:21",59
"2018-09-19 07:42:20",59
"2018-09-19 08:42:20",59
"2018-09-19 09:42:20",59
"2018-09-19 10:42:20",59
"2018-09-19 11:42:19",59
"2018-09-19 12:42:20",59
"2018-09-19 13:43:07",59
"2018-09-19 14:42:25",60
"2018-09-19 15:42:24",60
"2018-09-19 16:42:21",60
"2018-09-19 17:42:21",61
"2018-09-19 18:42:21",62
"2018-09-19 19:42:28",62
"2018-09-19 20:42:21",62
"2018-09-19 21:42:21",63
"2018-09-19 22:42:20",63
"2018-09-19 23:42:21",63
"2018-09-20 00:42:21",63
"2018-09-20 01:42:23",63
"2018-09-20 02:42:22",63
"2018-09-20 03:42:25",63
"2018-09-20 04:42:21",63
"2018-09-20 05:42:21",63
"2018-09-20 06:42:21",63
"2018-09-20 07:42:19",63
"2018-09-20 08:42:22",63
"2018-09-20 09:42:21",63
"2018-09-20 10:42:21",63
"2018-09-20 11:42:20",63
"2018-09-20 13:08:27",63
"2018-09-20 14:42:26",62
"2018-09-20 15:42:24",61
"2018-09-20 16:42:23",62
"2018-09-20 17:42:22",62
"2018-09-20 18:42:22",62
"2018-09-20 19:42:23",62
"2018-09-20 20:42:23",63
"2018-09-20 21:42:21",63
"2018-09-20 22:42:21",63
"2018-09-20 23:42:22",63
"2018-09-21 00:42:23",63
"2018-09-21 01:42:22",63
"2018-09-21 02:42:22",63
"2018-09-21 03:42:22",63
"2018-09-21 04:42:25",63
"2018-09-21 05:42:52",63
"2018-09-21 06:42:22",63
"2018-09-21 07:42:22",63
"2018-09-21 08:42:22",63
"2018-09-21 09:42:21",63
"2018-09-21 10:42:21",63
"2018-09-21 11:42:22",63
"2018-09-21 13:09:55",63
"2018-09-21 13:42:27",63
"2018-09-21 14:42:22",63
"2018-09-21 15:42:24",63
"2018-09-21 16:42:23",63
"2018-09-21 17:42:23",63
"2018-09-21 18:42:22",63
"2018-09-21 19:42:24",63
"2018-09-21 20:42:21",63
"2018-09-21 21:42:21",63
"2018-09-21 22:42:21",63
"2018-09-21 23:42:22",63
"2018-09-22 00:42:21",63
"2018-09-22 01:42:21",63
"2018-09-22 02:42:21",63
"2018-09-22 03:42:22",63
"2018-09-22 04:42:22",63
"2018-09-22 05:42:22",63
"2018-09-22 06:42:21",63
"2018-09-22 07:42:21",63
"2018-09-22 08:42:20",63
"2018-09-22 09:42:21",63
"2018-09-22 10:42:21",63
"2018-09-22 11:42:21",63
"2018-09-22 12:42:21",63
"2018-09-22 13:42:22",63
"2018-09-22 14:42:22",63
"2018-09-22 15:42:22",63
"2018-09-22 16:42:22",63
"2018-09-22 17:42:22",63
"2018-09-22 18:42:22",63
"2018-09-22 19:42:22",63
"2018-09-22 20:42:21",63
"2018-09-22 21:42:21",63
"2018-09-22 22:42:21",63
"2018-09-22 23:42:21",63
"2018-09-23 00:42:22",63
"2018-09-23 01:42:22",63
"2018-09-23 02:42:21",63
"2018-09-23 03:42:22",63
"2018-09-23 04:42:23",63
"2018-09-23 05:42:21",63
"2018-09-23 06:42:21",63
"2018-09-23 07:42:22",63
"2018-09-23 08:42:21",63
"2018-09-23 09:42:21",63
"2018-09-23 10:42:21",63
"2018-09-23 11:42:22",63
"2018-09-23 12:42:21",63
"2018-09-23 13:42:22",63
"2018-09-23 14:42:22",63
"2018-09-23 15:42:22",63
"2018-09-23 16:42:22",63
"2018-09-23 17:42:21",63
"2018-09-23 18:42:22",63
"2018-09-23 19:42:21",63
"2018-09-23 20:42:21",63
"2018-09-23 21:42:22",63
"2018-09-23 22:42:22",63
"2018-09-23 23:42:22",63
"2018-09-24 00:42:21",63
"2018-09-24 01:42:23",63
"2018-09-24 02:42:22",63
"2018-09-24 03:42:21",63
"2018-09-24 04:42:23",63
"2018-09-24 05:42:22",63
"2018-09-24 06:42:21",63
"2018-09-24 07:42:22",63
"2018-09-24 08:42:21",63
"2018-09-24 09:42:21",63
"2018-09-24 10:42:21",63
"2018-09-24 11:42:22",63
"2018-09-24 12:42:21",63
"2018-09-24 13:42:27",63
"2018-09-24 14:42:22",63
"2018-09-24 15:42:22",63
"2018-09-24 16:42:21",63
"2018-09-24 17:42:22",63
"2018-09-24 18:42:22",63
"2018-09-24 19:42:23",63
"2018-09-24 20:42:22",63
"2018-09-24 21:42:22",63
"2018-09-24 22:42:22",63
"2018-09-24 23:42:22",63
"2018-09-25 00:42:22",63
"2018-09-25 01:42:21",63
"2018-09-25 02:42:21",63
"2018-09-25 03:42:21",63
"2018-09-25 04:42:22",63
"2018-09-25 05:42:21",63
"2018-09-25 06:42:22",63
"2018-09-25 07:42:21",63
"2018-09-25 08:42:22",63
"2018-09-25 09:42:21",63
"2018-09-25 10:42:21",63
"2018-09-25 11:42:22",63
"2018-09-25 12:42:22",63
"2018-09-25 13:42:25",63
"2018-09-25 14:42:24",63
"2018-09-25 15:42:22",63
"2018-09-25 16:42:23",63
"2018-09-25 17:42:21",63
"2018-09-25 18:42:22",63
"2018-09-25 19:42:23",63
"2018-09-25 20:42:22",63
"2018-09-25 21:42:22",63
"2018-09-25 22:42:22",63
"2018-09-25 23:42:22",63
"2018-09-26 00:42:23",63
"2018-09-26 01:42:24",63
"2018-09-26 02:42:24",63
"2018-09-26 03:42:24",63
"2018-09-26 04:42:22",63
"2018-09-26 05:42:22",63
"2018-09-26 06:42:22",63
"2018-09-26 07:42:22",63
"2018-09-26 08:42:23",63
"2018-09-26 09:42:22",63
"2018-09-26 10:42:21",63
"2018-09-26 11:42:21",63
"2018-09-26 13:08:56",63
"2018-09-26 13:42:27",63
"2018-09-26 14:42:23",63
"2018-09-26 15:42:23",63
"2018-09-26 16:42:24",63
"2018-09-26 17:42:22",63
"2018-09-26 18:42:24",63
"2018-09-26 19:42:23",63
"2018-09-26 20:42:22",63
"2018-09-26 21:42:22",63
"2018-09-26 22:42:22",63
"2018-09-26 23:42:22",63
"2018-09-27 00:42:23",63
"2018-09-27 01:42:21",63
"2018-09-27 02:42:23",63
"2018-09-27 03:42:22",63
"2018-09-27 04:42:22",63
"2018-09-27 05:42:22",63
"2018-09-27 06:42:22",63
"2018-09-27 07:42:22",63
"2018-09-27 08:42:22",63
"2018-09-27 09:42:22",63
"2018-09-27 10:42:22",63
"2018-09-27 11:42:22",63
"2018-09-27 12:42:22",63
"2018-09-27 13:42:24",63
"2018-09-27 14:42:23",63
"2018-09-27 15:42:23",63
"2018-09-27 17:08:03",62
"2018-09-27 17:42:24",62
"2018-09-27 18:42:25",62
"2018-09-27 19:42:23",62
"2018-09-27 20:42:23",61
"2018-09-27 21:42:23",61
"2018-09-27 22:42:22",61
"2018-09-27 23:42:24",61
"2018-09-28 00:42:24",61
"2018-09-28 01:42:23",61
"2018-09-28 02:42:21",61
"2018-09-28 03:42:22",61
"2018-09-28 04:42:23",61
"2018-09-28 05:42:22",61
"2018-09-28 06:42:23",61
"2018-09-28 07:42:23",61
"2018-09-28 08:42:23",61
"2018-09-28 09:42:23",61
"2018-09-28 10:42:23",61
"2018-09-28 11:42:23",61
"2018-09-28 12:42:23",61
"2018-09-28 13:42:27",61
"2018-09-28 14:42:24",61
"2018-09-28 15:42:26",61
"2018-09-28 16:42:24",61
"2018-09-28 17:42:24",61
"2018-09-28 18:42:25",61
"2018-09-28 19:42:25",61
"2018-09-28 20:42:23",61
"2018-09-28 21:42:23",61
"2018-09-28 22:42:23",61
"2018-09-28 23:42:22",61
"2018-09-29 00:42:22",61
"2018-09-29 01:42:24",61
"2018-09-29 02:42:29",61
"2018-09-29 03:42:23",61
"2018-09-29 04:42:22",61
"2018-09-29 05:42:22",61
"2018-09-29 06:42:22",61
"2018-09-29 07:42:22",61
"2018-09-29 08:42:22",61
"2018-09-29 09:42:22",61
"2018-09-29 10:42:22",61
"2018-09-29 11:42:24",61
"2018-09-29 12:42:22",61
"2018-09-29 13:42:23",61
"2018-09-29 14:42:23",61
"2018-09-29 15:42:24",61
"2018-09-29 16:42:22",61
"2018-09-29 17:42:22",61
"2018-09-29 18:42:23",61
"2018-09-29 19:42:22",61
"2018-09-29 20:42:22",61
"2018-09-29 21:42:23",61
"2018-09-29 22:42:22",61
"2018-09-29 23:42:22",61
"2018-09-30 00:42:23",61
"2018-09-30 01:42:22",61
"2018-09-30 02:42:21",61
"2018-09-30 03:42:22",61
"2018-09-30 04:42:22",61
"2018-09-30 05:42:21",61
"2018-09-30 06:42:21",61
"2018-09-30 07:42:21",61
"2018-09-30 08:42:21",61
"2018-09-30 09:42:21",61
"2018-09-30 10:42:22",61
"2018-09-30 11:42:21",61
"2018-09-30 12:42:22",61
"2018-09-30 13:42:22",61
"2018-09-30 14:42:21",61
"2018-09-30 15:42:21",61
"2018-09-30 16:42:22",61
"2018-09-30 17:42:21",61
"2018-09-30 18:42:22",61
"2018-09-30 19:42:22",61
"2018-09-30 20:42:22",61
"2018-09-30 21:42:21",61
"2018-09-30 22:42:22",61
"2018-09-30 23:42:23",61
"2018-10-01 00:42:24",61
"2018-10-01 01:42:22",61
"2018-10-01 02:42:23",61
"2018-10-01 03:42:23",61
"2018-10-01 04:42:23",61
"2018-10-01 05:42:23",61
"2018-10-01 06:42:22",61
"2018-10-01 07:42:22",61
"2018-10-01 08:42:23",61
"2018-10-01 09:42:22",61
"2018-10-01 10:42:21",61
"2018-10-01 11:42:22",61
"2018-10-01 12:42:23",61
"2018-10-01 14:07:37",62
"2018-10-01 14:42:25",62
"2018-10-01 15:42:24",63
"2018-10-01 16:42:24",63
"2018-10-01 17:42:26",63
"2018-10-01 18:42:23",63
"2018-10-01 19:42:24",63
"2018-10-01 20:42:23",63
"2018-10-01 21:42:23",63
"2018-10-01 22:42:22",63
"2018-10-01 23:42:24",63
"2018-10-02 00:42:26",63
"2018-10-02 01:42:23",63
"2018-10-02 02:42:23",63
"2018-10-02 03:42:23",63
"2018-10-02 04:42:24",63
"2018-10-02 05:42:22",63
"2018-10-02 06:42:23",63
"2018-10-02 07:42:24",63
"2018-10-02 08:42:23",63
"2018-10-02 09:42:23",63
"2018-10-02 10:42:23",63
"2018-10-02 11:42:23",63
"2018-10-02 12:42:22",63
"2018-10-02 13:42:26",63
"2018-10-02 14:42:25",63
"2018-10-02 15:42:24",63
"2018-10-02 16:42:25",63
"2018-10-02 17:42:23",62
"2018-10-02 18:42:23",62
"2018-10-02 19:42:24",62
"2018-10-02 20:42:24",62
"2018-10-02 21:42:23",62
"2018-10-02 22:42:23",62
"2018-10-02 23:42:23",62
"2018-10-03 00:42:23",62
"2018-10-03 01:42:22",62
"2018-10-03 02:42:53",62
"2018-10-03 03:42:24",62
"2018-10-03 04:42:26",62
"2018-10-03 05:42:25",62
"2018-10-03 06:42:23",62
"2018-10-03 07:42:24",62
"2018-10-03 08:42:24",62
"2018-10-03 09:42:24",62
"2018-10-03 10:42:24",62
"2018-10-03 11:42:24",62
"2018-10-03 12:42:23",62
"2018-10-03 13:43:34",62
"2018-10-03 15:07:29",66
"2018-10-03 15:42:25",66
"2018-10-03 16:42:25",66
"2018-10-03 17:42:25",66
"2018-10-03 18:42:23",67
"2018-10-03 19:42:23",67
"2018-10-03 20:42:23",67
"2018-10-03 21:42:23",67
"2018-10-03 22:42:24",67
"2018-10-03 23:42:23",67
"2018-10-04 00:42:24",67
"2018-10-04 01:42:24",67
"2018-10-04 02:42:23",67
"2018-10-04 03:42:22",67
"2018-10-04 04:42:23",67
"2018-10-04 05:42:23",67
"2018-10-04 06:42:22",67
"2018-10-04 07:42:23",67
"2018-10-04 08:42:22",67
"2018-10-04 09:42:23",67
"2018-10-04 10:42:23",67
"2018-10-04 11:42:22",67
"2018-10-04 12:42:23",67
"2018-10-04 14:08:33",66
"2018-10-04 14:42:25",66
"2018-10-04 15:42:24",66
"2018-10-04 16:42:27",66
"2018-10-04 17:42:26",66
"2018-10-04 18:42:24",66
"2018-10-04 19:42:26",66
"2018-10-04 20:42:24",66
"2018-10-04 21:42:24",66
"2018-10-04 22:42:24",66
"2018-10-04 23:42:24",66
"2018-10-05 00:42:24",66
"2018-10-05 01:42:24",66
"2018-10-05 02:42:24",66
"2018-10-05 03:42:25",66
"2018-10-05 04:42:25",66
"2018-10-05 05:42:25",66
"2018-10-05 06:42:24",66
"2018-10-05 07:42:24",66
"2018-10-05 08:42:23",66
"2018-10-05 09:42:24",66
"2018-10-05 10:42:24",66
"2018-10-05 11:42:24",66
"2018-10-05 12:42:24",66
"2018-10-05 13:42:27",66
"2018-10-05 14:42:25",65
"2018-10-05 15:42:27",65
"2018-10-05 16:42:26",65
"2018-10-05 17:42:27",65
"2018-10-05 18:42:27",65
"2018-10-05 19:42:24",65
"2018-10-05 20:42:23",65
"2018-10-05 21:42:24",65
"2018-10-05 22:42:24",65
"2018-10-05 23:42:23",65
"2018-10-06 00:42:25",65
"2018-10-06 01:42:25",65
"2018-10-06 02:42:25",65
"2018-10-06 03:42:25",65
"2018-10-06 04:42:25",65
"2018-10-06 05:42:24",65
"2018-10-06 06:42:25",65
"2018-10-06 07:42:25",65
"2018-10-06 08:42:24",65
"2018-10-06 09:42:24",65
"2018-10-06 10:42:25",65
"2018-10-06 11:42:23",65
"2018-10-06 12:42:24",65
"2018-10-06 13:42:24",65
"2018-10-06 14:42:25",65
"2018-10-06 15:42:25",65
"2018-10-06 16:42:24",65
"2018-10-06 17:42:24",65
"2018-10-06 18:42:24",65
"2018-10-06 19:42:25",65
"2018-10-06 20:42:24",65
"2018-10-06 21:42:24",65
"2018-10-06 22:42:24",65
"2018-10-06 23:42:24",65
"2018-10-07 00:42:24",65
"2018-10-07 01:42:24",65
"2018-10-07 02:42:24",65
"2018-10-07 03:42:25",65
"2018-10-07 04:42:24",65
"2018-10-07 05:42:25",65
"2018-10-07 06:42:24",65
"2018-10-07 07:42:25",65
"2018-10-07 08:42:23",65
"2018-10-07 09:42:23",65
"2018-10-07 10:42:24",65
"2018-10-07 11:42:23",65
"2018-10-07 12:42:24",65
"2018-10-07 13:42:25",65
"2018-10-07 14:42:25",65
"2018-10-07 15:42:25",65
"2018-10-07 16:42:25",65
"2018-10-07 17:42:25",65
"2018-10-07 18:42:25",65
"2018-10-07 19:42:25",65
"2018-10-07 20:42:25",65
"2018-10-07 21:42:24",65
"2018-10-07 22:42:24",65
"2018-10-07 23:42:24",65
"2018-10-08 00:42:24",65
"2018-10-08 01:42:24",65
"2018-10-08 02:42:25",65
"2018-10-08 03:42:24",65
"2018-10-08 04:42:24",65
"2018-10-08 05:42:23",65
"2018-10-08 06:42:24",65
"2018-10-08 07:42:23",65
"2018-10-08 08:42:24",65
"2018-10-08 09:42:23",65
"2018-10-08 10:42:23",65
"2018-10-08 11:42:23",65
"2018-10-08 12:42:24",65
"2018-10-08 13:42:30",65
"2018-10-08 14:42:26",65
"2018-10-08 15:42:26",65
"2018-10-08 16:42:26",65
"2018-10-08 17:42:26",65
"2018-10-08 18:42:25",65
"2018-10-08 19:42:25",65
"2018-10-08 20:42:24",65
"2018-10-08 21:42:24",65
"2018-10-08 22:42:23",65
"2018-10-08 23:42:24",65
"2018-10-09 00:42:23",65
"2018-10-09 01:42:54",65
"2018-10-09 02:42:23",65
"2018-10-09 03:42:29",65
"2018-10-09 04:42:23",65
"2018-10-09 05:42:23",65
"2018-10-09 06:42:23",65
"2018-10-09 07:42:23",65
"2018-10-09 08:42:22",65
"2018-10-09 09:42:22",65
"2018-10-09 10:42:23",65
"2018-10-09 11:42:23",65
"2018-10-09 12:42:23",65
"2018-10-09 13:42:28",65
"2018-10-09 14:42:26",65
"2018-10-09 15:42:24",65
"2018-10-09 16:42:23",65
"2018-10-09 17:42:23",65
"2018-10-09 18:42:23",65
"2018-10-09 19:42:22",65
"2018-10-09 21:42:22",65
"2018-10-09 22:42:23",65
"2018-10-09 23:42:23",65
"2018-10-10 00:42:23",65
"2018-10-10 01:42:23",65
"2018-10-10 02:42:23",65
"2018-10-10 03:42:27",65
"2018-10-10 04:42:23",65
"2018-10-10 05:42:23",65
"2018-10-10 06:42:23",65
"2018-10-10 07:42:23",65
"2018-10-10 08:42:23",65
"2018-10-10 09:42:23",65
"2018-10-10 10:42:23",65
"2018-10-10 11:42:23",65
"2018-10-10 12:42:23",65
"2018-10-10 13:42:27",65
"2018-10-10 14:42:25",65
"2018-10-10 15:42:25",65
"2018-10-10 16:42:24",65
"2018-10-10 17:42:23",65
"2018-10-10 18:42:24",65
"2018-10-10 19:42:28",65
"2018-10-10 20:42:24",64
"2018-10-10 21:42:23",64
"2018-10-10 22:42:24",64
"2018-10-10 23:42:24",64
"2018-10-11 00:42:25",64
"2018-10-11 01:42:23",64
"2018-10-11 02:42:23",64
"2018-10-11 03:42:22",64
"2018-10-11 04:42:22",64
"2018-10-11 05:42:22",64
"2018-10-11 06:42:23",64
"2018-10-11 07:42:22",64
"2018-10-11 08:42:23",64
"2018-10-11 09:42:23",64
"2018-10-11 10:42:24",64
"2018-10-11 11:42:23",64
"2018-10-11 12:42:22",64
"2018-10-11 13:42:26",64
"2018-10-11 14:42:23",64
"2018-10-11 15:42:25",64
"2018-10-11 16:42:25",64
"2018-10-11 17:42:24",64
"2018-10-11 18:42:26",64
"2018-10-11 19:42:24",63
"2018-10-11 20:42:24",62
"2018-10-11 21:42:24",62
"2018-10-11 22:42:22",62
"2018-10-11 23:42:24",62
"2018-10-12 00:42:23",62
"2018-10-12 01:42:23",62
"2018-10-12 02:42:24",62
"2018-10-12 03:42:23",62
"2018-10-12 04:42:24",62
"2018-10-12 05:42:22",62
"2018-10-12 06:42:22",62
"2018-10-12 07:42:22",62
"2018-10-12 08:42:23",62
"2018-10-12 09:42:23",62
"2018-10-12 10:42:23",62
"2018-10-12 11:42:23",62
"2018-10-12 12:42:23",62
"2018-10-12 13:42:27",62
"2018-10-12 14:42:23",62
"2018-10-12 15:42:25",62
"2018-10-12 16:42:24",62
"2018-10-12 17:42:23",62
"2018-10-12 18:42:23",62
"2018-10-12 19:42:24",62
"2018-10-12 20:42:23",63
"2018-10-12 21:42:23",63
"2018-10-12 22:42:23",63
"2018-10-12 23:42:23",63
"2018-10-13 00:42:23",63
"2018-10-13 01:42:23",63
"2018-10-13 02:42:24",63
"2018-10-13 03:42:24",63
"2018-10-13 04:42:24",63
"2018-10-13 05:42:23",63
"2018-10-13 06:42:23",63
"2018-10-13 07:42:23",63
"2018-10-13 08:42:24",63
"2018-10-13 09:42:23",63
"2018-10-13 10:42:22",63
"2018-10-13 11:42:22",63
"2018-10-13 12:42:23",63
"2018-10-13 13:42:23",63
"2018-10-13 14:42:23",63
"2018-10-13 15:42:23",63
"2018-10-13 16:42:22",63
"2018-10-13 17:42:23",63
"2018-10-13 18:42:23",63
"2018-10-13 19:42:23",63
"2018-10-13 20:42:23",63
"2018-10-13 21:42:23",63
"2018-10-13 22:42:24",63
"2018-10-13 23:42:23",63
"2018-10-14 00:42:23",63
"2018-10-14 01:42:23",63
"2018-10-14 02:42:23",63
"2018-10-14 03:42:23",63
"2018-10-14 04:42:24",63
"2018-10-14 05:42:22",63
"2018-10-14 06:42:23",63
"2018-10-14 07:42:23",63
"2018-10-14 08:42:22",63
"2018-10-14 09:42:23",63
"2018-10-14 10:42:22",63
"2018-10-14 11:42:23",63
"2018-10-14 12:42:22",63
"2018-10-14 13:42:22",63
"2018-10-14 14:42:22",63
"2018-10-14 15:42:23",63
"2018-10-14 16:42:22",63
"2018-10-14 17:42:22",63
"2018-10-14 18:42:23",63
"2018-10-14 19:42:23",63
"2018-10-14 20:42:22",63
"2018-10-14 21:42:24",63
"2018-10-14 22:42:22",63
"2018-10-14 23:42:23",63
"2018-10-15 00:42:24",63
"2018-10-15 01:42:22",63
"2018-10-15 02:42:22",63
"2018-10-15 03:42:23",63
"2018-10-15 04:42:22",63
"2018-10-15 05:42:23",63
"2018-10-15 06:42:23",63
"2018-10-15 07:42:23",63
"2018-10-15 08:42:35",63
"2018-10-15 09:42:23",63
"2018-10-15 10:42:23",63
"2018-10-15 11:42:22",63
"2018-10-15 12:42:22",63
"2018-10-15 13:42:27",63
"2018-10-15 14:42:24",63
"2018-10-15 15:42:25",63
"2018-10-15 16:42:26",63
"2018-10-15 17:42:24",63
"2018-10-15 18:42:23",63
"2018-10-15 19:42:23",63
"2018-10-15 20:42:26",63
"2018-10-15 21:42:25",63
"2018-10-15 22:42:23",63
"2018-10-15 23:42:24",63
"2018-10-16 00:42:24",63
"2018-10-16 01:42:26",63
"2018-10-16 02:42:24",63
"2018-10-16 03:42:23",63
"2018-10-16 04:42:24",63
"2018-10-16 09:42:22",63
"2018-10-16 10:42:23",63
"2018-10-16 11:42:22",63
"2018-10-16 12:42:23",63
"2018-10-16 13:42:27",63
"2018-10-16 14:42:25",63
"2018-10-16 15:42:25",63
"2018-10-16 16:42:23",62
"2018-10-16 17:42:25",61
"2018-10-16 18:42:26",61
"2018-10-16 19:42:26",61
"2018-10-16 20:42:24",61
"2018-10-16 21:42:23",61
"2018-10-16 22:42:24",61
"2018-10-16 23:42:25",61
"2018-10-17 00:42:24",61
"2018-10-17 01:42:24",61
"2018-10-17 02:42:24",61
"2018-10-17 03:42:23",61
"2018-10-17 04:42:23",61
"2018-10-17 05:42:24",61
"2018-10-17 06:42:23",61
"2018-10-17 07:42:24",61
"2018-10-17 08:42:23",61
"2018-10-17 09:42:23",61
"2018-10-17 10:42:23",61
"2018-10-17 11:42:22",61
"2018-10-17 12:42:23",61
"2018-10-17 14:08:29",60
"2018-10-17 14:42:25",60
"2018-10-17 15:42:26",60
"2018-10-17 16:42:25",60
"2018-10-17 17:42:26",60
"2018-10-17 18:42:26",60
"2018-10-17 19:42:26",60
"2018-10-17 20:42:25",60
"2018-10-17 21:42:25",60
"2018-10-17 22:42:24",60
"2018-10-17 23:42:24",60
"2018-10-18 00:42:25",60
"2018-10-18 01:42:25",60
"2018-10-18 02:42:25",60
"2018-10-18 03:42:26",60
"2018-10-18 04:42:23",60
"2018-10-18 05:42:24",60
"2018-10-18 06:42:23",60
"2018-10-18 07:42:23",60
"2018-10-18 08:42:23",60
"2018-10-18 09:42:23",60
"2018-10-18 10:42:23",60
"2018-10-18 11:42:23",60
"2018-10-18 13:07:26",60
"2018-10-18 13:42:26",60
"2018-10-18 14:42:25",60
"2018-10-18 15:42:26",61
"2018-10-18 16:42:25",61
"2018-10-18 17:42:24",61
"2018-10-18 18:42:24",60
"2018-10-18 19:42:24",60
"2018-10-18 20:42:24",60
"2018-10-18 21:42:24",60
"2018-10-18 22:42:24",60
"2018-10-18 23:42:23",60
"2018-10-19 00:42:25",60
"2018-10-19 01:42:25",60
"2018-10-19 02:42:24",60
"2018-10-19 03:42:24",60
"2018-10-19 04:42:24",60
"2018-10-19 05:42:23",60
"2018-10-19 06:42:24",60
"2018-10-19 07:42:24",60
"2018-10-19 08:42:23",60
"2018-10-19 09:42:23",60
"2018-10-19 10:42:23",60
"2018-10-19 11:42:24",60
"2018-10-19 13:06:58",60
"2018-10-19 13:42:30",60
"2018-10-19 14:42:25",60
"2018-10-19 15:42:25",60
"2018-10-19 16:42:24",60
"2018-10-19 17:42:24",60
"2018-10-19 18:42:25",60
"2018-10-19 19:42:25",60
"2018-10-19 20:42:25",60
"2018-10-19 21:42:24",60
"2018-10-19 22:42:24",60
"2018-10-19 23:42:53",60
"2018-10-20 00:42:24",60
"2018-10-20 01:42:25",60
"2018-10-20 02:42:23",60
"2018-10-20 03:42:23",60
"2018-10-20 04:42:24",60
"2018-10-20 05:42:24",60
"2018-10-20 06:42:25",60
"2018-10-20 07:42:23",60
"2018-10-20 08:42:24",60
"2018-10-20 09:42:23",60
"2018-10-20 10:42:24",60
"2018-10-20 11:42:24",60
"2018-10-20 12:42:24",60
"2018-10-20 13:42:25",60
"2018-10-20 14:42:25",60
"2018-10-20 15:42:25",60
"2018-10-20 16:42:24",60
"2018-10-20 17:42:24",60
"2018-10-20 18:42:24",60
"2018-10-20 19:42:24",60
"2018-10-20 20:42:24",60
"2018-10-20 21:42:25",60
"2018-10-20 22:42:24",60
"2018-10-20 23:42:24",60
"2018-10-21 00:42:24",60
"2018-10-21 01:42:25",60
"2018-10-21 02:42:24",60
"2018-10-21 03:42:24",60
"2018-10-21 04:42:23",60
"2018-10-21 05:42:24",60
"2018-10-21 06:42:23",60
"2018-10-21 07:42:29",60
"2018-10-21 08:42:23",60
"2018-10-21 09:42:23",60
"2018-10-21 10:42:23",60
"2018-10-21 11:42:23",60
"2018-10-21 12:42:23",60
"2018-10-21 13:42:27",60
"2018-10-21 14:42:25",60
"2018-10-21 15:42:25",60
"2018-10-21 16:42:23",60
"2018-10-21 17:42:24",60
"2018-10-21 18:42:24",60
"2018-10-21 19:42:24",60
"2018-10-21 20:42:24",60
"2018-10-21 21:42:24",60
"2018-10-21 22:42:25",60
"2018-10-21 23:42:24",60
"2018-10-22 00:42:26",60
"2018-10-22 01:42:26",60
"2018-10-22 02:42:26",60
"2018-10-22 03:42:26",60
"2018-10-22 04:42:26",60
"2018-10-22 05:42:24",60
"2018-10-22 06:42:24",60
"2018-10-22 07:42:26",60
"2018-10-22 08:42:24",60
"2018-10-22 09:42:24",60
"2018-10-22 10:42:25",60
"2018-10-22 11:42:24",60
"2018-10-22 12:42:25",60
"2018-10-22 13:42:27",60
"2018-10-22 14:42:27",60
"2018-10-22 15:42:26",60
"2018-10-22 16:42:24",60
"2018-10-22 17:42:25",61
"2018-10-22 18:42:23",61
"2018-10-22 19:42:25",61
"2018-10-22 20:42:24",61
"2018-10-22 21:42:25",61
"2018-10-22 22:42:24",61
"2018-10-22 23:42:25",61
"2018-10-23 00:42:26",61
"2018-10-23 01:42:25",61
"2018-10-23 02:42:24",61
"2018-10-23 03:42:24",61
"2018-10-23 04:42:24",61
"2018-10-23 05:42:24",61
"2018-10-23 06:42:24",61
"2018-10-23 07:42:27",61
"2018-10-23 08:42:23",61
"2018-10-23 09:42:24",61
"2018-10-23 10:42:24",61
"2018-10-23 11:42:24",61
"2018-10-23 12:42:23",61
"2018-10-23 13:42:27",61
"2018-10-23 14:42:25",60
"2018-10-23 15:42:24",60
"2018-10-23 16:42:24",61
"2018-10-23 17:42:24",61
"2018-10-23 18:42:25",61
"2018-10-23 19:42:24",61
"2018-10-23 20:42:24",61
"2018-10-23 21:42:24",61
"2018-10-23 22:42:24",61
"2018-10-23 23:42:24",61
"2018-10-24 00:42:24",61
"2018-10-24 01:42:24",61
"2018-10-24 02:42:25",61
"2018-10-24 03:42:25",61
"2018-10-24 04:42:24",61
"2018-10-24 05:42:25",61
"2018-10-24 06:42:26",61
"2018-10-24 07:42:24",61
"2018-10-24 08:42:24",61
"2018-10-24 09:42:24",61
"2018-10-24 10:42:24",61
"2018-10-24 11:42:23",61
"2018-10-24 12:42:23",61
"2018-10-24 13:42:26",61
"2018-10-24 14:42:26",61
"2018-10-24 15:42:26",61
"2018-10-24 16:42:26",61
"2018-10-24 17:42:25",61
"2018-10-24 18:42:26",61
"2018-10-24 19:42:25",61
"2018-10-24 20:42:27",61
"2018-10-24 21:42:26",61
"2018-10-24 22:42:26",61
"2018-10-24 23:42:25",61
"2018-10-25 00:42:25",61
"2018-10-25 01:42:25",61
"2018-10-25 02:42:25",61
"2018-10-25 03:42:24",61
"2018-10-25 04:42:26",61
"2018-10-25 05:42:25",61
"2018-10-25 06:42:25",61
"2018-10-25 07:42:26",61
"2018-10-25 08:42:25",61
"2018-10-25 09:42:25",61
"2018-10-25 10:42:25",61
"2018-10-25 11:42:26",61
"2018-10-25 14:08:32",61
"2018-10-25 14:42:28",61
"2018-10-25 15:42:27",61
"2018-10-25 16:42:26",62
"2018-10-25 17:42:26",62
"2018-10-25 18:42:27",63
"2018-10-25 19:42:25",63
"2018-10-25 20:42:26",63
"2018-10-25 21:42:26",63
"2018-10-25 22:42:26",63
"2018-10-25 23:42:26",63
"2018-10-26 00:42:25",63
"2018-10-26 01:42:26",63
"2018-10-26 02:42:26",63
"2018-10-26 03:42:27",63
"2018-10-26 04:42:27",63
"2018-10-26 05:42:25",63
"2018-10-26 06:42:25",63
"2018-10-26 07:42:24",63
"2018-10-26 08:42:24",63
"2018-10-26 09:42:25",63
"2018-10-26 10:42:24",63
"2018-10-26 11:42:25",63
"2018-10-26 12:42:25",63
"2018-10-26 13:42:26",63
"2018-10-26 14:42:26",63
"2018-10-26 15:42:25",63
"2018-10-26 16:42:25",63
"2018-10-26 17:42:25",63
"2018-10-26 18:42:25",63
"2018-10-26 19:42:25",64
"2018-10-26 20:42:25",64
"2018-10-26 21:42:24",64
"2018-10-26 22:42:24",64
"2018-10-26 23:42:24",64
"2018-10-27 00:42:24",64
"2018-10-27 01:42:25",64
"2018-10-27 02:42:25",64
"2018-10-27 03:42:24",64
"2018-10-27 04:42:24",64
"2018-10-27 05:42:25",64
"2018-10-27 06:42:25",64
"2018-10-27 07:42:25",64
"2018-10-27 08:42:25",64
"2018-10-27 09:42:25",64
"2018-10-27 10:42:25",64
"2018-10-27 11:42:25",64
"2018-10-27 12:42:24",64
"2018-10-27 13:42:24",64
"2018-10-27 14:42:25",64
"2018-10-27 15:42:26",64
"2018-10-27 16:42:25",64
"2018-10-27 17:42:25",64
"2018-10-27 18:42:24",64
"2018-10-27 19:42:25",64
"2018-10-27 20:42:24",64
"2018-10-27 21:42:25",64
"2018-10-27 22:42:24",64
"2018-10-27 23:42:24",64
"2018-10-28 00:42:25",64
"2018-10-28 01:42:25",64
"2018-10-28 02:42:24",64
"2018-10-28 03:42:25",64
"2018-10-28 04:42:24",64
"2018-10-28 05:42:25",64
"2018-10-28 06:42:25",64
"2018-10-28 07:42:24",64
"2018-10-28 08:42:24",64
"2018-10-28 09:42:25",64
"2018-10-28 10:42:24",64
"2018-10-28 11:42:24",64
"2018-10-28 12:42:24",64
"2018-10-28 13:42:25",64
"2018-10-28 14:42:24",64
"2018-10-28 15:42:24",64
"2018-10-28 16:42:25",64
"2018-10-28 17:42:24",64
"2018-10-28 18:42:24",64
"2018-10-28 19:42:24",64
"2018-10-28 20:42:24",64
"2018-10-28 21:42:24",64
"2018-10-28 22:42:24",64
"2018-10-28 23:42:24",64
"2018-10-29 00:42:25",64
"2018-10-29 01:42:25",64
"2018-10-29 02:42:25",64
"2018-10-29 03:42:23",64
"2018-10-29 04:42:25",64
"2018-10-29 05:42:24",64
"2018-10-29 06:42:25",64
"2018-10-29 07:42:24",64
"2018-10-29 08:42:25",64
"2018-10-29 09:42:24",64
"2018-10-29 10:42:24",64
"2018-10-29 11:42:24",64
"2018-10-29 12:42:25",64
"2018-10-29 13:42:28",64
"2018-10-29 14:42:25",64
"2018-10-29 15:42:24",64
"2018-10-29 16:42:26",64
"2018-10-29 17:42:25",64
"2018-10-29 18:42:25",64
"2018-10-29 19:42:26",64
"2018-10-29 20:42:25",64
"2018-10-29 21:42:25",64
"2018-10-29 22:42:26",64
"2018-10-29 23:42:25",64
"2018-10-30 00:42:25",64
"2018-10-30 01:42:24",64
"2018-10-30 02:42:25",64
"2018-10-30 03:42:25",64
"2018-10-30 04:42:25",64
"2018-10-30 05:42:24",64
"2018-10-30 06:42:24",64
"2018-10-30 07:42:24",64
"2018-10-30 08:42:24",64
"2018-10-30 09:42:25",64
"2018-10-30 10:42:25",64
"2018-10-30 11:42:25",64
"2018-10-30 12:42:24",64
"2018-10-30 13:42:28",64
"2018-10-30 14:42:28",64
"2018-10-30 15:42:26",63
"2018-10-30 16:42:25",63
"2018-10-30 17:42:24",64
"2018-10-30 18:42:25",64
"2018-10-30 19:42:25",64
"2018-10-30 20:42:25",64
"2018-10-30 21:42:25",64
"2018-10-30 22:42:25",64
"2018-10-30 23:42:24",64
"2018-10-31 00:42:25",64
"2018-10-31 01:42:26",64
"2018-10-31 02:42:26",64
"2018-10-31 03:42:24",64
"2018-10-31 04:42:25",64
"2018-10-31 05:42:25",64
"2018-10-31 06:42:24",64
"2018-10-31 07:42:23",64
"2018-10-31 08:42:25",64
"2018-10-31 09:42:24",64
"2018-10-31 10:42:24",64
"2018-10-31 11:42:25",64
"2018-10-31 12:42:25",64
"2018-10-31 14:09:01",64
"2018-10-31 14:42:26",64
"2018-10-31 15:42:26",64
"2018-10-31 16:42:26",64
"2018-10-31 17:42:25",64
"2018-10-31 18:42:25",64
"2018-10-31 19:42:25",64
"2018-10-31 20:42:25",64
"2018-10-31 21:42:25",64
"2018-10-31 22:42:25",64
"2018-10-31 23:42:26",64
"2018-11-01 00:42:25",64
"2018-11-01 01:42:26",64
"2018-11-01 02:42:26",64
"2018-11-01 03:42:25",64
"2018-11-01 04:42:26",64
"2018-11-01 05:42:25",64
"2018-11-01 06:42:26",64
"2018-11-01 07:42:25",64
"2018-11-01 08:42:26",64
"2018-11-01 09:42:26",64
"2018-11-01 10:42:26",64
"2018-11-01 11:42:25",64
"2018-11-01 12:42:25",64
"2018-11-01 13:42:26",64
"2018-11-01 14:42:30",64
"2018-11-01 15:42:28",64
"2018-11-01 16:42:27",64
"2018-11-01 17:42:26",64
"2018-11-01 18:42:27",64
"2018-11-01 19:42:28",64
"2018-11-01 20:42:29",64
"2018-11-01 21:42:27",64
"2018-11-01 22:42:27",64
"2018-11-01 23:42:26",64
"2018-11-02 00:42:26",64
"2018-11-02 01:42:26",64
"2018-11-02 02:42:27",64
"2018-11-02 03:42:28",64
"2018-11-02 04:42:26",64
"2018-11-02 05:42:26",64
"2018-11-02 06:42:26",64
"2018-11-02 07:42:25",64
"2018-11-02 08:42:26",64
"2018-11-02 09:42:27",64
"2018-11-02 10:42:25",64
"2018-11-02 11:42:25",64
"2018-11-02 12:42:26",64
"2018-11-02 14:07:00",64
"2018-11-02 14:42:27",64
"2018-11-02 15:42:27",64
"2018-11-02 16:42:27",64
"2018-11-02 17:42:27",64
"2018-11-02 18:42:26",64
"2018-11-02 19:42:26",64
"2018-11-02 20:42:27",64
"2018-11-02 21:42:27",64
"2018-11-02 22:42:26",64
"2018-11-02 23:42:27",64
"2018-11-03 00:42:27",64
"2018-11-03 01:42:26",64
"2018-11-03 02:42:28",64
"2018-11-03 03:42:25",64
"2018-11-03 04:42:26",64
"2018-11-03 05:42:26",64
"2018-11-03 06:42:25",64
"2018-11-03 07:42:25",64
"2018-11-03 08:42:26",64
"2018-11-03 09:42:27",64
"2018-11-03 10:42:25",64
"2018-11-03 11:42:26",64
"2018-11-03 12:42:26",64
"2018-11-03 13:42:25",64
"2018-11-03 14:42:26",64
"2018-11-03 15:42:26",64
"2018-11-03 16:42:26",64
"2018-11-03 17:42:30",64
"2018-11-03 18:42:28",64
"2018-11-03 19:42:27",64
"2018-11-03 20:42:26",64
"2018-11-03 21:43:29",64
"2018-11-03 22:42:26",64
"2018-11-03 23:42:27",64
"2018-11-04 00:42:27",64
"2018-11-04 01:42:27",64
"2018-11-04 02:42:26",64
"2018-11-04 03:42:26",64
"2018-11-04 04:42:27",64
"2018-11-04 05:42:26",64
"2018-11-04 06:42:26",64
"2018-11-04 07:42:26",64
"2018-11-04 08:42:27",64
"2018-11-04 09:42:25",64
"2018-11-04 10:42:25",64
"2018-11-04 11:42:26",64
"2018-11-04 12:42:26",64
"2018-11-04 13:42:26",64
"2018-11-04 14:42:26",64
"2018-11-04 15:42:26",64
"2018-11-04 16:42:25",64
"2018-11-04 17:42:26",64
"2018-11-04 18:42:26",64
"2018-11-04 19:42:26",64
"2018-11-04 20:42:25",64
"2018-11-04 21:42:25",64
"2018-11-04 22:42:27",64
"2018-11-04 23:42:27",64
"2018-11-05 00:42:26",64
"2018-11-05 01:42:26",64
"2018-11-05 02:42:25",64
"2018-11-05 03:42:27",64
"2018-11-05 04:42:28",64
"2018-11-05 05:42:27",64
"2018-11-05 06:42:25",64
"2018-11-05 07:42:26",64
"2018-11-05 08:42:26",64
"2018-11-05 09:42:26",64
"2018-11-05 10:42:25",64
"2018-11-05 11:42:25",64
"2018-11-05 12:42:25",64
"2018-11-05 13:42:26",64
"2018-11-05 14:42:31",64
"2018-11-05 15:42:27",66
"2018-11-05 16:42:28",66
"2018-11-05 17:42:26",66
"2018-11-05 18:42:25",65
"2018-11-05 19:42:26",66
"2018-11-05 20:42:27",66
"2018-11-05 21:42:28",66
"2018-11-05 22:42:28",66
"2018-11-05 23:42:26",66
"2018-11-06 00:42:26",66
"2018-11-06 01:42:26",66
"2018-11-06 02:42:26",66
"2018-11-06 03:42:27",66
"2018-11-06 04:42:27",66
"2018-11-06 05:42:27",66
"2018-11-06 06:42:26",66
"2018-11-06 07:42:28",66
"2018-11-06 08:42:27",66
"2018-11-06 09:42:27",66
"2018-11-06 10:42:27",66
"2018-11-06 11:42:27",66
"2018-11-06 12:42:27",66
"2018-11-06 13:42:28",66
"2018-11-06 14:42:31",66
"2018-11-06 15:42:30",66
"2018-11-06 16:42:30",66
"2018-11-06 17:42:33",66
"2018-11-06 18:42:29",66
"2018-11-06 19:42:27",66
"2018-11-06 20:42:29",66
"2018-11-06 21:42:28",66
"2018-11-06 22:42:29",66
"2018-11-06 23:42:27",66
"2018-11-07 00:42:28",66
"2018-11-07 01:42:28",66
"2018-11-07 02:42:28",66
"2018-11-07 03:42:28",66
"2018-11-07 04:42:27",66
"2018-11-07 05:42:27",66
"2018-11-07 06:42:27",66
"2018-11-07 07:42:27",66
"2018-11-07 08:42:27",66
"2018-11-07 09:42:27",66
"2018-11-07 10:42:27",66
"2018-11-07 11:42:27",66
"2018-11-07 12:42:27",66
"2018-11-07 13:42:27",66
"2018-11-07 14:42:32",66
"2018-11-07 15:42:28",67
"2018-11-07 16:42:27",67
"2018-11-07 17:42:29",67
"2018-11-07 18:42:30",66
"2018-11-07 19:42:30",66
"2018-11-07 20:42:30",66
"2018-11-07 21:42:27",66
"2018-11-07 22:42:28",66
"2018-11-07 23:42:27",66
"2018-11-08 00:42:27",66
"2018-11-08 01:42:28",66
"2018-11-08 02:42:27",66
"2018-11-08 03:42:27",66
"2018-11-08 04:42:27",66
"2018-11-08 05:42:28",66
"2018-11-08 06:42:39",66
"2018-11-08 07:42:27",66
"2018-11-08 08:42:28",66
"2018-11-08 09:42:27",66
"2018-11-08 10:42:27",66
"2018-11-08 11:42:27",66
"2018-11-08 12:42:28",66
"2018-11-08 13:42:27",66
"2018-11-08 14:42:30",66
"2018-11-08 15:42:29",66
"2018-11-08 16:42:29",66
"2018-11-08 17:42:27",66
"2018-11-08 18:42:27",66
"2018-11-08 19:42:28",65
"2018-11-08 20:42:31",65
"2018-11-08 21:42:29",66
"2018-11-08 22:42:27",66
"2018-11-08 23:42:27",66
"2018-11-09 00:42:28",66
"2018-11-09 01:42:28",66
"2018-11-09 02:42:28",66
"2018-11-09 03:42:28",66
"2018-11-09 04:42:28",66
"2018-11-09 05:42:28",66
"2018-11-09 06:42:27",66
"2018-11-09 07:42:28",66
"2018-11-09 08:42:27",66
"2018-11-09 09:42:27",66
"2018-11-09 10:42:26",66
"2018-11-09 11:42:27",66
"2018-11-09 12:42:27",66
"2018-11-09 13:42:27",66
"2018-11-09 15:06:32",66
"2018-11-09 15:42:31",66
"2018-11-09 16:42:29",67
"2018-11-09 17:42:29",66
"2018-11-09 18:42:29",66
"2018-11-09 19:42:32",66
"2018-11-09 20:42:31",66
"2018-11-09 21:42:29",66
"2018-11-09 22:42:29",66
"2018-11-09 23:42:28",66
"2018-11-10 00:42:28",66
"2018-11-10 01:42:29",66
"2018-11-10 02:42:28",66
"2018-11-10 03:42:29",66
"2018-11-10 04:42:29",66
"2018-11-10 05:42:28",66
"2018-11-10 06:42:28",66
"2018-11-10 07:42:28",66
"2018-11-10 08:42:28",66
"2018-11-10 09:42:29",66
"2018-11-10 10:42:27",66
"2018-11-10 11:42:28",66
"2018-11-10 12:42:28",66
"2018-11-10 13:42:28",66
"2018-11-10 14:42:28",66
"2018-11-10 15:42:31",66
"2018-11-10 16:42:29",66
"2018-11-10 17:42:29",66
"2018-11-10 18:42:30",66
"2018-11-10 19:42:30",66
"2018-11-10 20:42:29",66
"2018-11-10 21:42:29",66
"2018-11-10 22:42:29",66
"2018-11-10 23:42:29",66
"2018-11-11 00:42:29",66
"2018-11-11 01:42:29",66
"2018-11-11 02:42:27",66
"2018-11-11 03:42:29",66
"2018-11-11 04:42:28",66
"2018-11-11 05:42:29",66
"2018-11-11 06:42:28",66
"2018-11-11 07:42:30",66
"2018-11-11 08:42:28",66
"2018-11-11 09:42:29",66
"2018-11-11 10:42:29",66
"2018-11-11 11:42:28",66
"2018-11-11 12:42:29",66
"2018-11-11 13:42:28",66
"2018-11-11 14:42:29",66
"2018-11-11 15:42:30",66
"2018-11-11 16:42:28",66
"2018-11-11 17:42:29",66
"2018-11-11 18:42:29",66
"2018-11-11 19:42:28",66
"2018-11-11 20:42:29",66
"2018-11-11 21:42:28",66
"2018-11-11 22:42:29",66
"2018-11-11 23:42:28",66
"2018-11-12 00:42:29",66
"2018-11-12 01:42:28",66
"2018-11-12 02:42:29",66
"2018-11-12 03:42:29",66
"2018-11-12 04:42:29",66
"2018-11-12 05:42:29",66
"2018-11-12 06:42:29",66
"2018-11-12 07:42:29",66
"2018-11-12 08:42:29",66
"2018-11-12 09:42:29",66
"2018-11-12 10:42:29",66
"2018-11-12 11:42:29",66
"2018-11-12 12:42:28",66
"2018-11-12 13:42:29",66
"2018-11-12 14:42:31",66
"2018-11-12 15:42:29",66
"2018-11-12 16:42:31",66
"2018-11-12 17:42:28",66
"2018-11-12 18:42:28",66
"2018-11-12 19:42:29",66
"2018-11-12 20:42:29",66
"2018-11-12 21:42:28",66
"2018-11-12 22:42:29",66
"2018-11-12 23:42:28",66
"2018-11-13 00:42:29",66
"2018-11-13 01:42:29",66
"2018-11-13 02:42:30",66
"2018-11-13 03:42:29",66
"2018-11-13 04:42:28",66
"2018-11-13 05:42:28",66
"2018-11-13 06:42:29",66
"2018-11-13 07:42:29",66
"2018-11-13 08:42:31",66
"2018-11-13 09:42:29",66
"2018-11-13 10:42:30",66
"2018-11-13 11:42:29",66
"2018-11-13 12:42:29",66
"2018-11-13 13:42:28",66
"2018-11-13 14:42:32",66
"2018-11-13 15:42:29",67
"2018-11-13 16:42:29",67
"2018-11-13 17:42:29",67
"2018-11-13 18:42:28",68
"2018-11-13 19:42:29",68
"2018-11-13 20:42:28",68
"2018-11-13 21:42:28",68
"2018-11-13 22:42:28",68
"2018-11-13 23:42:29",68
"2018-11-14 00:42:28",68
"2018-11-14 01:42:29",68
"2018-11-14 02:42:28",68
"2018-11-14 03:42:28",68
"2018-11-14 04:42:29",68
"2018-11-14 05:42:28",68
"2018-11-14 06:42:29",68
"2018-11-14 07:42:29",68
"2018-11-14 08:42:28",68
"2018-11-14 09:42:29",68
"2018-11-14 10:42:28",68
"2018-11-14 11:42:30",68
"2018-11-14 12:42:29",68
"2018-11-14 13:42:29",68
"2018-11-14 14:42:30",68
"2018-11-14 15:42:30",67
"2018-11-14 16:42:31",67
"2018-11-14 17:42:30",67
"2018-11-14 18:42:31",67
"2018-11-14 19:42:30",67
"2018-11-14 20:42:30",67
"2018-11-14 21:42:31",67
"2018-11-14 22:42:30",67
"2018-11-14 23:42:29",67
"2018-11-15 00:42:29",67
"2018-11-15 01:42:29",67
"2018-11-15 02:42:29",67
"2018-11-15 03:42:29",67
"2018-11-15 04:42:29",67
"2018-11-15 05:42:30",67
"2018-11-15 06:42:28",67
"2018-11-15 07:42:28",67
"2018-11-15 08:42:28",67
"2018-11-15 09:42:29",67
"2018-11-15 10:42:29",67
"2018-11-15 11:42:28",67
"2018-11-15 12:42:28",67
"2018-11-15 13:42:29",67
"2018-11-15 14:42:30",67
"2018-11-15 15:42:30",67
"2018-11-15 16:42:28",67
"2018-11-15 17:42:31",67
"2018-11-15 18:42:30",67
"2018-11-15 19:42:28",67
"2018-11-15 20:42:31",67
"2018-11-15 21:42:32",67
"2018-11-15 22:42:30",67
"2018-11-15 23:42:29",67
"2018-11-16 00:42:29",67
"2018-11-16 01:42:28",67
"2018-11-16 02:42:28",67
"2018-11-16 03:42:28",67
"2018-11-16 04:42:28",67
"2018-11-16 05:42:28",67
"2018-11-16 06:42:29",67
"2018-11-16 07:42:29",67
"2018-11-16 08:42:28",67
"2018-11-16 09:42:29",67
"2018-11-16 10:42:29",67
"2018-11-16 11:42:28",67
"2018-11-16 12:42:28",67
"2018-11-16 13:42:28",67
"2018-11-16 14:42:30",67
"2018-11-16 15:42:30",67
"2018-11-16 16:42:29",67
"2018-11-16 17:42:29",68
"2018-11-16 18:42:29",68
"2018-11-16 19:42:28",68
"2018-11-16 20:42:32",68
"2018-11-16 21:42:30",68
"2018-11-16 22:42:30",68
"2018-11-16 23:42:30",68
"2018-11-17 00:42:30",68
"2018-11-17 01:42:29",68
"2018-11-17 02:42:28",68
"2018-11-17 03:42:33",68
"2018-11-17 04:42:29",68
"2018-11-17 05:42:29",68
"2018-11-17 06:42:30",68
"2018-11-17 07:42:27",68
"2018-11-17 08:42:29",68
"2018-11-17 09:42:29",68
"2018-11-17 10:42:29",68
"2018-11-17 11:42:29",68
"2018-11-17 12:42:29",68
"2018-11-17 13:42:29",68
"2018-11-17 14:42:31",68
"2018-11-17 15:42:29",68
"2018-11-17 16:42:28",68
"2018-11-17 17:42:30",68
"2018-11-17 18:42:29",68
"2018-11-17 19:42:29",68
"2018-11-17 20:42:28",68
"2018-11-17 21:42:29",68
"2018-11-17 22:42:28",68
"2018-11-17 23:42:28",68
"2018-11-18 00:42:28",68
"2018-11-18 01:42:29",68
"2018-11-18 02:42:29",68
"2018-11-18 03:42:30",68
"2018-11-18 04:42:28",68
"2018-11-18 05:42:28",68
"2018-11-18 06:42:29",68
"2018-11-18 07:42:28",68
"2018-11-18 08:42:28",68
"2018-11-18 09:42:29",68
"2018-11-18 10:42:28",68
"2018-11-18 11:42:28",68
"2018-11-18 12:42:28",68
"2018-11-18 13:42:28",68
"2018-11-18 14:42:29",68
"2018-11-18 15:42:29",68
"2018-11-18 16:42:28",68
"2018-11-18 17:42:29",68
"2018-11-18 18:42:29",68
"2018-11-18 19:42:28",68
"2018-11-18 20:42:29",68
"2018-11-18 21:42:28",68
"2018-11-18 22:42:28",68
"2018-11-18 23:42:29",68
"2018-11-19 00:42:29",68
"2018-11-19 01:42:29",68
"2018-11-19 02:42:29",68
"2018-11-19 03:42:29",68
"2018-11-19 04:42:28",68
"2018-11-19 05:42:28",68
"2018-11-19 06:42:28",68
"2018-11-19 07:42:29",68
"2018-11-19 08:42:28",68
"2018-11-19 09:42:28",68
"2018-11-19 10:42:29",68
"2018-11-19 11:42:28",68
"2018-11-19 12:42:29",68
"2018-11-19 13:42:27",68
"2018-11-19 14:42:30",68
"2018-11-19 15:42:28",67
"2018-11-19 16:42:31",67
"2018-11-19 17:42:31",67
"2018-11-19 18:42:30",67
"2018-11-19 19:42:29",67
"2018-11-19 20:42:29",67
"2018-11-19 21:42:29",67
"2018-11-19 22:42:29",67
"2018-11-19 23:42:29",67
"2018-11-20 00:42:29",67
"2018-11-20 01:42:29",67
"2018-11-20 02:42:30",67
"2018-11-20 03:42:30",67
"2018-11-20 04:42:28",67
"2018-11-20 05:42:28",67
"2018-11-20 06:42:29",67
"2018-11-20 07:42:29",67
"2018-11-20 08:42:29",67
"2018-11-20 09:42:29",67
"2018-11-20 10:42:29",67
"2018-11-20 11:42:28",67
"2018-11-20 12:42:28",67
"2018-11-20 13:42:30",67
"2018-11-20 14:42:32",67
"2018-11-20 15:42:31",67
"2018-11-20 16:42:28",67
"2018-11-20 17:42:28",67
"2018-11-20 18:42:32",67
"2018-11-20 19:42:29",67
"2018-11-20 20:42:29",67
"2018-11-20 21:42:31",67
"2018-11-20 22:42:29",67
"2018-11-20 23:42:28",67
"2018-11-21 00:42:27",67
"2018-11-21 01:42:27",67
"2018-11-21 02:42:27",67
"2018-11-21 03:42:28",67
"2018-11-21 04:42:28",67
"2018-11-21 05:42:29",67
"2018-11-21 06:42:29",67
"2018-11-21 07:42:29",67
"2018-11-21 08:42:29",67
"2018-11-21 09:42:28",67
"2018-11-21 10:42:28",67
"2018-11-21 11:42:27",67
"2018-11-21 12:42:27",67
"2018-11-21 13:42:27",67
"2018-11-21 14:42:31",67
"2018-11-21 16:42:28",68
"2018-11-21 17:42:32",68
"2018-11-21 18:42:28",68
"2018-11-21 19:42:29",68
"2018-11-21 20:42:30",68
"2018-11-21 21:42:29",68
"2018-11-21 22:42:28",68
"2018-11-21 23:42:28",68
"2018-11-22 00:42:28",68
"2018-11-22 01:42:28",68
"2018-11-22 02:42:29",68
"2018-11-22 03:42:28",68
"2018-11-22 04:42:29",68
"2018-11-22 05:42:28",68
"2018-11-22 06:42:28",68
"2018-11-22 07:42:28",68
"2018-11-22 08:42:28",68
"2018-11-22 09:42:28",68
"2018-11-22 10:42:28",68
"2018-11-22 11:42:29",68
"2018-11-22 12:42:28",68
"2018-11-22 13:42:28",68
"2018-11-22 14:42:28",68
"2018-11-22 15:42:29",68
"2018-11-22 16:42:27",68
"2018-11-22 17:42:29",68
"2018-11-22 18:42:27",68
"2018-11-22 19:42:28",68
"2018-11-22 20:42:28",68
"2018-11-22 21:42:28",68
"2018-11-22 22:42:28",68
"2018-11-22 23:42:28",68
"2018-11-23 00:42:28",68
"2018-11-23 01:42:27",68
"2018-11-23 02:42:28",68
"2018-11-23 03:42:28",68
"2018-11-23 04:42:29",68
"2018-11-23 05:42:28",68
"2018-11-23 06:42:28",68
"2018-11-23 07:42:28",68
"2018-11-23 08:42:28",68
"2018-11-23 09:42:28",68
"2018-11-23 10:42:28",68
"2018-11-23 11:42:29",68
"2018-11-23 12:42:29",68
"2018-11-23 13:42:28",68
"2018-11-23 14:42:29",68
"2018-11-23 15:42:29",68
"2018-11-23 16:42:27",68
"2018-11-23 17:42:28",68
"2018-11-23 18:42:27",68
"2018-11-23 19:42:29",68
"2018-11-23 20:42:29",68
"2018-11-23 21:42:29",68
"2018-11-23 22:42:28",68
"2018-11-23 23:42:30",68
"2018-11-24 00:42:28",68
"2018-11-24 01:42:29",68
"2018-11-24 02:42:31",68
"2018-11-24 03:42:29",68
"2018-11-24 04:42:30",68
"2018-11-24 05:42:30",68
"2018-11-24 06:42:29",68
"2018-11-24 07:42:29",68
"2018-11-24 08:42:29",68
"2018-11-24 09:42:28",68
"2018-11-24 10:42:28",68
"2018-11-24 11:42:30",68
"2018-11-24 12:42:29",68
"2018-11-24 13:42:28",68
"2018-11-24 14:42:29",68
"2018-11-24 15:42:29",68
"2018-11-24 16:42:28",68
"2018-11-24 17:42:30",68
"2018-11-24 18:42:28",68
"2018-11-24 19:42:28",68
"2018-11-24 20:42:30",68
"2018-11-24 21:42:29",68
"2018-11-24 22:42:28",68
"2018-11-24 23:42:29",68
"2018-11-25 00:42:29",68
"2018-11-25 01:42:29",68
"2018-11-25 02:42:29",68
"2018-11-25 03:42:28",68
"2018-11-25 04:42:29",68
"2018-11-25 05:42:29",68
"2018-11-25 06:42:29",68
"2018-11-25 07:42:29",68
"2018-11-25 08:42:28",68
"2018-11-25 09:42:29",68
"2018-11-25 10:42:28",68
"2018-11-25 11:42:29",68
"2018-11-25 12:42:28",68
"2018-11-25 13:42:29",68
"2018-11-25 14:42:29",68
"2018-11-25 15:42:29",68
"2018-11-25 16:42:29",68
"2018-11-25 17:42:29",68
"2018-11-25 18:42:29",68
"2018-11-25 19:42:30",68
"2018-11-25 20:42:29",68
"2018-11-25 21:42:28",68
"2018-11-25 22:42:29",68
"2018-11-25 23:42:29",68
"2018-11-26 00:42:28",68
"2018-11-26 01:42:29",68
"2018-11-26 02:42:30",68
"2018-11-26 03:42:29",68
"2018-11-26 04:42:28",68
"2018-11-26 05:42:29",68
"2018-11-26 06:42:28",68
"2018-11-26 07:42:28",68
"2018-11-26 08:42:28",68
"2018-11-26 09:42:29",68
"2018-11-26 10:42:29",68
"2018-11-26 11:42:29",68
"2018-11-26 12:42:28",68
"2018-11-26 13:42:28",68
"2018-11-26 14:42:32",68
"2018-11-26 15:42:29",68
"2018-11-26 16:42:29",68
"2018-11-26 17:42:29",68
"2018-11-26 18:42:29",68
"2018-11-26 19:42:28",68
"2018-11-26 20:42:30",68
"2018-11-26 21:42:27",69
"2018-11-26 22:42:30",69
"2018-11-26 23:42:31",69
"2018-11-27 00:42:30",69
"2018-11-27 01:42:29",69
"2018-11-27 02:42:29",69
"2018-11-27 03:42:28",69
"2018-11-27 04:42:28",69
"2018-11-27 05:42:28",69
"2018-11-27 06:42:29",69
"2018-11-27 07:42:28",69
"2018-11-27 08:42:28",69
"2018-11-27 09:42:28",69
"2018-11-27 10:44:15",69
"2018-11-27 11:42:28",69
"2018-11-27 12:42:28",69
"2018-11-27 13:42:29",69
"2018-11-27 14:42:31",69
"2018-11-27 15:42:30",69
"2018-11-27 16:42:31",69
"2018-11-27 17:42:31",69
"2018-11-27 18:42:30",70
"2018-11-27 19:42:31",70
"2018-11-27 20:42:30",70
"2018-11-27 21:42:31",70
"2018-11-27 22:42:31",70
"2018-11-27 23:42:31",70
"2018-11-28 00:42:30",70
"2018-11-28 01:42:30",70
"2018-11-28 02:42:30",70
"2018-11-28 03:42:31",70
"2018-11-28 04:42:31",70
"2018-11-28 05:42:30",70
"2018-11-28 06:42:29",70
"2018-11-28 07:42:28",70
"2018-11-28 08:42:30",70
"2018-11-28 09:42:32",70
"2018-11-28 10:42:30",70
"2018-11-28 11:42:29",70
"2018-11-28 12:42:29",70
"2018-11-28 14:07:31",70
"2018-11-28 14:42:30",70
"2018-11-28 15:42:32",71
"2018-11-28 16:42:30",71
"2018-11-28 17:42:32",71
"2018-11-28 18:42:29",71
"2018-11-28 19:42:30",71
"2018-11-28 20:42:30",71
"2018-11-28 21:42:29",71
"2018-11-28 22:42:28",71
"2018-11-28 23:42:27",71
"2018-11-29 00:42:28",71
"2018-11-29 01:42:29",71
"2018-11-29 02:42:29",71
"2018-11-29 03:42:28",71
"2018-11-29 04:42:28",71
"2018-11-29 05:42:28",71
"2018-11-29 06:42:29",71
"2018-11-29 07:42:27",71
"2018-11-29 08:42:27",71
"2018-11-29 09:42:28",71
"2018-11-29 10:42:28",71
"2018-11-29 11:42:28",71
"2018-11-29 12:42:28",71
"2018-11-29 13:42:29",71
"2018-11-29 15:07:34",71
"2018-11-29 15:42:30",71
"2018-11-29 16:42:30",71
"2018-11-29 17:42:32",71
"2018-11-29 18:42:32",71
"2018-11-29 19:42:30",70
"2018-11-29 20:42:29",70
"2018-11-29 21:42:31",70
"2018-11-29 22:42:30",70
"2018-11-29 23:42:31",70
"2018-11-30 00:42:31",70
"2018-11-30 01:42:31",70
"2018-11-30 02:42:29",70
"2018-11-30 03:42:31",70
"2018-11-30 04:42:29",70
"2018-11-30 05:42:31",70
"2018-11-30 06:42:30",70
"2018-11-30 07:42:29",70
"2018-11-30 08:42:29",70
"2018-11-30 09:42:30",70
"2018-11-30 10:42:30",70
"2018-11-30 11:42:28",70
"2018-11-30 12:42:29",70
"2018-11-30 13:42:29",70
"2018-11-30 14:42:32",70
"2018-11-30 15:42:31",70
"2018-11-30 16:42:30",70
"2018-11-30 17:42:30",70
"2018-11-30 18:42:29",70
"2018-11-30 19:42:29",70
"2018-11-30 20:42:30",70
"2018-11-30 21:42:29",70
"2018-11-30 22:42:32",70
"2018-11-30 23:42:30",70
"2018-12-01 00:42:29",70
"2018-12-01 01:42:29",70
"2018-12-01 02:42:29",70
"2018-12-01 03:42:30",70
"2018-12-01 04:42:29",70
"2018-12-01 05:42:30",70
"2018-12-01 06:42:29",70
"2018-12-01 07:42:28",70
"2018-12-01 08:42:29",70
"2018-12-01 09:42:29",70
"2018-12-01 10:42:29",70
"2018-12-01 11:42:30",70
"2018-12-01 12:42:29",70
"2018-12-01 13:42:29",70
"2018-12-01 14:42:29",70
"2018-12-01 15:42:29",70
"2018-12-01 16:42:29",70
"2018-12-01 17:42:29",70
"2018-12-01 18:42:29",70
"2018-12-01 19:42:28",70
"2018-12-01 20:42:29",70
"2018-12-01 21:42:29",70
"2018-12-01 22:42:31",70
"2018-12-01 23:42:30",70
"2018-12-02 00:42:28",70
"2018-12-02 01:42:29",70
"2018-12-02 02:42:29",70
"2018-12-02 03:42:29",70
"2018-12-02 04:42:29",70
"2018-12-02 05:42:29",70
"2018-12-02 06:42:29",70
"2018-12-02 07:42:30",70
"2018-12-02 08:42:31",70
"2018-12-02 09:42:29",70
"2018-12-02 10:42:30",70
"2018-12-02 11:42:29",70
"2018-12-02 12:42:28",70
"2018-12-02 13:42:29",70
"2018-12-02 14:42:28",70
"2018-12-02 15:42:30",70
"2018-12-02 16:42:29",70
"2018-12-02 17:42:29",70
"2018-12-02 18:42:29",70
"2018-12-02 19:42:29",70
"2018-12-02 20:42:29",70
"2018-12-02 21:42:28",70
"2018-12-02 22:42:28",70
"2018-12-02 23:42:29",70
"2018-12-03 00:42:29",70
"2018-12-03 01:42:28",70
"2018-12-03 02:42:29",70
"2018-12-03 03:42:29",70
"2018-12-03 04:42:30",70
"2018-12-03 05:42:28",70
"2018-12-03 06:42:30",70
"2018-12-03 07:42:29",70
"2018-12-03 08:42:29",70
"2018-12-03 09:42:30",70
"2018-12-03 10:42:29",70
"2018-12-03 11:42:30",70
"2018-12-03 12:42:28",70
"2018-12-03 13:42:28",70
"2018-12-03 14:42:34",70
"2018-12-03 15:42:29",71
"2018-12-03 16:42:31",71
"2018-12-03 17:42:31",71
"2018-12-03 18:42:30",71
"2018-12-03 19:42:28",71
"2018-12-03 20:42:30",71
"2018-12-03 21:42:29",71
"2018-12-03 22:42:30",71
"2018-12-03 23:42:32",71
"2018-12-04 00:42:30",71
"2018-12-04 01:42:29",71
"2018-12-04 02:42:30",71
"2018-12-04 03:42:30",71
"2018-12-04 04:42:29",71
"2018-12-04 05:42:31",71
"2018-12-04 06:42:31",71
"2018-12-04 07:42:30",71
"2018-12-04 08:42:30",71
"2018-12-04 09:42:29",71
"2018-12-04 10:42:28",71
"2018-12-04 11:42:29",71
"2018-12-04 12:42:29",71
"2018-12-04 13:42:29",71
"2018-12-04 15:09:03",71
"2018-12-04 15:42:31",71
"2018-12-04 16:42:30",71
"2018-12-04 17:42:31",71
"2018-12-04 18:42:30",71
"2018-12-04 19:42:31",71
"2018-12-04 20:42:30",71
"2018-12-04 21:42:30",72
"2018-12-04 22:42:32",72
"2018-12-04 23:42:31",72
"2018-12-05 00:42:31",72
"2018-12-05 01:42:31",72
"2018-12-05 02:42:31",72
"2018-12-05 03:42:30",72
"2018-12-05 04:42:33",72
"2018-12-05 05:42:33",72
"2018-12-05 06:42:30",72
"2018-12-05 07:42:29",72
"2018-12-05 08:42:29",72
"2018-12-05 09:42:29",72
"2018-12-05 10:42:30",72
"2018-12-05 11:42:30",72
"2018-12-05 12:42:29",72
"2018-12-05 13:42:29",72
"2018-12-05 14:42:29",72
"2018-12-05 15:42:30",72
"2018-12-05 16:42:29",72
"2018-12-05 17:42:30",72
"2018-12-05 18:42:30",72
"2018-12-05 19:42:31",72
"2018-12-05 20:42:30",72
"2018-12-05 21:42:31",72
"2018-12-05 22:42:30",72
"2018-12-05 23:42:31",72
"2018-12-06 00:42:31",72
"2018-12-06 01:42:31",72
"2018-12-06 02:42:30",72
"2018-12-06 03:42:31",72
"2018-12-06 04:42:28",72
"2018-12-06 05:42:29",72
"2018-12-06 06:42:29",72
"2018-12-06 07:42:28",72
"2018-12-06 08:42:31",72
"2018-12-06 09:42:31",72
"2018-12-06 10:42:29",72
"2018-12-06 11:42:30",72
"2018-12-06 12:42:30",72
"2018-12-06 13:42:30",72
"2018-12-06 14:42:31",72
"2018-12-06 15:42:31",71
"2018-12-06 16:42:30",70
"2018-12-06 17:42:31",70
"2018-12-06 18:42:30",70
"2018-12-06 19:42:30",70
"2018-12-06 20:42:30",70
"2018-12-06 21:42:30",70
"2018-12-06 22:42:29",70
"2018-12-06 23:42:32",70
"2018-12-07 00:42:34",70
"2018-12-07 01:42:33",70
"2018-12-07 02:42:32",70
"2018-12-07 03:42:33",70
"2018-12-07 04:42:34",70
"2018-12-07 05:42:33",70
"2018-12-07 06:42:33",70
"2018-12-07 07:42:32",70
"2018-12-07 08:42:32",70
"2018-12-07 09:42:32",70
"2018-12-07 10:42:32",70
"2018-12-07 11:42:32",70
"2018-12-07 12:42:33",70
"2018-12-07 14:07:33",70
"2018-12-07 14:42:36",70
"2018-12-07 16:07:38",70
"2018-12-07 16:42:33",70
"2018-12-07 17:42:34",70
"2018-12-07 18:42:33",70
"2018-12-07 19:42:36",70
"2018-12-07 20:42:34",70
"2018-12-07 21:42:33",70
"2018-12-07 22:42:35",70
"2018-12-07 23:42:36",70
"2018-12-08 00:42:34",70
"2018-12-08 01:42:33",70
"2018-12-08 03:42:35",70
"2018-12-08 04:42:34",70
"2018-12-08 05:42:35",70
"2018-12-08 06:42:33",70
"2018-12-08 07:42:34",70
"2018-12-08 08:42:33",70
"2018-12-08 09:42:33",70
"2018-12-08 10:42:34",70
"2018-12-08 11:42:33",70
"2018-12-08 12:42:34",70
"2018-12-08 13:42:32",70
"2018-12-08 14:42:33",70
"2018-12-08 15:42:33",70
"2018-12-08 16:42:34",70
"2018-12-08 17:42:34",70
"2018-12-08 18:42:32",70
"2018-12-08 19:42:34",70
"2018-12-08 20:42:36",70
"2018-12-08 21:42:36",70
"2018-12-08 22:42:33",70
"2018-12-08 23:42:35",70
"2018-12-09 00:42:34",70
"2018-12-09 01:42:35",70
"2018-12-09 02:42:34",70
"2018-12-09 03:42:33",70
"2018-12-09 04:42:33",70
"2018-12-09 05:42:33",70
"2018-12-09 06:42:33",70
"2018-12-09 07:42:35",70
"2018-12-09 08:42:34",70
"2018-12-09 09:42:36",70
"2018-12-09 10:42:33",70
"2018-12-09 11:42:35",70
"2018-12-09 12:42:33",70
"2018-12-09 13:42:34",70
"2018-12-09 14:42:33",70
"2018-12-09 15:42:34",70
"2018-12-09 16:42:33",70
"2018-12-09 17:42:33",70
"2018-12-09 18:42:33",70
"2018-12-09 19:42:32",70
"2018-12-09 20:42:33",70
"2018-12-09 21:42:33",70
"2018-12-09 22:42:35",70
"2018-12-09 23:42:34",70
"2018-12-10 00:42:35",70
"2018-12-10 01:42:33",70
"2018-12-10 02:42:33",70
"2018-12-10 03:42:33",70
"2018-12-10 04:42:35",70
"2018-12-10 05:42:33",70
"2018-12-10 06:42:36",70
"2018-12-10 07:42:36",70
"2018-12-10 08:42:33",70
"2018-12-10 09:42:34",70
"2018-12-10 10:42:34",70
"2018-12-10 11:42:33",70
"2018-12-10 12:42:34",70
"2018-12-10 13:42:36",70
"2018-12-10 15:06:08",69
"2018-12-10 15:42:32",69
"2018-12-10 16:42:33",69
"2018-12-10 17:42:34",69
"2018-12-10 18:42:33",69
"2018-12-10 19:42:34",69
"2018-12-10 20:42:31",69
"2018-12-10 21:42:33",69
"2018-12-10 22:42:33",69
"2018-12-10 23:42:33",69
"2018-12-11 00:42:33",69
"2018-12-11 01:42:32",69
"2018-12-11 02:42:33",69
"2018-12-11 03:42:33",69
"2018-12-11 04:42:32",69
"2018-12-11 05:42:34",69
"2018-12-11 06:42:33",69
"2018-12-11 07:42:33",69
"2018-12-11 08:42:33",69
"2018-12-11 09:42:32",69
"2018-12-11 10:42:32",69
"2018-12-11 11:42:33",69
"2018-12-11 12:42:33",69
"2018-12-11 13:42:32",69
"2018-12-11 15:07:07",69
"2018-12-11 15:42:34",69
"2018-12-11 16:42:34",69
"2018-12-11 17:42:34",69
"2018-12-11 18:42:34",69
"2018-12-11 19:42:34",69
"2018-12-11 20:42:34",69
"2018-12-11 21:42:36",69
"2018-12-11 22:42:35",69
"2018-12-11 23:42:34",69
"2018-12-12 00:42:33",69
"2018-12-12 01:42:33",69
"2018-12-12 02:42:34",69
"2018-12-12 03:42:34",69
"2018-12-12 04:42:33",69
"2018-12-12 05:42:32",69
"2018-12-12 06:42:33",69
"2018-12-12 07:42:33",69
"2018-12-12 08:42:34",69
"2018-12-12 09:42:34",69
"2018-12-12 10:42:34",69
"2018-12-12 11:42:35",69
"2018-12-12 12:42:36",69
"2018-12-12 14:08:10",69
"2018-12-12 14:42:35",69
"2018-12-12 15:42:34",69
"2018-12-12 16:42:35",69
"2018-12-12 17:42:35",69
"2018-12-12 18:42:34",69
"2018-12-12 19:42:34",69
"2018-12-12 20:42:34",69
"2018-12-12 21:42:34",69
"2018-12-12 22:42:35",69
"2018-12-12 23:42:35",69
"2018-12-13 00:42:33",69
"2018-12-13 01:42:34",69
"2018-12-13 02:42:35",69
"2018-12-13 03:42:34",69
"2018-12-13 04:42:37",69
"2018-12-13 05:42:36",69
"2018-12-13 06:42:36",69
"2018-12-13 07:42:34",69
"2018-12-13 08:42:33",69
"2018-12-13 09:42:34",69
"2018-12-13 10:42:33",69
"2018-12-13 11:42:33",69
"2018-12-13 12:42:33",69
"2018-12-13 14:06:37",69
"2018-12-13 14:42:35",69
"2018-12-13 15:42:36",70
"2018-12-13 16:42:34",70
"2018-12-13 17:42:35",70
"2018-12-13 18:42:35",70
"2018-12-13 19:42:35",70
"2018-12-13 20:42:35",70
"2018-12-13 21:42:34",70
"2018-12-13 22:42:35",70
"2018-12-13 23:42:34",70
"2018-12-14 00:42:34",70
"2018-12-14 01:42:34",70
"2018-12-14 02:42:33",70
"2018-12-14 03:42:33",70
"2018-12-14 04:42:36",70
"2018-12-14 05:42:34",70
"2018-12-14 06:42:34",70
"2018-12-14 07:42:34",70
"2018-12-14 08:42:34",70
"2018-12-14 09:42:34",70
"2018-12-14 10:42:34",70
"2018-12-14 11:42:34",70
"2018-12-14 12:42:34",70
"2018-12-14 14:06:37",70
"2018-12-14 14:42:35",70
"2018-12-14 15:42:35",71
"2018-12-14 16:42:34",71
"2018-12-14 17:42:35",71
"2018-12-14 18:42:37",71
"2018-12-14 19:42:37",71
"2018-12-14 20:42:36",71
"2018-12-14 21:42:34",72
"2018-12-14 22:42:36",72
"2018-12-14 23:42:35",72
"2018-12-15 00:42:34",72
"2018-12-15 01:42:36",72
"2018-12-15 02:42:33",72
"2018-12-15 03:42:34",72
"2018-12-15 04:42:33",72
"2018-12-15 05:42:36",72
"2018-12-15 06:42:34",72
"2018-12-15 07:42:34",72
"2018-12-15 08:42:33",72
"2018-12-15 09:42:33",72
"2018-12-15 10:42:34",72
"2018-12-15 11:42:34",72
"2018-12-15 12:42:35",72
"2018-12-15 13:42:34",72
"2018-12-15 14:42:34",72
"2018-12-15 15:42:35",72
"2018-12-15 16:42:34",72
"2018-12-15 17:42:35",72
"2018-12-15 18:42:34",72
"2018-12-15 19:42:34",72
"2018-12-15 20:42:34",72
"2018-12-15 21:42:33",72
"2018-12-15 22:42:34",72
"2018-12-15 23:42:33",72
"2018-12-16 00:42:34",72
"2018-12-16 01:42:34",72
"2018-12-16 02:42:33",72
"2018-12-16 03:42:34",72
"2018-12-16 04:42:36",72
"2018-12-16 05:42:33",72
"2018-12-16 06:42:36",72
"2018-12-16 07:42:34",72
"2018-12-16 08:42:33",72
"2018-12-16 09:42:35",72
"2018-12-16 10:42:34",72
"2018-12-16 11:42:34",72
"2018-12-16 12:42:33",72
"2018-12-16 13:42:34",72
"2018-12-16 14:42:34",72
"2018-12-16 15:42:33",72
"2018-12-16 16:42:33",72
"2018-12-16 17:42:36",72
"2018-12-16 18:42:34",72
"2018-12-16 19:42:34",72
"2018-12-16 20:42:34",72
"2018-12-16 21:42:34",72
"2018-12-16 22:42:36",72
"2018-12-16 23:42:36",72
"2018-12-17 00:42:35",72
"2018-12-17 01:42:33",72
"2018-12-17 02:42:34",72
"2018-12-17 03:42:34",72
"2018-12-17 04:42:37",72
"2018-12-17 05:42:34",72
"2018-12-17 06:42:35",72
"2018-12-17 07:42:34",72
"2018-12-17 08:42:34",72
"2018-12-17 09:42:34",72
"2018-12-17 10:42:34",72
"2018-12-17 11:42:33",72
"2018-12-17 12:42:34",72
"2018-12-17 13:42:36",72
"2018-12-17 14:42:38",72
"2018-12-17 15:42:35",72
"2018-12-17 16:42:35",72
"2018-12-17 17:42:34",71
"2018-12-17 18:42:35",71
"2018-12-17 20:08:07",70
"2018-12-17 20:42:35",70
"2018-12-17 21:42:36",70
"2018-12-17 22:42:35",70
"2018-12-17 23:42:34",70
"2018-12-18 00:42:34",70
"2018-12-18 01:42:35",70
"2018-12-18 02:42:33",70
"2018-12-18 03:42:34",70
"2018-12-18 04:42:34",70
"2018-12-18 05:42:34",70
"2018-12-18 06:42:34",70
"2018-12-18 07:42:34",70
"2018-12-18 08:42:34",70
"2018-12-18 09:42:33",70
"2018-12-18 10:42:34",70
"2018-12-18 11:42:33",70
"2018-12-18 12:42:34",70
"2018-12-18 13:42:34",70
"2018-12-18 14:42:34",70
"2018-12-18 15:42:34",70
"2018-12-18 16:42:33",70
"2018-12-18 17:42:34",72
"2018-12-18 18:42:33",72
"2018-12-18 19:42:33",72
"2018-12-18 20:42:35",72
"2018-12-18 21:42:35",72
"2018-12-18 22:42:34",72
"2018-12-18 23:42:35",72
"2018-12-19 00:42:34",72
"2018-12-19 01:42:35",72
"2018-12-19 02:42:34",72
"2018-12-19 03:42:35",72
"2018-12-19 04:42:35",72
"2018-12-19 05:42:36",72
"2018-12-19 06:42:35",72
"2018-12-19 07:42:34",72
"2018-12-19 08:42:34",72
"2018-12-19 09:42:35",72
"2018-12-19 11:42:34",72
"2018-12-19 12:42:34",72
"2018-12-19 13:42:33",72
"2018-12-19 14:42:34",72
"2018-12-19 15:42:34",72
"2018-12-19 16:42:34",72
"2018-12-19 17:42:33",73
"2018-12-19 18:42:35",73
"2018-12-19 19:42:34",73
"2018-12-19 20:42:34",73
"2018-12-19 21:42:38",73
"2018-12-19 22:42:38",73
"2018-12-19 23:42:37",73
"2018-12-20 00:42:37",73
"2018-12-20 01:42:36",73
"2018-12-20 02:42:36",73
"2018-12-20 03:42:36",73
"2018-12-20 04:42:36",73
"2018-12-20 05:42:34",73
"2018-12-20 06:42:35",73
"2018-12-20 07:42:37",73
"2018-12-20 08:42:36",73
"2018-12-20 09:42:34",73
"2018-12-20 10:42:35",73
"2018-12-20 11:42:34",73
"2018-12-20 12:42:33",73
"2018-12-20 13:42:34",73
"2018-12-20 14:42:36",73
"2018-12-20 15:42:35",72
"2018-12-20 16:42:38",72
"2018-12-20 17:42:35",72
"2018-12-20 18:42:34",72
"2018-12-20 19:42:34",72
"2018-12-20 20:42:36",72
"2018-12-20 21:42:36",73
"2018-12-20 22:42:36",73
"2018-12-20 23:42:36",73
"2018-12-21 00:42:35",73
"2018-12-21 01:42:35",73
"2018-12-21 02:42:36",73
"2018-12-21 03:42:34",73
"2018-12-21 04:42:36",73
"2018-12-21 05:42:33",73
"2018-12-21 06:42:35",73
"2018-12-21 07:42:33",73
"2018-12-21 08:42:34",73
"2018-12-21 09:42:34",73
"2018-12-21 10:42:33",73
"2018-12-21 11:42:34",73
"2018-12-21 12:42:34",73
"2018-12-21 13:42:34",73
"2018-12-21 14:42:37",73
"2018-12-21 15:42:36",74
"2018-12-21 16:42:36",75
"2018-12-21 17:42:36",75
"2018-12-21 18:42:38",75
"2018-12-21 19:42:34",75
"2018-12-21 20:42:38",75
"2018-12-21 21:42:36",75
"2018-12-21 22:42:37",75
"2018-12-21 23:42:35",75
"2018-12-22 00:42:37",75
"2018-12-22 01:42:36",75
"2018-12-22 02:42:38",75
"2018-12-22 03:42:33",75
"2018-12-22 04:42:37",75
"2018-12-22 05:42:34",75
"2018-12-22 06:42:36",75
"2018-12-22 07:42:36",75
"2018-12-22 08:42:33",75
"2018-12-22 09:42:33",75
"2018-12-22 10:42:34",75
"2018-12-22 11:42:33",75
"2018-12-22 12:42:33",75
"2018-12-22 13:42:33",75
"2018-12-22 14:42:34",75
"2018-12-22 15:42:34",75
"2018-12-22 16:42:33",75
"2018-12-22 17:42:34",75
"2018-12-22 18:42:34",75
"2018-12-22 19:42:36",75
"2018-12-22 20:42:35",75
"2018-12-22 21:42:35",75
"2018-12-22 22:42:36",75
"2018-12-22 23:42:34",75
"2018-12-23 00:42:34",75
"2018-12-23 01:42:35",75
"2018-12-23 02:42:34",75
"2018-12-23 03:42:36",75
"2018-12-23 04:42:35",75
"2018-12-23 05:42:34",75
"2018-12-23 06:42:36",75
"2018-12-23 07:42:34",75
"2018-12-23 08:42:35",75
"2018-12-23 09:42:34",75
"2018-12-23 10:42:37",75
"2018-12-23 11:42:36",75
"2018-12-23 12:42:34",75
"2018-12-23 13:42:35",75
"2018-12-23 14:42:36",75
"2018-12-23 15:42:36",75
"2018-12-23 16:42:36",75
"2018-12-23 17:42:37",75
"2018-12-23 18:42:36",75
"2018-12-23 19:42:36",75
"2018-12-23 20:42:36",75
"2018-12-23 21:42:37",75
"2018-12-23 22:42:35",75
"2018-12-23 23:42:33",75
"2018-12-24 00:42:35",75
"2018-12-24 01:42:37",75
"2018-12-24 02:42:38",75
"2018-12-24 03:42:37",75
"2018-12-24 04:42:33",75
"2018-12-24 05:42:34",75
"2018-12-24 06:42:35",75
"2018-12-24 07:42:37",75
"2018-12-24 08:42:34",75
"2018-12-24 09:42:38",75
"2018-12-24 10:42:35",75
"2018-12-24 11:42:36",75
"2018-12-24 12:42:34",75
"2018-12-24 13:42:36",75
"2018-12-24 15:06:13",77
"2018-12-24 15:42:39",77
"2018-12-24 16:42:37",77
"2018-12-24 17:42:37",77
"2018-12-24 18:42:39",77
"2018-12-24 19:42:38",77
"2018-12-24 20:42:38",77
"2018-12-24 21:42:35",77
"2018-12-24 22:42:35",77
"2018-12-24 23:42:34",77
"2018-12-25 00:42:36",77
"2018-12-25 01:42:35",77
"2018-12-25 02:42:37",77
"2018-12-25 03:42:36",77
"2018-12-25 04:42:36",77
"2018-12-25 05:42:36",77
"2018-12-25 06:42:36",77
"2018-12-25 07:42:36",77
"2018-12-25 08:42:35",77
"2018-12-25 09:42:35",77
"2018-12-25 10:42:34",77
"2018-12-25 11:42:34",77
"2018-12-25 12:42:35",77
"2018-12-25 13:42:35",77
"2018-12-25 14:42:35",77
"2018-12-25 15:42:35",77
"2018-12-25 16:42:34",77
"2018-12-25 17:42:36",77
"2018-12-25 18:42:35",77
"2018-12-25 19:42:35",77
"2018-12-25 20:42:35",77
"2018-12-25 21:42:35",77
"2018-12-25 22:42:35",77
"2018-12-25 23:42:35",77
"2018-12-26 00:42:36",77
"2018-12-26 01:42:35",77
"2018-12-26 02:42:36",77
"2018-12-26 03:42:35",77
"2018-12-26 04:42:35",77
"2018-12-26 05:42:34",77
"2018-12-26 06:42:38",77
"2018-12-26 07:42:36",77
"2018-12-26 08:42:37",77
"2018-12-26 09:42:34",77
"2018-12-26 10:42:36",77
"2018-12-26 11:42:34",77
"2018-12-26 12:42:35",77
"2018-12-26 13:42:39",77
"2018-12-26 15:07:42",76
"2018-12-26 15:42:37",76
"2018-12-26 16:42:37",76
"2018-12-26 17:42:37",76
"2018-12-26 18:42:35",76
"2018-12-26 19:42:37",77
"2018-12-26 20:42:37",77
"2018-12-26 21:42:38",77
"2018-12-26 22:42:38",77
"2018-12-26 23:42:37",77
"2018-12-27 00:42:37",77
"2018-12-27 01:42:38",77
"2018-12-27 02:42:38",77
"2018-12-27 03:42:38",77
"2018-12-27 04:42:35",77
"2018-12-27 05:42:37",77
"2018-12-27 06:42:36",77
"2018-12-27 07:42:37",77
"2018-12-27 08:42:35",77
"2018-12-27 09:42:36",77
"2018-12-27 10:42:37",77
"2018-12-27 11:42:35",77
"2018-12-27 12:42:35",77
"2018-12-27 13:42:34",77
"2018-12-27 14:42:36",77
"2018-12-27 15:42:34",78
"2018-12-27 16:42:35",78
"2018-12-27 17:42:37",78
"2018-12-27 18:42:38",78
"2018-12-27 19:42:38",78
"2018-12-27 20:42:35",78
"2018-12-27 21:42:37",78
"2018-12-27 22:42:42",78
"2018-12-27 23:42:42",78
"2018-12-28 00:42:41",78
"2018-12-28 01:42:38",78
"2018-12-28 02:42:38",78
"2018-12-28 03:42:36",78
"2018-12-28 04:42:38",78
"2018-12-28 05:42:36",78
"2018-12-28 06:42:40",78
"2018-12-28 07:42:40",78
"2018-12-28 08:42:37",78
"2018-12-28 09:42:38",78
"2018-12-28 10:42:35",78
"2018-12-28 11:42:36",78
"2018-12-28 12:42:35",78
"2018-12-28 13:42:35",78
"2018-12-28 14:42:37",78
"2018-12-28 16:08:10",79
"2018-12-28 16:42:36",79
"2018-12-28 17:42:38",79
"2018-12-28 18:42:38",79
"2018-12-28 19:42:36",78
"2018-12-28 20:42:38",78
"2018-12-28 21:42:38",78
"2018-12-28 22:42:35",78
"2018-12-28 23:42:37",78
"2018-12-29 00:42:36",78
"2018-12-29 01:42:35",78
"2018-12-29 02:42:36",78
"2018-12-29 03:42:35",78
"2018-12-29 04:42:36",78
"2018-12-29 05:42:36",78
"2018-12-29 06:42:34",78
"2018-12-29 07:42:39",78
"2018-12-29 08:42:39",78
"2018-12-29 09:42:37",78
"2018-12-29 10:42:36",78
"2018-12-29 11:42:36",78
"2018-12-29 12:42:35",78
"2018-12-29 13:42:35",78
"2018-12-29 14:42:34",78
"2018-12-29 15:42:35",78
"2018-12-29 16:42:36",78
"2018-12-29 17:42:35",78
"2018-12-29 18:42:37",78
"2018-12-29 19:42:38",78
"2018-12-29 20:42:35",78
"2018-12-29 21:42:39",78
"2018-12-29 22:42:36",78
"2018-12-29 23:42:39",78
"2018-12-30 00:42:35",78
"2018-12-30 01:42:37",78
"2018-12-30 02:42:34",78
"2018-12-30 03:42:36",78
"2018-12-30 04:42:35",78
"2018-12-30 05:42:35",78
"2018-12-30 06:42:34",78
"2018-12-30 07:42:34",78
"2018-12-30 08:42:34",78
"2018-12-30 09:42:34",78
"2018-12-30 10:42:34",78
"2018-12-30 11:42:35",78
"2018-12-30 12:42:35",78
"2018-12-30 13:42:35",78
"2018-12-30 14:42:35",78
"2018-12-30 15:42:34",78
"2018-12-30 16:42:34",78
"2018-12-30 17:42:35",78
"2018-12-30 18:42:34",78
"2018-12-30 19:42:35",78
"2018-12-30 20:42:35",78
"2018-12-30 21:42:36",78
"2018-12-30 22:42:37",78
"2018-12-30 23:42:36",78
"2018-12-31 00:42:35",78
"2018-12-31 01:42:35",78
"2018-12-31 02:42:34",78
"2018-12-31 03:42:37",78
"2018-12-31 04:42:36",78
"2018-12-31 05:42:39",78
"2018-12-31 06:42:35",78
"2018-12-31 07:42:35",78
"2018-12-31 08:42:35",78
"2018-12-31 09:42:37",78
"2018-12-31 10:42:36",78
"2018-12-31 11:42:35",78
"2018-12-31 12:42:34",78
"2018-12-31 13:42:34",78
"2018-12-31 14:42:38",78
"2018-12-31 15:42:35",79
"2018-12-31 16:42:35",79
"2018-12-31 17:42:37",79
"2018-12-31 18:42:36",79
"2018-12-31 19:42:37",79
"2018-12-31 20:42:36",81
"2018-12-31 21:42:36",81
"2018-12-31 22:42:36",81
"2018-12-31 23:42:35",81
"2019-01-01 00:42:36",81
"2019-01-01 01:42:36",81
"2019-01-01 02:42:36",81
"2019-01-01 03:42:35",81
"2019-01-01 04:42:35",81
"2019-01-01 05:42:35",81
"2019-01-01 06:42:35",81
"2019-01-01 07:42:34",81
"2019-01-01 08:42:36",81
"2019-01-01 09:42:34",81
"2019-01-01 10:42:34",81
"2019-01-01 11:42:35",81
"2019-01-01 12:42:34",81
"2019-01-01 13:42:35",81
"2019-01-01 14:42:35",81
"2019-01-01 15:42:35",81
"2019-01-01 16:42:35",81
"2019-01-01 17:42:35",81
"2019-01-01 18:42:34",81
"2019-01-01 19:42:35",81
"2019-01-01 20:42:34",81
"2019-01-01 21:42:35",81
"2019-01-01 22:42:37",81
"2019-01-01 23:42:34",81
"2019-01-02 00:42:35",81
"2019-01-02 01:42:34",81
"2019-01-02 02:42:36",81
"2019-01-02 03:42:35",81
"2019-01-02 04:42:35",81
"2019-01-02 05:42:37",81
"2019-01-02 06:42:35",81
"2019-01-02 07:42:36",81
"2019-01-02 08:42:35",81
"2019-01-02 09:42:35",81
"2019-01-02 10:42:37",81
"2019-01-02 11:42:34",81
"2019-01-02 12:42:34",81
"2019-01-02 13:42:35",81
"2019-01-02 15:07:41",82
"2019-01-02 15:42:35",82
"2019-01-02 16:42:34",82
"2019-01-02 17:42:35",82
"2019-01-02 18:42:38",82
"2019-01-02 19:42:38",83
"2019-01-02 20:42:37",83
"2019-01-02 21:42:35",83
"2019-01-02 22:42:36",83
"2019-01-02 23:42:39",83
"2019-01-03 00:42:38",83
"2019-01-03 01:42:36",83
"2019-01-03 02:42:36",83
"2019-01-03 03:42:36",83
"2019-01-03 05:42:38",83
"2019-01-03 06:42:36",83
"2019-01-03 07:42:37",83
"2019-01-03 08:42:36",83
"2019-01-03 09:42:36",83
"2019-01-03 10:42:36",83
"2019-01-03 11:42:35",83
"2019-01-03 12:42:36",83
"2019-01-03 13:42:35",83
"2019-01-03 14:42:38",83
"2019-01-03 15:42:39",83
"2019-01-03 16:42:39",83
"2019-01-03 17:42:41",83
"2019-01-03 18:42:38",83
"2019-01-03 19:42:39",83
"2019-01-03 20:42:37",83
"2019-01-03 21:42:38",83
"2019-01-03 22:42:39",83
"2019-01-03 23:42:36",83
"2019-01-04 00:42:38",83
"2019-01-04 01:42:37",83
"2019-01-04 02:42:40",83
"2019-01-04 03:42:37",83
"2019-01-04 04:42:36",83
"2019-01-04 05:42:38",83
"2019-01-04 06:42:38",83
"2019-01-04 07:42:36",83
"2019-01-04 08:42:37",83
"2019-01-04 09:42:37",83
"2019-01-04 10:42:36",83
"2019-01-04 11:42:37",83
"2019-01-04 12:42:36",83
"2019-01-04 13:42:36",83
"2019-01-04 15:07:13",83
"2019-01-04 15:42:39",83
"2019-01-04 16:42:37",83
"2019-01-04 17:42:36",83
"2019-01-04 18:42:39",83
"2019-01-04 19:42:38",83
"2019-01-04 20:42:38",83
"2019-01-04 21:42:38",83
"2019-01-04 22:42:35",83
"2019-01-04 23:42:37",83
"2019-01-05 00:42:39",83
"2019-01-05 01:42:37",83
"2019-01-05 02:42:38",83
"2019-01-05 03:42:36",83
"2019-01-05 04:42:37",83
"2019-01-05 05:42:36",83
"2019-01-05 06:42:35",83
"2019-01-05 07:42:36",83
"2019-01-05 08:42:38",83
"2019-01-05 09:42:38",83
"2019-01-05 10:42:36",83
"2019-01-05 11:42:35",83
"2019-01-05 12:42:36",83
"2019-01-05 13:42:36",83
"2019-01-05 14:42:36",83
"2019-01-05 15:42:35",83
"2019-01-05 16:42:36",83
"2019-01-05 17:42:36",83
"2019-01-05 18:42:36",83
"2019-01-05 19:42:39",83
"2019-01-05 20:42:36",83
"2019-01-05 21:42:38",83
"2019-01-05 22:42:36",83
"2019-01-05 23:42:36",83
"2019-01-06 00:42:36",83
"2019-01-06 01:42:36",83
"2019-01-06 02:42:35",83
"2019-01-06 03:42:36",83
"2019-01-06 04:42:36",83
"2019-01-06 05:42:36",83
"2019-01-06 06:42:35",83
"2019-01-06 07:42:37",83
"2019-01-06 08:42:35",83
"2019-01-06 09:42:35",83
"2019-01-06 10:42:35",83
"2019-01-06 11:42:35",83
"2019-01-06 12:42:36",83
"2019-01-06 13:42:36",83
"2019-01-06 14:42:36",83
"2019-01-06 15:42:36",83
"2019-01-06 16:42:36",83
"2019-01-06 17:42:36",83
"2019-01-06 18:42:35",83
"2019-01-06 19:42:35",83
"2019-01-06 20:42:35",83
"2019-01-06 21:42:35",83
"2019-01-06 22:42:35",83
"2019-01-06 23:42:36",83
"2019-01-07 00:42:35",83
"2019-01-07 01:42:35",83
"2019-01-07 02:42:37",83
"2019-01-07 03:42:37",83
"2019-01-07 04:42:36",83
"2019-01-07 05:42:35",83
"2019-01-07 06:42:36",83
"2019-01-07 07:42:35",83
"2019-01-07 08:42:36",83
"2019-01-07 09:42:37",83
"2019-01-07 10:42:38",83
"2019-01-07 11:42:36",83
"2019-01-07 12:42:37",83
"2019-01-07 14:08:08",83
"2019-01-07 14:42:37",83
"2019-01-07 15:42:38",83
"2019-01-07 16:42:38",83
"2019-01-07 17:42:40",83
"2019-01-07 18:42:37",83
"2019-01-07 19:42:36",84
"2019-01-07 20:42:39",84
"2019-01-07 21:42:38",84
"2019-01-07 22:42:36",84
"2019-01-07 23:42:39",84
"2019-01-08 00:42:35",84
"2019-01-08 01:42:37",84
"2019-01-08 02:42:38",84
"2019-01-08 03:42:37",84
"2019-01-08 04:42:37",84
"2019-01-08 05:42:37",84
"2019-01-08 06:42:36",84
"2019-01-08 07:42:36",84
"2019-01-08 08:42:37",84
"2019-01-08 09:42:36",84
"2019-01-08 10:42:37",84
"2019-01-08 11:42:37",84
"2019-01-08 12:42:37",84
"2019-01-08 13:42:38",84
"2019-01-08 14:42:40",84
"2019-01-08 15:42:39",84
"2019-01-08 16:42:37",84
"2019-01-08 17:42:37",84
"2019-01-08 18:42:37",84
"2019-01-08 19:42:37",83
"2019-01-08 20:42:36",83
"2019-01-08 21:42:37",83
"2019-01-08 22:42:36",83
"2019-01-08 23:42:38",83
"2019-01-09 00:42:37",83
"2019-01-09 01:42:37",83
"2019-01-09 02:42:41",83
"2019-01-09 04:42:38",83
"2019-01-09 05:42:38",83
"2019-01-09 06:42:37",83
"2019-01-09 07:42:41",83
"2019-01-09 08:42:39",83
"2019-01-09 09:42:37",83
"2019-01-09 10:42:37",83
"2019-01-09 11:42:36",83
"2019-01-09 12:42:35",83
"2019-01-09 14:08:09",83
"2019-01-09 14:42:39",83
"2019-01-09 15:42:37",83
"2019-01-09 16:42:39",83
"2019-01-09 17:42:36",83
"2019-01-09 18:42:38",83
"2019-01-09 19:42:37",83
"2019-01-09 20:42:40",83
"2019-01-09 21:42:38",83
"2019-01-09 22:42:37",83
"2019-01-09 23:42:36",83
"2019-01-10 00:42:35",83
"2019-01-10 01:42:35",83
"2019-01-10 02:42:36",83
"2019-01-10 03:42:35",83
"2019-01-10 04:42:35",83
"2019-01-10 05:42:36",83
"2019-01-10 06:42:35",83
"2019-01-10 07:42:36",83
"2019-01-10 08:42:36",83
"2019-01-10 09:42:35",83
"2019-01-10 10:42:35",83
"2019-01-10 11:42:35",83
"2019-01-10 12:42:35",83
"2019-01-10 13:42:36",83
"2019-01-10 15:07:12",83
"2019-01-10 15:42:39",83
"2019-01-10 16:42:37",83
"2019-01-10 17:42:38",83
"2019-01-10 18:42:36",83
"2019-01-10 19:42:35",83
"2019-01-10 20:42:38",83
"2019-01-10 21:42:38",83
"2019-01-10 22:42:36",83
"2019-01-10 23:42:37",83
"2019-01-11 00:42:37",83
"2019-01-11 01:42:36",83
"2019-01-11 02:42:37",83
"2019-01-11 03:42:37",83
"2019-01-11 04:42:37",83
"2019-01-11 05:42:37",83
"2019-01-11 06:42:35",83
"2019-01-11 07:42:39",83
"2019-01-11 08:42:36",83
"2019-01-11 09:42:37",83
"2019-01-11 10:42:35",83
"2019-01-11 11:42:36",83
"2019-01-11 12:42:37",83
"2019-01-11 13:42:36",83
"2019-01-11 14:42:40",83
"2019-01-11 15:42:39",84
"2019-01-11 16:42:36",84
"2019-01-11 17:42:37",86
"2019-01-11 18:42:36",86
"2019-01-11 19:42:39",86
"2019-01-11 20:42:38",86
"2019-01-11 21:42:35",86
"2019-01-11 22:42:37",86
"2019-01-11 23:42:35",86
"2019-01-12 00:42:36",86
"2019-01-12 01:42:37",86
"2019-01-12 02:42:35",86
"2019-01-12 03:42:37",86
"2019-01-12 04:42:35",86
"2019-01-12 05:42:35",86
"2019-01-12 06:42:36",86
"2019-01-12 07:42:34",86
"2019-01-12 08:42:35",86
"2019-01-12 09:42:36",86
"2019-01-12 10:42:36",86
"2019-01-12 11:42:35",86
"2019-01-12 12:42:35",86
"2019-01-12 13:42:35",86
"2019-01-12 14:42:35",86
"2019-01-12 15:42:35",86
"2019-01-12 16:42:37",86
"2019-01-12 17:42:36",86
"2019-01-12 18:42:34",86
"2019-01-12 19:42:37",86
"2019-01-12 20:42:36",86
"2019-01-12 21:42:35",86
"2019-01-12 22:42:36",86
"2019-01-12 23:42:39",86
"2019-01-13 00:42:36",86
"2019-01-13 01:42:35",86
"2019-01-13 02:42:36",86
"2019-01-13 03:42:35",86
"2019-01-13 04:42:37",86
"2019-01-13 05:42:36",86
"2019-01-13 06:42:36",86
"2019-01-13 07:42:36",86
"2019-01-13 08:42:35",86
"2019-01-13 09:42:37",86
"2019-01-13 10:42:40",86
"2019-01-13 11:42:38",86
"2019-01-13 12:42:35",86
"2019-01-13 13:42:36",86
"2019-01-13 14:42:34",86
"2019-01-13 15:42:36",86
"2019-01-13 16:42:35",86
"2019-01-13 17:42:36",86
"2019-01-13 18:42:35",86
"2019-01-13 19:42:36",86
"2019-01-13 20:42:37",86
"2019-01-13 21:42:36",86
"2019-01-13 22:42:36",86
"2019-01-13 23:42:36",86
"2019-01-14 00:42:35",86
"2019-01-14 01:42:36",86
"2019-01-14 02:42:36",86
"2019-01-14 03:42:35",86
"2019-01-14 04:42:36",86
"2019-01-14 05:42:37",86
"2019-01-14 06:42:35",86
"2019-01-14 07:42:35",86
"2019-01-14 08:42:35",86
"2019-01-14 09:42:36",86
"2019-01-14 10:42:36",86
"2019-01-14 11:42:35",86
"2019-01-14 12:42:35",86
"2019-01-14 13:42:36",86
"2019-01-14 14:42:37",87
"2019-01-14 15:42:37",88
"2019-01-14 16:42:37",88
"2019-01-14 17:42:36",88
"2019-01-14 18:42:36",88
"2019-01-14 19:42:38",88
"2019-01-14 20:42:35",88
"2019-01-14 21:42:36",86
"2019-01-14 22:42:35",86
"2019-01-14 23:42:35",86
"2019-01-15 00:42:36",86
"2019-01-15 01:42:35",86
"2019-01-15 02:42:35",86
"2019-01-15 03:42:35",86
"2019-01-15 04:42:39",86
"2019-01-15 05:42:35",86
"2019-01-15 06:42:35",86
"2019-01-15 07:42:35",86
"2019-01-15 08:42:35",86
"2019-01-15 09:42:35",86
"2019-01-15 10:42:35",86
"2019-01-15 11:42:35",86
"2019-01-15 12:42:35",86
"2019-01-15 13:42:35",86
"2019-01-15 14:42:39",86
"2019-01-15 15:42:36",85
"2019-01-15 16:42:37",85
"2019-01-15 17:42:35",85
"2019-01-15 18:42:36",85
"2019-01-15 19:42:36",85
"2019-01-15 20:42:37",85
"2019-01-15 21:42:36",85
"2019-01-15 22:42:37",85
"2019-01-15 23:42:37",85
"2019-01-16 00:42:35",85
"2019-01-16 01:42:40",85
"2019-01-16 02:42:36",85
"2019-01-16 03:42:35",85
"2019-01-16 04:42:36",85
"2019-01-16 05:42:34",85
"2019-01-16 06:42:35",85
"2019-01-16 07:42:35",85
"2019-01-16 08:42:34",85
"2019-01-16 09:42:35",85
"2019-01-16 10:42:34",85
"2019-01-16 11:42:34",85
"2019-01-16 12:42:34",85
"2019-01-16 14:09:10",85
"2019-01-16 15:08:10",84
"2019-01-16 15:42:37",84
"2019-01-16 16:42:37",84
"2019-01-16 17:42:36",84
"2019-01-16 18:42:39",84
"2019-01-16 19:42:37",84
"2019-01-16 20:42:36",84
"2019-01-16 21:42:37",84
"2019-01-16 22:42:36",84
"2019-01-16 23:42:35",84
"2019-01-17 00:42:36",84
"2019-01-17 01:42:36",84
"2019-01-17 02:42:38",84
"2019-01-17 03:42:37",84
"2019-01-17 04:42:38",84
"2019-01-17 05:42:36",84
"2019-01-17 06:42:36",84
"2019-01-17 07:42:35",84
"2019-01-17 08:42:35",84
"2019-01-17 09:42:37",84
"2019-01-17 10:42:36",84
"2019-01-17 11:42:36",84
"2019-01-17 12:42:36",84
"2019-01-17 13:42:35",84
"2019-01-17 15:08:42",85
"2019-01-17 15:42:38",85
"2019-01-17 16:42:36",85
"2019-01-17 17:42:35",84
"2019-01-17 18:42:36",84
"2019-01-17 19:42:38",84
"2019-01-17 20:42:37",84
"2019-01-17 21:42:36",84
"2019-01-17 22:42:36",84
"2019-01-17 23:42:35",84
"2019-01-18 00:42:36",84
"2019-01-18 01:42:37",84
"2019-01-18 02:42:35",84
"2019-01-18 03:42:38",84
"2019-01-18 04:42:37",84
"2019-01-18 05:42:36",84
"2019-01-18 06:42:35",84
"2019-01-18 07:42:36",84
"2019-01-18 08:42:35",84
"2019-01-18 09:42:36",84
"2019-01-18 10:42:36",84
"2019-01-18 11:42:35",84
"2019-01-18 12:42:36",84
"2019-01-18 13:42:36",84
"2019-01-18 14:42:39",84
"2019-01-18 15:42:38",84
"2019-01-18 16:42:38",85
"2019-01-18 17:42:38",85
"2019-01-18 18:42:37",85
"2019-01-18 19:42:35",85
"2019-01-18 20:42:38",85
"2019-01-18 21:42:36",85
"2019-01-18 22:42:35",85
"2019-01-18 23:42:36",85
"2019-01-19 00:42:36",85
"2019-01-19 01:42:36",85
"2019-01-19 02:42:36",85
"2019-01-19 03:42:36",85
"2019-01-19 04:42:37",85
"2019-01-19 05:42:36",85
"2019-01-19 06:42:36",85
"2019-01-19 07:42:35",85
"2019-01-19 08:42:36",85
"2019-01-19 09:42:36",85
"2019-01-19 10:42:37",85
"2019-01-19 11:42:35",85
"2019-01-19 12:42:35",85
"2019-01-19 13:42:36",85
"2019-01-19 14:42:35",85
"2019-01-19 15:42:37",85
"2019-01-19 16:42:36",85
"2019-01-19 17:42:36",85
"2019-01-19 18:42:35",85
"2019-01-19 19:42:35",85
"2019-01-19 20:42:35",85
"2019-01-19 21:42:36",85
"2019-01-19 22:42:36",85
"2019-01-19 23:42:37",85
"2019-01-20 00:42:37",85
"2019-01-20 01:42:35",85
"2019-01-20 02:42:37",85
"2019-01-20 03:42:36",85
"2019-01-20 04:42:38",85
"2019-01-20 05:42:36",85
"2019-01-20 06:42:36",85
"2019-01-20 07:42:36",85
"2019-01-20 08:42:36",85
"2019-01-20 09:42:36",85
"2019-01-20 10:42:35",85
"2019-01-20 11:42:36",85
"2019-01-20 12:42:36",85
"2019-01-20 13:42:36",85
"2019-01-20 14:42:36",85
"2019-01-20 15:42:36",85
"2019-01-20 16:42:36",85
"2019-01-20 17:42:36",85
"2019-01-20 18:42:36",85
"2019-01-20 19:42:36",85
"2019-01-20 20:42:36",85
"2019-01-20 21:42:35",85
"2019-01-20 22:42:36",85
"2019-01-20 23:42:37",85
"2019-01-21 00:42:36",85
"2019-01-21 01:42:36",85
"2019-01-21 02:42:36",85
"2019-01-21 03:42:36",85
"2019-01-21 04:42:37",85
"2019-01-21 05:42:36",85
"2019-01-21 06:42:35",85
"2019-01-21 07:42:35",85
"2019-01-21 08:42:36",85
"2019-01-21 09:42:36",85
"2019-01-21 10:42:36",85
"2019-01-21 11:42:35",85
"2019-01-21 12:42:36",85
"2019-01-21 13:42:35",85
"2019-01-21 14:42:35",85
"2019-01-21 15:42:35",85
"2019-01-21 16:42:36",85
"2019-01-21 17:42:36",85
"2019-01-21 18:42:35",85
"2019-01-21 19:42:35",85
"2019-01-21 20:42:36",85
"2019-01-21 21:42:35",85
"2019-01-21 22:42:36",85
"2019-01-21 23:42:35",85
"2019-01-22 00:42:36",85
"2019-01-22 01:42:34",85
"2019-01-22 02:42:36",85
"2019-01-22 03:42:35",85
"2019-01-22 04:42:37",85
"2019-01-22 05:42:37",85
"2019-01-22 06:42:35",85
"2019-01-22 07:42:35",85
"2019-01-22 08:42:36",85
"2019-01-22 09:42:35",85
"2019-01-22 10:42:35",85
"2019-01-22 11:42:35",85
"2019-01-22 12:42:35",85
"2019-01-22 13:42:35",85
"2019-01-22 14:42:36",85
"2019-01-22 15:42:36",86
"2019-01-22 16:42:35",86
"2019-01-22 17:42:35",86
"2019-01-22 18:42:35",86
"2019-01-22 19:42:37",86
"2019-01-22 20:42:37",86
"2019-01-22 21:42:37",86
"2019-01-22 22:42:35",86
"2019-01-22 23:42:36",86
"2019-01-23 00:42:36",86
"2019-01-23 01:42:36",86
"2019-01-23 02:42:35",86
"2019-01-23 03:42:37",86
"2019-01-23 04:42:36",86
"2019-01-23 05:42:36",86
"2019-01-23 06:42:37",86
"2019-01-23 07:42:37",86
"2019-01-23 08:42:37",86
"2019-01-23 09:42:38",86
"2019-01-23 10:42:36",86
"2019-01-23 11:42:35",86
"2019-01-23 12:42:36",86
"2019-01-23 13:42:36",86
"2019-01-23 15:06:39",86
"2019-01-23 15:42:36",86
"2019-01-23 16:42:35",86
"2019-01-23 17:42:36",86
"2019-01-23 18:42:35",86
"2019-01-23 19:42:36",86
"2019-01-23 20:42:35",86
"2019-01-23 21:42:36",86
"2019-01-23 22:42:35",86
"2019-01-23 23:42:35",86
"2019-01-30 08:14:36",86
"2019-01-30 08:20:41",86
"2019-01-30 08:45:20",86
"2019-01-30 08:45:24",86
"2019-01-30 09:45:17",86
"2019-01-30 09:45:22",86
"2019-01-30 10:45:18",86
"2019-01-30 10:45:23",86
"2019-01-30 11:45:15",86
"2019-01-30 11:45:26",86
"2019-01-30 12:45:20",86
"2019-01-30 12:45:25",86
"2019-01-30 13:45:18",86
"2019-01-30 13:45:23",86
"2019-01-30 14:45:19",86
"2019-01-30 14:45:24",86
"2019-01-30 15:45:20",86
"2019-01-30 15:45:24",86
"2019-01-30 16:45:18",86
"2019-01-30 16:45:23",86
"2019-01-30 17:45:20",86
"2019-01-30 17:45:25",86
"2019-01-30 18:45:18",86
"2019-01-30 18:45:22",86
"2019-01-30 19:45:22",86
"2019-01-30 19:45:26",86
"2019-01-30 20:43:43",87
"2019-01-30 21:45:20",88
"2019-01-30 21:45:24",88
"2019-01-30 22:45:19",88
"2019-01-30 22:45:23",88
"2019-01-30 23:45:21",88
"2019-01-30 23:45:26",88
"2019-01-31 00:45:23",88
"2019-01-31 00:45:27",88
"2019-01-31 01:45:18",88
"2019-01-31 01:45:22",88
"2019-01-31 02:45:20",88
"2019-01-31 02:45:25",88
"2019-01-31 03:45:20",88
"2019-01-31 03:45:25",88
"2019-01-31 04:45:18",88
"2019-01-31 04:45:22",88
"2019-01-31 05:45:19",88
"2019-01-31 05:45:23",88
"2019-01-31 06:45:21",88
"2019-01-31 06:45:25",88
"2019-01-31 08:11:32",88
"2019-01-31 08:16:07",88
"2019-01-31 08:42:42",88
"2019-01-31 10:06:15",88
"2019-01-31 10:42:43",88
"2019-01-31 11:42:41",88
"2019-01-31 12:42:40",88
"2019-01-31 13:42:42",88
"2019-01-31 15:42:42",88
"2019-01-31 16:42:46",88
"2019-01-31 17:42:44",88
"2019-01-31 18:42:43",88
"2019-01-31 19:42:45",88
"2019-01-31 20:42:44",88
"2019-01-31 21:42:43",88
"2019-01-31 22:42:41",88
"2019-01-31 23:42:41",88
"2019-02-01 00:42:42",88
"2019-02-01 01:42:43",88
"2019-02-01 02:42:45",88
"2019-02-01 03:42:43",88
"2019-02-01 04:42:42",88
"2019-02-01 05:42:42",88
"2019-02-01 06:42:42",88
"2019-02-01 07:42:44",88
"2019-02-01 08:42:42",88
"2019-02-01 09:42:42",88
"2019-02-01 10:42:42",88
"2019-02-01 11:42:43",88
"2019-02-01 12:42:41",88
"2019-02-01 13:42:42",88
"2019-02-01 14:42:43",88
"2019-02-01 15:42:43",88
"2019-02-01 16:42:43",88
"2019-02-01 17:42:42",89
"2019-02-01 18:42:46",89
"2019-02-01 19:42:45",89
"2019-02-01 20:42:42",89
"2019-02-01 21:42:45",89
"2019-02-01 22:42:44",89
"2019-02-02 00:07:46",89
"2019-02-02 00:42:43",89
"2019-02-02 01:42:43",89
"2019-02-02 02:42:43",89
"2019-02-02 03:42:41",89
"2019-02-02 04:42:42",89
"2019-02-02 05:42:41",89
"2019-02-02 06:42:42",89
"2019-02-02 07:42:42",89
"2019-02-02 08:42:41",89
"2019-02-02 09:42:42",89
"2019-02-02 10:42:41",89
"2019-02-02 11:42:42",89
"2019-02-02 12:42:42",89
"2019-02-02 13:42:43",89
"2019-02-02 14:42:43",89
"2019-02-02 15:42:41",89
"2019-02-02 16:42:45",89
"2019-02-02 17:42:43",89
"2019-02-02 18:42:44",89
"2019-02-02 19:42:42",89
"2019-02-02 20:42:44",89
"2019-02-02 21:42:41",89
"2019-02-02 22:42:43",89
"2019-02-02 23:42:43",89
"2019-02-03 00:42:43",89
"2019-02-03 01:42:42",89
"2019-02-03 02:42:43",89
"2019-02-03 03:42:43",89
"2019-02-03 04:42:43",89
"2019-02-03 05:42:40",89
"2019-02-03 06:42:42",89
"2019-02-03 07:42:42",89
"2019-02-03 08:42:41",89
"2019-02-03 09:42:42",89
"2019-02-03 10:42:41",89
"2019-02-03 11:42:43",89
"2019-02-03 12:42:43",89
"2019-02-03 13:42:43",89
"2019-02-03 14:42:44",89
"2019-02-03 15:42:42",89
"2019-02-03 16:42:42",89
"2019-02-03 17:42:43",89
"2019-02-03 18:42:45",89
"2019-02-03 19:42:41",89
"2019-02-03 20:42:43",89
"2019-02-03 21:42:44",89
"2019-02-03 22:42:45",89
"2019-02-03 23:42:44",89
"2019-02-04 00:42:44",89
"2019-02-04 01:42:43",89
"2019-02-04 02:42:44",89
"2019-02-04 03:42:43",89
"2019-02-04 04:42:44",89
"2019-02-04 05:42:42",89
"2019-02-04 06:42:42",89
"2019-02-04 07:42:42",89
"2019-02-04 08:42:42",89
"2019-02-04 09:42:42",89
"2019-02-04 10:42:43",89
"2019-02-04 11:42:42",89
"2019-02-04 12:42:40",89
"2019-02-04 13:42:42",89
"2019-02-04 14:42:43",89
"2019-02-04 15:42:44",89
"2019-02-04 16:42:43",89
"2019-02-04 17:42:42",89
"2019-02-04 18:42:44",89
"2019-02-04 19:42:42",89
"2019-02-04 20:42:45",89
"2019-02-04 21:42:44",89
"2019-02-04 22:42:44",89
"2019-02-04 23:42:45",89
"2019-02-05 00:42:44",89
"2019-02-05 01:42:47",89
"2019-02-05 02:42:44",89
"2019-02-05 03:42:44",89
"2019-02-05 04:42:57",89
"2019-02-05 05:42:44",89
"2019-02-05 06:42:44",89
"2019-02-05 07:42:43",89
"2019-02-05 08:42:44",89
"2019-02-05 09:42:43",89
"2019-02-05 10:42:44",89
"2019-02-05 11:42:42",89
"2019-02-05 12:42:42",89
"2019-02-05 13:42:43",89
"2019-02-05 14:42:44",89
"2019-02-05 15:42:42",89
"2019-02-05 16:42:45",89
"2019-02-05 17:42:43",89
"2019-02-05 18:42:46",89
"2019-02-05 19:42:45",89
"2019-02-05 20:42:44",88
"2019-02-05 21:42:43",89
"2019-02-05 22:42:45",89
"2019-02-05 23:42:47",89
"2019-02-06 00:42:45",89
"2019-02-06 01:42:43",89
"2019-02-06 02:42:44",89
"2019-02-06 03:42:44",89
"2019-02-06 04:42:43",89
"2019-02-06 05:42:43",89
"2019-02-06 06:42:46",89
"2019-02-06 07:42:45",89
"2019-02-06 08:42:39",89
"2019-02-06 09:42:39",89
"2019-02-07 02:42:49",88
"2019-02-07 03:42:42",88
"2019-02-07 04:42:43",88
"2019-02-07 05:42:43",88
"2019-02-07 06:42:41",88
"2019-02-07 07:42:41",88
"2019-02-07 08:42:42",88
"2019-02-07 09:42:42",88
"2019-02-07 10:42:45",88
"2019-02-07 11:42:45",88
"2019-02-07 12:42:45",88
"2019-02-07 13:42:44",88
"2019-02-07 15:06:16",88
"2019-02-07 15:42:46",88
"2019-02-07 16:42:48",87
"2019-02-07 17:42:44",87
"2019-02-07 18:42:48",87
"2019-02-07 19:42:47",87
"2019-02-07 20:42:46",87
"2019-02-07 21:42:45",87
"2019-02-07 22:42:44",87
"2019-02-07 23:42:45",87
"2019-02-08 00:43:16",87
"2019-02-08 01:42:45",87
"2019-02-08 02:42:45",87
"2019-02-08 03:42:49",87
"2019-02-08 04:42:44",87
"2019-02-08 05:42:43",87
"2019-02-08 06:42:43",87
"2019-02-08 07:42:43",87
"2019-02-08 08:42:42",87
"2019-02-08 09:42:44",87
"2019-02-08 10:42:44",87
"2019-02-08 11:42:45",87
"2019-02-08 12:42:46",87
"2019-02-08 13:42:45",87
"2019-02-08 15:07:19",87
"2019-02-08 15:42:44",87
"2019-02-08 16:42:45",86
"2019-02-08 17:42:48",86
"2019-02-08 18:42:49",86
"2019-02-08 19:42:49",86
"2019-02-08 20:42:48",86
"2019-02-08 21:42:47",86
"2019-02-08 22:42:45",86
"2019-02-08 23:42:45",86
"2019-02-09 00:42:46",86
"2019-02-09 01:42:45",86
"2019-02-09 02:42:45",86
"2019-02-09 03:42:44",86
"2019-02-09 04:42:48",86
"2019-02-09 05:42:46",86
"2019-02-09 06:42:46",86
"2019-02-09 07:42:45",86
"2019-02-09 08:42:44",86
"2019-02-09 09:42:45",86
"2019-02-09 10:42:45",86
"2019-02-09 11:42:44",86
"2019-02-09 12:42:47",86
"2019-02-09 13:42:45",86
"2019-02-09 14:42:46",86
"2019-02-09 15:42:47",86
"2019-02-09 16:42:46",86
"2019-02-09 17:42:47",86
"2019-02-09 18:42:46",86
"2019-02-09 19:42:46",86
"2019-02-09 20:42:45",86
"2019-02-09 21:42:48",86
"2019-02-09 22:42:46",86
"2019-02-09 23:42:47",86
"2019-02-10 00:42:45",86
"2019-02-10 01:42:47",86
"2019-02-10 02:42:46",86
"2019-02-10 03:42:45",86
"2019-02-10 04:42:48",86
"2019-02-10 05:42:49",86
"2019-02-10 06:42:47",86
"2019-02-10 07:42:45",86
"2019-02-10 08:42:45",86
"2019-02-10 09:42:45",86
"2019-02-10 10:42:45",86
"2019-02-10 11:42:45",86
"2019-02-10 12:42:45",86
"2019-02-10 13:42:47",86
"2019-02-10 14:42:47",86
"2019-02-10 15:42:48",86
"2019-02-10 16:42:48",86
"2019-02-10 17:42:46",86
"2019-02-10 18:42:45",86
"2019-02-10 19:42:48",86
"2019-02-10 20:42:47",86
"2019-02-10 21:42:45",86
"2019-02-10 22:42:47",86
"2019-02-10 23:42:48",86
"2019-02-11 00:42:47",86
"2019-02-11 01:42:47",86
"2019-02-11 02:42:50",86
"2019-02-11 03:42:48",86
"2019-02-11 04:42:50",86
"2019-02-11 05:42:47",86
"2019-02-11 06:42:48",86
"2019-02-11 07:42:45",86
"2019-02-11 08:42:46",86
"2019-02-11 09:42:46",86
"2019-02-11 10:42:48",86
"2019-02-11 11:42:44",86
"2019-02-11 12:42:45",86
"2019-02-11 13:42:45",86
"2019-02-11 14:42:45",86
"2019-02-11 15:42:45",86
"2019-02-11 16:42:46",86
"2019-02-11 17:42:47",86
"2019-02-11 18:42:46",86
"2019-02-11 19:42:46",86
"2019-02-11 20:42:46",86
"2019-02-11 21:42:44",86
"2019-02-11 22:42:44",86
"2019-02-11 23:42:46",86
"2019-02-12 00:42:45",86
"2019-02-12 01:42:44",86
"2019-02-12 02:42:49",86
"2019-02-12 03:42:45",86
"2019-02-12 04:42:47",86
"2019-02-12 05:42:45",86
"2019-02-12 06:42:45",86
"2019-02-12 07:42:45",86
"2019-02-12 08:42:44",86
"2019-02-12 09:42:45",86
"2019-02-12 10:42:46",86
"2019-02-12 11:42:46",86
"2019-02-12 12:42:45",86
"2019-02-12 13:42:46",86
"2019-02-12 14:42:45",86
"2019-02-12 15:42:48",87
"2019-02-12 16:42:45",87
"2019-02-12 17:42:44",87
"2019-02-12 18:42:46",87
"2019-02-12 19:42:46",87
"2019-02-12 20:42:45",87
"2019-02-12 21:42:46",87
"2019-02-12 22:42:46",87
"2019-02-12 23:42:45",87
"2019-02-13 00:42:47",87
"2019-02-13 01:42:48",87
"2019-02-13 02:42:46",87
"2019-02-13 03:42:46",87
"2019-02-13 04:42:47",87
"2019-02-13 05:42:47",87
"2019-02-13 06:42:46",87
"2019-02-13 07:42:46",87
"2019-02-13 08:42:46",87
"2019-02-13 09:42:45",87
"2019-02-13 10:42:46",87
"2019-02-13 11:42:45",87
"2019-02-13 12:42:47",87
"2019-02-13 13:42:45",87
"2019-02-13 14:42:44",87
"2019-02-13 15:42:46",87
"2019-02-13 16:42:44",87
"2019-02-13 17:42:48",87
"2019-02-13 18:42:44",86
"2019-02-13 19:42:44",86
"2019-02-13 20:42:45",86
"2019-02-13 21:42:45",86
"2019-02-13 22:42:47",86
"2019-02-13 23:42:46",86
"2019-02-14 00:42:45",86
"2019-02-14 01:42:47",86
"2019-02-14 02:42:47",86
"2019-02-14 03:42:48",86
"2019-02-14 04:42:45",86
"2019-02-14 05:42:49",86
"2019-02-14 06:42:45",86
"2019-02-14 07:42:45",86
"2019-02-14 08:42:44",86
"2019-02-14 09:42:44",86
"2019-02-14 10:42:45",86
"2019-02-14 11:42:46",86
"2019-02-14 12:42:45",86
"2019-02-14 13:42:46",86
"2019-02-14 14:42:46",86
"2019-02-14 15:42:48",86
"2019-02-14 16:42:44",86
"2019-02-14 17:42:46",86
"2019-02-14 18:42:46",87
"2019-02-14 19:42:45",87
"2019-02-14 20:42:47",87
"2019-02-14 21:42:46",87
"2019-02-14 22:42:47",87
"2019-02-15 00:42:47",87
"2019-02-15 01:42:47",87
"2019-02-15 02:42:48",87
"2019-02-15 03:42:51",87
"2019-02-15 04:42:51",87
"2019-02-15 05:42:46",87
"2019-02-15 06:42:44",87
"2019-02-15 07:42:47",87
"2019-02-15 08:42:46",87
"2019-02-15 09:42:46",87
"2019-02-15 10:42:47",87
"2019-02-15 11:42:47",87
"2019-02-15 12:42:45",87
"2019-02-15 14:07:48",87
"2019-02-15 14:42:48",87
"2019-02-15 15:42:54",87
"2019-02-15 16:42:50",87
"2019-02-15 17:42:45",87
"2019-02-15 18:42:50",87
"2019-02-15 19:42:48",87
"2019-02-15 20:42:46",87
"2019-02-15 21:42:48",87
"2019-02-15 22:42:48",87
"2019-02-15 23:42:48",87
"2019-02-16 00:42:48",87
"2019-02-16 01:42:54",87
"2019-02-16 02:42:52",87
"2019-02-16 03:42:50",87
"2019-02-16 04:42:46",87
"2019-02-16 05:42:48",87
"2019-02-16 06:42:46",87
"2019-02-16 07:42:45",87
"2019-02-16 08:42:46",87
"2019-02-16 09:42:48",87
"2019-02-16 10:42:47",87
"2019-02-16 11:42:45",87
"2019-02-16 12:42:47",87
"2019-02-16 13:42:50",87
"2019-02-16 14:42:47",87
"2019-02-16 15:42:52",87
"2019-02-16 16:42:45",87
"2019-02-16 17:42:46",87
"2019-02-16 18:42:46",87
"2019-02-16 19:42:45",87
"2019-02-16 20:42:47",87
"2019-02-16 21:42:47",87
"2019-02-16 22:42:46",87
"2019-02-16 23:42:45",87
"2019-02-17 00:42:47",87
"2019-02-17 01:42:46",87
"2019-02-17 02:42:44",87
"2019-02-17 03:42:48",87
"2019-02-17 04:42:45",87
"2019-02-17 05:42:47",87
"2019-02-17 06:42:45",87
"2019-02-17 07:42:46",87
"2019-02-17 08:42:45",87
"2019-02-17 09:42:44",87
"2019-02-17 10:42:45",87
"2019-02-17 11:42:46",87
"2019-02-17 12:42:43",87
"2019-02-17 13:42:46",87
"2019-02-17 14:42:45",87
"2019-02-17 15:42:47",87
"2019-02-17 16:42:46",87
"2019-02-17 17:42:46",87
"2019-02-17 18:42:47",87
"2019-02-17 19:42:46",87
"2019-02-17 20:42:47",87
"2019-02-17 21:42:45",87
"2019-02-17 22:42:45",87
"2019-02-17 23:42:46",87
"2019-02-18 00:42:46",87
"2019-02-18 01:42:47",87
"2019-02-18 02:42:49",87
"2019-02-18 03:42:48",87
"2019-02-18 04:42:45",87
"2019-02-18 05:42:46",87
"2019-02-18 06:42:44",87
"2019-02-18 07:42:46",87
"2019-02-18 08:42:45",87
"2019-02-18 09:42:47",87
"2019-02-18 10:42:45",87
"2019-02-18 11:42:45",87
"2019-02-18 12:42:46",87
"2019-02-18 13:42:49",87
"2019-02-18 14:42:45",87
"2019-02-18 15:42:48",87
"2019-02-18 16:42:47",87
"2019-02-18 17:42:47",87
"2019-02-18 18:42:46",87
"2019-02-18 19:42:46",87
"2019-02-18 20:42:47",87
"2019-02-18 21:42:45",87
"2019-02-18 22:42:44",87
"2019-02-18 23:42:45",87
"2019-02-19 00:42:45",87
"2019-02-19 01:42:49",87
"2019-02-19 02:42:47",87
"2019-02-19 03:42:47",87
"2019-02-19 04:42:47",87
"2019-02-19 05:42:46",87
"2019-02-19 06:42:46",87
"2019-02-19 07:42:45",87
"2019-02-19 08:42:46",87
"2019-02-19 09:42:44",87
"2019-02-19 10:42:44",87
"2019-02-19 11:42:42",87
"2019-02-19 12:42:43",87
"2019-02-19 14:07:17",87
"2019-02-19 14:42:46",87
"2019-02-19 15:42:48",88
"2019-02-19 16:42:47",88
"2019-02-19 17:42:47",88
"2019-02-19 18:42:50",89
"2019-02-19 19:42:47",89
"2019-02-19 20:42:50",89
"2019-02-19 21:42:48",89
"2019-02-19 22:42:48",89
"2019-02-19 23:42:47",89
"2019-02-20 00:42:54",89
"2019-02-20 01:42:49",89
"2019-02-20 02:42:49",89
"2019-02-20 03:42:54",89
"2019-02-20 04:42:50",89
"2019-02-20 05:42:47",89
"2019-02-20 06:42:48",89
"2019-02-20 07:42:45",89
"2019-02-20 08:42:48",89
"2019-02-20 09:42:48",89
"2019-02-20 10:42:46",89
"2019-02-20 11:42:49",89
"2019-02-20 12:42:47",89
"2019-02-20 13:42:47",89
"2019-02-20 14:42:49",89
"2019-02-20 15:42:50",89
"2019-02-20 16:42:48",89
"2019-02-20 17:42:49",89
"2019-02-20 18:42:49",89
"2019-02-20 19:42:49",89
"2019-02-20 20:42:49",89
"2019-02-20 21:42:49",89
"2019-02-20 22:42:50",89
"2019-02-20 23:42:46",89
"2019-02-21 00:42:48",89
"2019-02-21 01:42:50",89
"2019-02-21 02:42:51",89
"2019-02-21 03:42:49",89
"2019-02-21 04:42:47",89
"2019-02-21 05:42:49",89
"2019-02-21 06:42:47",89
"2019-02-21 07:42:47",89
"2019-02-21 08:42:45",89
"2019-02-21 09:42:47",89
"2019-02-21 10:42:47",89
"2019-02-21 11:42:47",89
"2019-02-21 12:42:45",89
"2019-02-21 13:42:46",89
"2019-02-21 14:42:48",89
"2019-02-21 15:42:51",89
"2019-02-21 17:06:48",89
"2019-02-21 17:42:45",89
"2019-02-21 18:42:45",89
"2019-02-21 19:42:46",90
"2019-02-21 20:42:50",90
"2019-02-21 21:42:45",90
"2019-02-21 22:42:46",90
"2019-02-21 23:42:45",90
"2019-02-22 00:42:47",90
"2019-02-22 01:42:49",90
"2019-02-22 02:42:47",90
"2019-02-22 03:42:49",90
"2019-02-22 04:42:46",90
"2019-02-22 05:42:46",90
"2019-02-22 06:42:46",90
"2019-02-22 07:42:49",90
"2019-02-22 08:42:49",90
"2019-02-22 09:42:47",90
"2019-02-22 10:42:45",90
"2019-02-22 11:42:47",90
"2019-02-22 12:42:46",90
"2019-02-22 13:42:45",90
"2019-02-22 14:42:47",90
"2019-02-22 15:42:48",90
"2019-02-22 16:42:46",90
"2019-02-22 17:42:46",89
"2019-02-22 18:42:47",89
"2019-02-22 19:42:45",89
"2019-02-22 20:42:45",89
"2019-02-22 21:42:49",89
"2019-02-22 22:42:46",89
"2019-02-22 23:42:49",89
"2019-02-23 00:42:45",89
"2019-02-23 01:42:48",89
"2019-02-23 02:42:50",89
"2019-02-23 03:42:50",89
"2019-02-23 04:42:46",89
"2019-02-23 05:42:48",89
"2019-02-23 06:42:45",89
"2019-02-23 07:42:45",89
"2019-02-23 08:42:46",89
"2019-02-23 09:42:45",89
"2019-02-23 10:42:46",89
"2019-02-23 11:42:47",89
"2019-02-23 12:42:46",89
"2019-02-23 13:42:45",89
"2019-02-23 14:42:47",89
"2019-02-23 15:42:47",89
"2019-02-23 16:42:45",89
"2019-02-23 17:42:46",89
"2019-02-23 18:42:47",89
"2019-02-23 19:42:46",89
"2019-02-23 20:42:47",89
"2019-02-23 21:42:49",89
"2019-02-23 22:42:45",89
"2019-02-23 23:42:46",89
"2019-02-24 00:42:48",89
"2019-02-24 01:42:46",89
"2019-02-24 02:42:47",89
"2019-02-24 03:42:47",89
"2019-02-24 04:42:47",89
"2019-02-24 05:42:47",89
"2019-02-24 06:42:46",89
"2019-02-24 07:42:47",89
"2019-02-24 08:42:46",89
"2019-02-24 09:42:46",89
"2019-02-24 10:42:45",89
"2019-02-24 11:42:45",89
"2019-02-24 12:42:45",89
"2019-02-24 13:42:45",89
"2019-02-24 14:42:45",89
"2019-02-24 15:42:48",89
"2019-02-24 16:42:46",89
"2019-02-24 17:42:48",89
"2019-02-24 18:42:48",89
"2019-02-24 19:42:48",89
"2019-02-24 20:42:45",89
"2019-02-24 21:42:46",89
"2019-02-24 22:42:47",89
"2019-02-24 23:42:46",89
"2019-02-25 00:42:47",89
"2019-02-25 01:42:46",89
"2019-02-25 02:42:45",89
"2019-02-25 03:42:48",89
"2019-02-25 04:42:46",89
"2019-02-25 05:42:46",89
"2019-02-25 06:42:45",89
"2019-02-25 07:42:46",89
"2019-02-25 08:42:46",89
"2019-02-25 09:42:47",89
"2019-02-25 10:42:45",89
"2019-02-25 11:42:48",89
"2019-02-25 12:42:45",89
"2019-02-25 14:07:50",89
"2019-02-25 14:42:47",89
"2019-02-25 15:42:48",89
"2019-02-25 16:42:47",88
"2019-02-25 17:42:48",88
"2019-02-25 18:42:49",89
"2019-02-25 19:42:45",89
"2019-02-25 20:42:47",89
"2019-02-25 21:42:47",89
"2019-02-25 22:42:46",89
"2019-02-25 23:42:48",89
"2019-02-26 00:42:47",89
"2019-02-26 01:42:47",89
"2019-02-26 02:42:49",89
"2019-02-26 03:42:50",89
"2019-02-26 04:42:50",89
"2019-02-26 05:42:46",89
"2019-02-26 06:42:49",89
"2019-02-26 07:42:49",89
"2019-02-26 08:42:47",89
"2019-02-26 09:42:48",89
"2019-02-26 10:42:45",89
"2019-02-26 11:42:47",89
"2019-02-26 12:42:46",89
"2019-02-26 13:42:46",89
"2019-02-26 14:42:48",89
"2019-02-26 15:42:50",89
"2019-02-26 16:42:47",88
"2019-02-26 17:42:48",88
"2019-02-26 18:42:46",88
"2019-02-26 19:42:52",88
"2019-02-26 20:42:48",88
"2019-02-26 21:42:47",88
"2019-02-26 22:42:50",88
"2019-02-26 23:42:48",88
"2019-02-27 00:42:51",88
"2019-02-27 01:42:51",88
"2019-02-27 03:43:09",88
"2019-02-27 04:42:50",88
"2019-02-27 05:42:49",88
"2019-02-27 06:42:51",88
"2019-02-27 07:42:49",88
"2019-02-27 08:42:48",88
"2019-02-27 09:42:45",88
"2019-02-27 10:42:47",88
"2019-02-27 11:42:51",88
"2019-02-27 12:42:53",88
"2019-02-27 13:42:48",88
"2019-02-27 14:42:50",88
"2019-02-27 15:42:53",88
"2019-02-27 16:42:47",88
"2019-02-27 17:42:47",88
"2019-02-27 18:42:52",88
"2019-02-27 19:42:51",88
"2019-02-27 20:42:48",88
"2019-02-27 21:42:48",88
"2019-02-27 22:42:50",88
"2019-02-27 23:42:47",88
"2019-02-28 00:43:35",88
"2019-02-28 01:42:47",88
"2019-02-28 02:42:49",88
"2019-02-28 04:42:48",88
"2019-02-28 05:42:48",88
"2019-02-28 06:42:46",88
"2019-02-28 07:42:47",88
"2019-02-28 08:42:48",88
"2019-02-28 09:42:46",88
"2019-02-28 10:42:48",88
"2019-02-28 11:42:48",88
"2019-02-28 12:42:48",88
"2019-02-28 13:42:48",88
"2019-02-28 15:06:53",88
"2019-02-28 15:42:45",88
"2019-02-28 16:42:50",88
"2019-02-28 17:42:48",88
"2019-02-28 18:42:51",89
"2019-02-28 19:42:50",89
"2019-02-28 20:42:47",88
"2019-02-28 21:42:47",88
"2019-02-28 22:42:49",88
"2019-02-28 23:42:47",88
"2019-03-01 00:42:48",88
"2019-03-01 01:42:49",88
"2019-03-01 02:42:50",88
"2019-03-01 03:42:51",88
"2019-03-01 04:42:50",88
"2019-03-01 05:42:50",88
"2019-03-01 06:42:48",88
"2019-03-01 07:42:50",88
"2019-03-01 08:42:48",88
"2019-03-01 09:42:46",88
"2019-03-01 10:42:48",88
"2019-03-01 11:42:47",88
"2019-03-01 12:42:46",88
"2019-03-01 13:42:53",88
"2019-03-01 14:42:51",88
"2019-03-01 15:42:49",87
"2019-03-01 16:42:49",86
"2019-03-01 17:42:48",86
"2019-03-01 18:42:50",86
"2019-03-01 19:42:50",85
"2019-03-01 20:42:52",85
"2019-03-01 21:42:52",85
"2019-03-01 22:42:51",85
"2019-03-01 23:42:51",85
"2019-03-02 07:42:49",85
"2019-03-02 08:42:49",85
"2019-03-02 09:42:46",85
"2019-03-02 10:42:47",85
"2019-03-02 11:42:50",85
"2019-03-02 15:42:53",85
"2019-03-02 16:42:49",85
"2019-03-02 17:42:49",85
"2019-03-04 02:42:50",85
"2019-03-04 07:42:50",85
"2019-03-04 10:42:46",85
"2019-03-04 11:42:47",85
"2019-03-04 12:42:45",85
"2019-03-04 13:42:44",85
"2019-03-04 14:42:50",85
"2019-03-04 15:42:46",86
"2019-03-04 16:42:49",86
"2019-03-04 17:42:49",86
"2019-03-04 18:42:47",86
"2019-03-04 19:42:50",86
"2019-03-04 20:42:49",86
"2019-03-04 21:42:48",86
"2019-03-04 22:42:50",86
"2019-03-04 23:42:48",86
"2019-03-05 00:42:50",86
"2019-03-05 01:42:49",86
"2019-03-05 02:42:51",86
"2019-03-05 03:42:51",86
"2019-03-05 04:42:49",86
"2019-03-05 05:42:48",86
"2019-03-05 06:42:47",86
"2019-03-05 07:42:47",86
"2019-03-05 08:42:47",86
"2019-03-05 09:42:49",86
"2019-03-05 10:42:47",86
"2019-03-05 11:42:45",86
"2019-03-05 12:42:47",86
"2019-03-05 14:07:56",86
"2019-03-05 14:42:49",86
"2019-03-05 15:42:51",86
"2019-03-05 16:42:50",86
"2019-03-05 17:42:50",86
"2019-03-05 18:42:50",86
"2019-03-05 19:42:49",87
"2019-03-05 20:42:50",87
"2019-03-05 21:42:49",87
"2019-03-05 22:42:52",87
"2019-03-05 23:42:51",87
"2019-03-06 00:42:51",87
"2019-03-06 01:42:50",87
"2019-03-06 02:42:49",87
"2019-03-06 03:42:50",87
"2019-03-06 04:42:52",87
"2019-03-06 05:42:52",87
"2019-03-06 06:42:54",87
"2019-03-06 07:42:49",87
"2019-03-06 08:42:47",87
"2019-03-06 09:42:48",87
"2019-03-06 10:42:49",87
"2019-03-06 11:43:33",87
"2019-03-06 12:43:03",87
"2019-03-06 14:07:38",87
"2019-03-06 14:43:18",87
"2019-03-06 15:43:11",88
"2019-03-06 16:42:48",88
"2019-03-06 17:42:55",88
"2019-03-06 18:42:53",88
"2019-03-06 19:42:51",88
"2019-03-06 20:42:50",88
"2019-03-06 21:42:50",88
"2019-03-06 22:42:50",88
"2019-03-06 23:42:51",88
"2019-03-07 00:42:50",88
"2019-03-07 01:42:52",88
"2019-03-07 02:42:52",88
"2019-03-07 04:42:55",88
"2019-03-07 05:42:52",88
"2019-03-07 06:42:49",88
"2019-03-07 07:42:50",88
"2019-03-07 08:42:51",88
"2019-03-07 09:42:50",88
"2019-03-07 10:42:49",88
"2019-03-07 11:42:49",88
"2019-03-07 12:42:48",88
"2019-03-07 13:42:51",88
"2019-03-07 14:42:53",88
"2019-03-07 15:42:48",88
"2019-03-07 16:42:51",89
"2019-03-07 17:42:53",89
"2019-03-07 18:42:52",89
"2019-03-07 20:07:23",89
"2019-03-07 20:42:50",89
"2019-03-07 21:42:52",89
"2019-03-07 22:42:55",89
"2019-03-07 23:42:48",89
"2019-03-08 00:42:50",89
"2019-03-08 01:42:51",89
"2019-03-08 02:42:50",89
"2019-03-08 04:42:49",89
"2019-03-08 05:42:49",89
"2019-03-08 06:42:49",89
"2019-03-08 07:42:50",89
"2019-03-08 08:42:49",89
"2019-03-08 09:42:48",89
"2019-03-08 10:42:49",89
"2019-03-08 11:42:49",89
"2019-03-08 12:42:48",89
"2019-03-08 14:07:54",89
"2019-03-08 14:42:48",89
"2019-03-08 15:42:52",88
"2019-03-08 16:42:49",88
"2019-03-08 17:42:48",88
"2019-03-08 18:42:51",88
"2019-03-08 19:42:51",88
"2019-03-08 20:42:47",88
"2019-03-08 21:42:55",88
"2019-03-08 22:42:47",88
"2019-03-08 23:42:52",88
"2019-03-09 00:42:55",88
"2019-03-09 01:42:52",88
"2019-03-09 02:42:49",88
"2019-03-09 03:42:52",88
"2019-03-09 04:42:51",88
"2019-03-09 05:42:50",88
"2019-03-09 06:42:49",88
"2019-03-09 07:42:48",88
"2019-03-09 08:42:47",88
"2019-03-09 09:42:46",88
"2019-03-09 10:42:48",88
"2019-03-09 11:42:47",88
"2019-03-09 12:42:47",88
"2019-03-09 13:42:47",88
"2019-03-09 14:42:48",88
"2019-03-09 15:42:51",88
"2019-03-09 16:42:48",88
"2019-03-09 17:42:49",88
"2019-03-09 18:42:49",88
"2019-03-09 19:42:48",88
"2019-03-09 20:42:48",88
"2019-03-09 21:42:47",88
"2019-03-09 22:42:49",88
"2019-03-09 23:42:48",88
"2019-03-10 00:42:48",88
"2019-03-10 01:42:49",88
"2019-03-10 02:42:52",88
"2019-03-10 03:42:49",88
"2019-03-10 04:42:49",88
"2019-03-10 05:42:48",88
"2019-03-10 06:42:49",88
"2019-03-10 07:42:47",88
"2019-03-10 08:42:46",88
"2019-03-10 09:42:47",88
"2019-03-10 10:42:47",88
"2019-03-10 11:42:48",88
"2019-03-10 12:42:48",88
"2019-03-10 13:42:46",88
"2019-03-10 14:42:47",88
"2019-03-10 15:42:51",88
"2019-03-10 16:42:49",88
"2019-03-10 17:42:52",88
"2019-03-10 18:42:52",88
"2019-03-10 19:42:49",88
"2019-03-10 20:42:48",88
"2019-03-10 21:42:48",88
"2019-03-10 22:42:47",88
"2019-03-10 23:42:49",88
"2019-03-11 00:42:49",88
"2019-03-11 01:42:51",88
"2019-03-11 02:42:48",88
"2019-03-11 03:42:48",88
"2019-03-11 04:42:49",88
"2019-03-11 05:42:49",88
"2019-03-11 06:42:47",88
"2019-03-11 07:42:48",88
"2019-03-11 08:42:46",88
"2019-03-11 09:42:48",88
"2019-03-11 10:42:49",88
"2019-03-11 11:42:47",88
"2019-03-11 12:42:51",88
"2019-03-11 13:42:50",88
"2019-03-11 14:42:51",89
"2019-03-11 15:42:49",89
"2019-03-11 16:42:49",89
"2019-03-11 17:42:48",89
"2019-03-11 18:42:49",89
"2019-03-11 19:42:49",88
"2019-03-11 20:42:48",88
"2019-03-11 21:42:51",88
"2019-03-11 22:42:49",88
"2019-03-11 23:42:50",88
"2019-03-12 00:42:52",88
"2019-03-12 01:42:47",88
"2019-03-12 02:42:49",88
"2019-03-12 03:42:51",88
"2019-03-12 04:42:49",88
"2019-03-12 05:42:49",88
"2019-03-12 06:42:50",88
"2019-03-12 07:42:46",88
"2019-03-12 08:42:48",88
"2019-03-12 09:42:48",88
"2019-03-12 10:42:51",88
"2019-03-12 11:42:48",88
"2019-03-12 12:42:49",88
"2019-03-12 13:42:49",88
"2019-03-12 14:42:47",88
"2019-03-12 15:42:48",88
"2019-03-12 16:42:48",88
"2019-03-12 17:42:47",88
"2019-03-12 18:42:49",88
"2019-03-12 19:42:47",88
"2019-03-12 20:42:49",88
"2019-03-12 21:42:48",88
"2019-03-12 22:42:49",88
"2019-03-12 23:42:50",88
"2019-03-13 00:42:49",88
"2019-03-13 01:42:50",88
"2019-03-13 02:42:49",88
"2019-03-13 03:42:50",88
"2019-03-13 04:42:50",88
"2019-03-13 05:42:48",88
"2019-03-13 06:42:48",88
"2019-03-13 07:42:51",88
"2019-03-13 08:42:47",88
"2019-03-13 09:42:47",88
"2019-03-13 10:42:46",88
"2019-03-13 11:42:46",88
"2019-03-13 13:06:50",88
"2019-03-13 13:42:48",88
"2019-03-13 14:42:49",89
"2019-03-13 15:42:49",88
"2019-03-13 16:42:50",88
"2019-03-13 17:42:52",88
"2019-03-13 18:42:47",89
"2019-03-13 19:42:50",89
"2019-03-13 20:42:49",89
"2019-03-13 21:42:50",89
"2019-03-13 22:42:48",89
"2019-03-13 23:42:50",89
"2019-03-14 00:42:48",89
"2019-03-14 01:42:51",89
"2019-03-14 02:42:51",89
"2019-03-14 03:42:48",89
"2019-03-14 04:42:49",89
"2019-03-14 05:42:48",89
"2019-03-14 06:42:49",89
"2019-03-14 07:42:48",89
"2019-03-14 08:42:47",89
"2019-03-14 09:42:46",89
"2019-03-14 10:42:50",89
"2019-03-14 11:42:48",89
"2019-03-14 13:07:23",89
"2019-03-14 13:42:48",89
"2019-03-14 14:42:50",89
"2019-03-14 15:42:50",89
"2019-03-14 16:42:49",89
"2019-03-14 17:42:51",89
"2019-03-14 18:42:48",89
"2019-03-14 19:42:54",89
"2019-03-14 20:42:49",88
"2019-03-14 21:42:50",88
"2019-03-14 22:42:54",88
"2019-03-14 23:42:53",88
"2019-03-15 00:42:51",88
"2019-03-15 01:42:50",88
"2019-03-15 02:42:52",88
"2019-03-15 03:42:51",88
"2019-03-15 04:42:50",88
"2019-03-15 05:42:48",88
"2019-03-15 06:42:47",88
"2019-03-15 07:42:49",88
"2019-03-15 08:42:51",88
"2019-03-15 09:42:50",88
"2019-03-15 10:42:53",88
"2019-03-15 11:42:52",88
"2019-03-15 12:42:51",88
"2019-03-15 13:42:51",88
"2019-03-15 14:42:50",88
"2019-03-15 15:42:54",88
"2019-03-15 16:42:52",88
"2019-03-15 17:42:54",88
"2019-03-15 18:42:51",88
"2019-03-15 19:42:51",88
"2019-03-15 20:42:51",88
"2019-03-15 21:42:50",88
"2019-03-15 22:42:49",88
"2019-03-15 23:42:54",88
"2019-03-16 00:42:51",88
"2019-03-16 01:42:49",88
"2019-03-16 02:42:51",88
"2019-03-16 03:42:52",88
"2019-03-16 04:42:53",88
"2019-03-16 05:42:52",88
"2019-03-16 06:42:51",88
"2019-03-16 07:42:51",88
"2019-03-16 08:42:54",88
"2019-03-16 09:42:50",88
"2019-03-16 10:42:50",88
"2019-03-16 11:42:51",88
"2019-03-16 12:42:50",88
"2019-03-16 13:42:51",88
"2019-03-16 14:42:50",88
"2019-03-16 15:42:51",88
"2019-03-16 16:42:50",88
"2019-03-16 17:42:50",88
"2019-03-16 18:42:49",88
"2019-03-16 19:42:49",88
"2019-03-16 20:42:52",88
"2019-03-16 21:42:53",88
"2019-03-16 22:42:52",88
"2019-03-16 23:42:50",88
"2019-03-17 00:42:52",88
"2019-03-17 01:42:51",88
"2019-03-17 02:42:54",88
"2019-03-17 03:42:52",88
"2019-03-17 04:42:52",88
"2019-03-17 05:42:53",88
"2019-03-17 06:42:51",88
"2019-03-17 07:42:50",88
"2019-03-17 08:42:48",88
"2019-03-17 09:42:52",88
"2019-03-17 10:42:49",88
"2019-03-17 11:42:50",88
"2019-03-17 12:42:50",88
"2019-03-17 13:42:49",88
"2019-03-17 14:42:49",88
"2019-03-17 15:42:49",88
"2019-03-17 16:42:48",88
"2019-03-17 17:42:48",88
"2019-03-17 18:42:50",88
"2019-03-17 19:42:49",88
"2019-03-17 20:42:48",88
"2019-03-17 21:42:47",88
"2019-03-17 22:42:48",88
"2019-03-17 23:42:49",88
"2019-03-18 00:42:49",88
"2019-03-18 01:42:49",88
"2019-03-18 02:42:50",88
"2019-03-18 03:42:50",88
"2019-03-18 04:42:49",88
"2019-03-18 05:42:48",88
"2019-03-18 06:42:48",88
"2019-03-18 07:42:49",88
"2019-03-18 08:42:47",88
"2019-03-18 09:42:49",88
"2019-03-18 10:42:48",88
"2019-03-18 11:42:47",88
"2019-03-18 12:42:51",88
"2019-03-18 13:42:51",88
"2019-03-18 14:42:50",88
"2019-03-18 15:42:56",88
"2019-03-18 16:42:49",88
"2019-03-18 17:42:53",88
"2019-03-18 18:42:53",87
"2019-03-18 19:42:53",87
"2019-03-18 20:42:50",87
"2019-03-18 21:42:51",87
"2019-03-18 22:42:53",87
"2019-03-18 23:42:52",87
"2019-03-19 00:42:55",87
"2019-03-19 01:42:52",87
"2019-03-19 02:42:53",87
"2019-03-19 03:42:50",87
"2019-03-19 04:42:50",87
"2019-03-19 05:42:47",87
"2019-03-19 06:42:54",87
"2019-03-19 07:42:51",87
"2019-03-19 08:42:49",87
"2019-03-19 09:42:50",87
"2019-03-19 10:42:50",87
"2019-03-19 11:42:50",87
"2019-03-19 12:42:51",87
"2019-03-19 13:42:51",87
"2019-03-19 14:42:52",87
"2019-03-19 15:42:53",87
"2019-03-19 16:42:52",87
"2019-03-19 17:42:54",87
"2019-03-19 18:42:53",87
"2019-03-19 19:42:55",87
"2019-03-19 20:42:54",87
"2019-03-19 21:42:59",87
"2019-03-19 22:42:56",87
"2019-03-19 23:42:54",87
"2019-03-20 00:42:56",87
"2019-03-20 01:42:55",87
"2019-03-20 02:42:56",87
"2019-03-20 03:42:56",87
"2019-03-20 04:42:55",87
"2019-03-20 05:42:53",87
"2019-03-20 06:42:58",87
"2019-03-20 07:42:57",87
"2019-03-20 08:42:56",87
"2019-03-20 09:42:53",87
"2019-03-20 10:42:55",87
"2019-03-20 11:42:54",87
"2019-03-20 13:07:01",87
"2019-03-20 13:42:54",87
"2019-03-20 14:42:55",87
"2019-03-20 15:42:59",87
"2019-03-20 16:42:53",87
"2019-03-20 17:42:54",87
"2019-03-20 18:42:52",87
"2019-03-20 19:42:52",87
"2019-03-20 20:42:50",87
"2019-03-20 21:42:50",87
"2019-03-20 22:42:50",87
"2019-03-20 23:42:50",87
"2019-03-21 00:42:50",87
"2019-03-21 01:42:50",87
"2019-03-21 02:42:53",87
"2019-03-21 03:42:53",87
"2019-03-21 04:42:51",87
"2019-03-21 05:42:54",87
"2019-03-21 06:42:50",87
"2019-03-21 07:42:49",87
"2019-03-21 08:42:48",87
"2019-03-21 09:42:49",87
"2019-03-21 10:42:51",87
"2019-03-21 11:42:50",87
"2019-03-21 13:07:52",87
"2019-03-21 13:42:48",87
"2019-03-21 14:42:49",87
"2019-03-21 15:42:50",87
"2019-03-21 16:42:48",87
"2019-03-21 17:42:49",87
"2019-03-21 18:42:51",88
"2019-03-21 19:42:49",88
"2019-03-21 20:42:45",88
"2019-03-21 21:42:47",88
"2019-03-21 22:42:47",88
"2019-03-21 23:42:47",88
"2019-03-22 00:42:48",88
"2019-03-22 01:42:47",88
"2019-03-22 02:42:53",88
"2019-03-22 03:42:48",88
"2019-03-22 04:42:46",88
"2019-03-22 05:42:48",88
"2019-03-22 06:42:45",88
"2019-03-22 07:42:46",88
"2019-03-22 08:42:57",88
"2019-03-22 09:42:48",88
"2019-03-22 10:42:47",88
"2019-03-22 11:42:45",88
"2019-03-22 12:42:53",88
"2019-03-22 13:42:46",88
"2019-03-22 14:42:46",88
"2019-03-22 15:42:47",88
"2019-03-22 16:42:48",88
"2019-03-22 17:42:50",88
"2019-03-22 18:42:48",87
"2019-03-22 19:42:47",87
"2019-03-22 20:42:48",87
"2019-03-22 21:42:46",87
"2019-03-22 22:42:47",87
"2019-03-22 23:42:46",87
"2019-03-23 00:42:48",87
"2019-03-23 01:42:54",87
"2019-03-23 02:42:48",87
"2019-03-23 03:42:46",87
"2019-03-23 04:42:46",87
"2019-03-23 05:42:47",87
"2019-03-23 06:42:46",87
"2019-03-23 07:42:51",87
"2019-03-23 08:42:46",87
"2019-03-23 09:42:47",87
"2019-03-23 10:42:45",87
"2019-03-23 11:42:47",87
"2019-03-23 12:42:45",87
"2019-03-23 13:42:50",87
"2019-03-23 14:42:47",87
"2019-03-23 15:42:48",87
"2019-03-23 16:42:45",87
"2019-03-23 17:42:46",87
"2019-03-23 18:42:47",87
"2019-03-23 19:42:51",87
"2019-03-23 20:42:48",87
"2019-03-23 21:42:48",87
"2019-03-23 22:42:47",87
"2019-03-23 23:42:47",87
"2019-03-24 00:42:47",87
"2019-03-24 01:42:48",87
"2019-03-24 02:42:48",87
"2019-03-24 03:42:49",87
"2019-03-24 04:42:54",87
"2019-03-24 05:42:48",87
"2019-03-24 06:42:48",87
"2019-03-24 07:42:48",87
"2019-03-24 08:42:47",87
"2019-03-24 09:42:54",87
"2019-03-24 10:42:50",87
"2019-03-24 11:42:45",87
"2019-03-24 12:42:46",87
"2019-03-24 13:42:51",87
"2019-03-24 14:42:47",87
"2019-03-24 15:42:47",87
"2019-03-24 16:42:46",87
"2019-03-24 17:42:47",87
"2019-03-24 18:42:48",87
"2019-03-24 19:42:47",87
"2019-03-24 20:42:48",87
"2019-03-24 21:42:54",87
"2019-03-24 22:42:48",87
"2019-03-24 23:42:48",87
"2019-03-25 00:42:48",87
"2019-03-25 01:42:48",87
"2019-03-25 02:42:49",87
"2019-03-25 03:42:56",87
"2019-03-25 04:42:48",87
"2019-03-25 05:42:49",87
"2019-03-25 06:42:48",87
"2019-03-25 07:42:48",87
"2019-03-25 08:42:50",87
"2019-03-25 09:42:47",87
"2019-03-25 10:42:48",87
"2019-03-25 11:42:57",87
"2019-03-25 13:06:53",87
"2019-03-25 13:42:53",87
"2019-03-25 14:42:49",87
"2019-03-25 15:42:49",86
"2019-03-25 16:42:48",86
"2019-03-25 17:42:50",86
"2019-03-25 18:42:50",86
"2019-03-25 19:42:53",87
"2019-03-25 20:42:49",87
"2019-03-25 21:42:48",87
"2019-03-25 22:42:58",87
"2019-03-25 23:42:56",87
"2019-03-26 00:42:52",87
"2019-03-26 01:42:50",87
"2019-03-26 02:42:47",87
"2019-03-26 03:42:50",87
"2019-03-26 04:42:49",87
"2019-03-26 05:42:50",87
"2019-03-26 06:42:48",87
"2019-03-26 07:42:48",87
"2019-03-26 08:42:46",87
"2019-03-26 09:42:47",87
"2019-03-26 10:42:51",87
"2019-03-26 11:42:48",87
"2019-03-26 12:42:49",87
"2019-03-26 13:42:56",87
"2019-03-26 14:42:46",87
"2019-03-26 15:42:56",87
"2019-03-26 16:42:53",87
"2019-03-26 17:42:49",87
"2019-03-26 18:42:52",87
"2019-03-26 19:42:56",87
"2019-03-26 20:42:50",87
"2019-03-26 21:42:50",87
"2019-03-26 22:42:49",87
"2019-03-26 23:42:48",87
"2019-03-27 00:42:53",87
"2019-03-27 01:42:48",87
"2019-03-27 02:42:47",87
"2019-03-27 03:42:54",87
"2019-03-27 04:42:51",87
"2019-03-27 05:42:50",87
"2019-03-27 06:42:55",87
"2019-03-27 07:42:48",87
"2019-03-27 08:42:48",87
"2019-03-27 09:42:48",87
"2019-03-27 10:42:53",87
"2019-03-27 11:42:47",87
"2019-03-27 13:07:29",87
"2019-03-27 13:42:50",87
"2019-03-27 14:42:55",87
"2019-03-27 15:42:49",87
"2019-03-27 16:42:50",87
"2019-03-27 17:42:59",87
"2019-03-27 18:42:48",87
"2019-03-27 19:42:47",87
"2019-03-27 20:42:53",87
"2019-03-27 21:42:49",87
"2019-03-27 22:42:58",87
"2019-03-27 23:42:52",87
"2019-03-28 00:42:51",87
"2019-03-28 01:42:49",87
"2019-03-28 02:42:58",87
"2019-03-28 03:42:50",87
"2019-03-28 04:42:54",87
"2019-03-28 05:42:48",87
"2019-03-28 06:42:47",87
"2019-03-28 07:42:48",87
"2019-03-28 08:42:46",87
"2019-03-28 09:42:47",87
"2019-03-28 10:42:48",87
"2019-03-28 11:42:47",87
"2019-03-28 13:07:21",87
"2019-03-28 13:42:54",87
"2019-03-28 14:42:50",87
"2019-03-28 15:42:51",87
"2019-03-28 16:42:52",87
"2019-03-28 17:42:50",87
"2019-03-28 18:42:50",87
"2019-03-28 19:42:49",87
"2019-03-28 20:42:53",87
"2019-03-28 21:42:51",87
"2019-03-28 22:42:49",87
"2019-03-28 23:42:50",87
"2019-03-29 00:42:49",87
"2019-03-29 01:43:04",87
"2019-03-29 02:42:54",87
"2019-03-29 03:42:56",87
"2019-03-29 04:42:53",87
"2019-03-29 05:42:48",87
"2019-03-29 06:42:47",87
"2019-03-29 07:42:49",87
"2019-03-29 08:42:54",87
"2019-03-29 09:42:49",87
"2019-03-29 10:42:50",87
"2019-03-29 11:42:53",87
"2019-03-29 13:07:52",87
"2019-03-29 13:42:50",87
"2019-03-29 14:42:52",86
"2019-03-29 15:42:52",86
"2019-03-29 16:42:46",86
"2019-03-29 17:42:54",86
"2019-03-29 18:43:04",86
"2019-03-29 19:42:54",86
"2019-03-29 20:42:53",86
"2019-03-29 21:42:51",86
"2019-03-29 22:42:56",86
"2019-03-29 23:43:03",86
"2019-03-30 00:42:56",86
"2019-03-30 01:42:55",86
"2019-03-30 02:42:57",86
"2019-03-30 03:42:56",86
"2019-03-30 04:42:57",86
"2019-03-30 05:42:52",86
"2019-03-30 06:42:52",86
"2019-03-30 07:42:52",86
"2019-03-30 08:43:11",86
"2019-03-30 09:42:53",86
"2019-03-30 10:42:54",86
"2019-03-30 11:42:53",86
"2019-03-30 12:42:58",86
"2019-03-30 13:42:48",86
"2019-03-30 14:42:49",86
"2019-03-30 15:42:48",86
"2019-03-30 16:42:48",86
"2019-03-30 17:42:54",86
"2019-03-30 18:42:48",86
"2019-03-30 19:42:49",86
"2019-03-30 20:42:47",86
"2019-03-30 21:42:48",86
"2019-03-30 22:42:56",86
"2019-03-30 23:42:49",86
"2019-03-31 00:42:49",86
"2019-03-31 01:42:51",86
"2019-03-31 02:42:56",86
"2019-03-31 03:42:50",86
"2019-03-31 04:42:48",86
"2019-03-31 05:42:48",86
"2019-03-31 06:42:55",86
"2019-03-31 07:42:50",86
"2019-03-31 08:42:48",86
"2019-03-31 09:42:47",86
"2019-03-31 10:42:53",86
"2019-03-31 11:42:49",86
"2019-03-31 12:42:48",86
"2019-03-31 13:42:52",86
"2019-03-31 14:42:48",86
"2019-03-31 15:42:49",86
"2019-03-31 16:42:51",86
"2019-03-31 17:42:58",86
"2019-03-31 18:42:48",86
"2019-03-31 19:42:49",86
"2019-03-31 20:42:49",86
"2019-03-31 21:42:50",86
"2019-03-31 22:42:48",86
"2019-03-31 23:42:53",86
"2019-04-01 00:42:55",86
"2019-04-01 01:42:52",86
"2019-04-01 02:42:54",86
"2019-04-01 03:43:02",86
"2019-04-01 04:42:51",86
"2019-04-01 05:42:50",86
"2019-04-01 06:42:48",86
"2019-04-01 07:42:56",86
"2019-04-01 08:42:50",86
"2019-04-01 09:42:51",86
"2019-04-01 10:42:57",86
"2019-04-01 11:42:54",86
"2019-04-01 13:42:57",86
"2019-04-01 14:42:56",85
"2019-04-01 15:43:05",85
"2019-04-01 16:43:00",85
"2019-04-01 17:42:55",85
"2019-04-01 18:42:51",85
"2019-04-01 19:43:04",85
"2019-04-01 20:42:52",85
"2019-04-01 21:42:49",85
"2019-04-01 22:42:54",85
"2019-04-01 23:42:53",85
"2019-04-02 00:42:57",85
"2019-04-02 01:42:51",85
"2019-04-02 02:42:53",85
"2019-04-02 03:43:00",85
"2019-04-02 04:42:52",85
"2019-04-02 05:42:50",85
"2019-04-02 06:42:50",85
"2019-04-02 07:42:55",85
"2019-04-02 08:42:52",85
"2019-04-02 09:42:56",85
"2019-04-02 10:42:50",85
"2019-04-02 11:42:50",85
"2019-04-02 13:07:29",85
"2019-04-02 13:42:53",85
"2019-04-02 14:42:48",85
"2019-04-02 15:43:01",85
"2019-04-02 16:42:51",85
"2019-04-02 17:42:58",86
"2019-04-02 18:42:52",86
"2019-04-02 19:42:53",86
"2019-04-02 20:42:58",86
"2019-04-02 21:42:53",86
"2019-04-02 22:42:52",86
"2019-04-02 23:42:53",86
"2019-04-03 00:43:04",86
"2019-04-03 01:42:54",86
"2019-04-03 02:42:51",86
"2019-04-03 03:42:55",86
"2019-04-03 04:42:55",86
"2019-04-03 05:42:55",86
"2019-04-03 06:42:56",86
"2019-04-03 07:42:52",86
"2019-04-03 08:42:51",86
"2019-04-03 09:43:05",86
"2019-04-03 10:42:55",86
"2019-04-03 11:42:54",86
"2019-04-03 13:07:32",86
"2019-04-03 13:42:53",86
"2019-04-03 14:43:00",86
"2019-04-03 15:43:00",86
"2019-04-03 16:42:53",86
"2019-04-03 17:42:50",86
"2019-04-03 18:42:51",86
"2019-04-03 19:42:53",86
"2019-04-03 20:42:54",86
"2019-04-03 21:42:51",86
"2019-04-03 22:42:50",86
"2019-04-03 23:42:58",86
"2019-04-04 00:42:49",86
"2019-04-04 01:42:52",86
"2019-04-04 02:42:52",86
"2019-04-04 03:42:57",86
"2019-04-04 04:42:49",86
"2019-04-04 05:42:49",86
"2019-04-04 06:42:49",86
"2019-04-04 07:42:51",86
"2019-04-04 08:42:56",86
"2019-04-04 09:42:49",86
"2019-04-04 10:42:50",86
"2019-04-04 11:42:56",86
"2019-04-04 12:42:51",86
"2019-04-04 13:42:51",86
"2019-04-04 14:42:59",86
"2019-04-04 15:42:52",86
"2019-04-04 16:43:00",85
"2019-04-04 17:42:49",85
"2019-04-04 18:42:55",85
"2019-04-04 19:42:51",85
"2019-04-04 20:42:51",84
"2019-04-04 21:42:54",84
"2019-04-04 22:43:02",84
"2019-04-04 23:42:51",84
"2019-04-05 00:42:53",84
"2019-04-05 01:42:50",84
"2019-04-05 02:42:50",84
"2019-04-05 03:43:04",84
"2019-04-05 04:42:52",84
"2019-04-05 05:42:51",84
"2019-04-05 06:42:49",84
"2019-04-05 07:42:51",84
"2019-04-05 08:43:00",84
"2019-04-05 09:42:52",84
"2019-04-05 10:42:58",84
"2019-04-05 11:42:51",84
"2019-04-05 13:06:57",84
"2019-04-05 13:42:55",84
"2019-04-05 14:42:54",84
"2019-04-05 15:42:59",84
"2019-04-05 16:42:50",84
"2019-04-05 17:42:51",84
"2019-04-05 18:42:53",84
"2019-04-05 19:42:51",84
"2019-04-05 20:42:51",84
"2019-04-05 21:42:55",84
"2019-04-05 22:42:53",84
"2019-04-05 23:42:56",84
"2019-04-06 00:42:54",84
"2019-04-06 01:43:05",84
"2019-04-06 02:42:56",84
"2019-04-06 03:42:54",84
"2019-04-06 04:42:58",84
"2019-04-06 05:42:53",84
"2019-04-06 06:42:51",84
"2019-04-06 07:42:53",84
"2019-04-06 08:43:03",84
"2019-04-06 09:42:52",84
"2019-04-06 10:42:52",84
"2019-04-06 11:42:54",84
"2019-04-06 12:42:53",84
"2019-04-06 13:42:50",84
"2019-04-06 14:42:50",84
"2019-04-06 15:42:57",84
"2019-04-06 16:42:51",84
"2019-04-06 17:42:51",84
"2019-04-06 18:42:53",84
"2019-04-06 19:42:52",84
"2019-04-06 20:42:49",84
"2019-04-06 21:43:00",84
"2019-04-06 22:42:51",84
"2019-04-06 23:42:50",84
"2019-04-07 00:42:51",84
"2019-04-07 01:42:49",84
"2019-04-07 02:42:53",84
"2019-04-07 03:42:58",84
"2019-04-07 04:42:53",84
"2019-04-07 05:42:52",84
"2019-04-07 06:42:54",84
"2019-04-07 07:43:01",84
"2019-04-07 08:42:54",84
"2019-04-07 09:42:57",84
"2019-04-07 10:42:51",84
"2019-04-07 11:42:58",84
"2019-04-07 12:42:54",84
"2019-04-07 13:42:58",84
"2019-04-07 14:42:52",84
"2019-04-07 15:42:54",84
"2019-04-07 16:42:57",84
"2019-04-07 17:42:52",84
"2019-04-07 18:42:52",84
"2019-04-07 19:42:52",84
"2019-04-07 20:42:59",84
"2019-04-07 21:42:51",84
"2019-04-07 22:42:51",84
"2019-04-07 23:42:50",84
"2019-04-08 00:43:03",84
"2019-04-08 01:42:53",84
"2019-04-08 02:42:52",84
"2019-04-08 03:42:52",84
"2019-04-08 04:42:49",84
"2019-04-08 05:43:01",84
"2019-04-08 06:42:49",84
"2019-04-08 07:42:49",84
"2019-04-08 08:42:51",84
"2019-04-08 09:42:52",84
"2019-04-08 10:42:51",84
"2019-04-08 11:43:03",84
"2019-04-08 12:42:50",84
"2019-04-08 13:42:58",84
"2019-04-08 14:42:50",84
"2019-04-08 15:42:56",84
"2019-04-08 16:43:03",84
"2019-04-08 17:42:53",84
"2019-04-08 18:42:51",84
"2019-04-08 19:42:52",84
"2019-04-08 20:42:52",84
"2019-04-08 21:42:54",84
"2019-04-08 22:42:54",84
"2019-04-08 23:42:51",84
"2019-04-09 00:42:59",84
"2019-04-09 01:42:53",84
"2019-04-09 02:42:55",84
"2019-04-09 03:42:54",84
"2019-04-09 04:42:52",84
"2019-04-09 05:42:56",84
"2019-04-09 06:42:52",84
"2019-04-09 07:42:52",84
"2019-04-09 08:42:55",84
"2019-04-09 09:43:03",84
"2019-04-09 10:42:52",84
"2019-04-09 11:42:54",84
"2019-04-09 13:08:08",84
"2019-04-09 13:42:52",84
"2019-04-09 14:42:51",84
"2019-04-09 15:43:05",84
"2019-04-09 16:42:54",84
"2019-04-09 17:42:52",84
"2019-04-09 18:42:53",84
"2019-04-09 19:42:53",84
"2019-04-09 20:42:52",84
"2019-04-09 21:42:53",84
"2019-04-09 22:42:52",84
"2019-04-09 23:43:00",84
"2019-04-10 00:42:54",84
"2019-04-10 01:42:54",84
"2019-04-10 02:42:54",84
"2019-04-10 03:42:58",84
"2019-04-10 04:42:59",84
"2019-04-10 05:42:52",84
"2019-04-10 06:42:52",84
"2019-04-10 07:42:51",84
"2019-04-10 08:42:59",84
"2019-04-10 09:42:54",84
"2019-04-10 10:42:53",84
"2019-04-10 11:42:55",84
"2019-04-10 12:43:03",84
"2019-04-10 13:43:03",84
"2019-04-10 14:42:53",84
"2019-04-10 15:42:56",84
"2019-04-10 16:42:54",84
"2019-04-10 17:42:54",84
"2019-04-10 18:42:58",84
"2019-04-10 19:42:55",84
"2019-04-10 20:42:51",84
"2019-04-10 21:42:51",84
"2019-04-10 22:42:50",84
"2019-04-10 23:43:01",84
"2019-04-11 00:42:53",84
"2019-04-11 01:42:49",84
"2019-04-11 02:42:53",84
"2019-04-11 03:42:56",84
"2019-04-11 04:42:56",84
"2019-04-11 05:42:55",84
"2019-04-11 06:42:49",84
"2019-04-11 18:42:58",84
"2019-04-11 19:43:07",85
"2019-04-11 20:42:54",85
"2019-04-11 21:42:54",85
"2019-04-11 22:42:53",85
"2019-04-11 23:42:53",85
"2019-04-12 00:42:53",85
"2019-04-12 01:42:56",85
"2019-04-12 02:43:01",85
"2019-04-12 03:42:55",85
"2019-04-12 04:42:55",85
"2019-04-12 05:42:55",85
"2019-04-12 06:42:51",85
"2019-04-12 07:42:53",85
"2019-04-12 08:42:53",85
"2019-04-12 09:42:58",85
"2019-04-12 10:42:52",85
"2019-04-12 11:42:52",85
"2019-04-12 13:06:36",85
"2019-04-12 13:42:55",85
"2019-04-12 14:42:51",86
"2019-04-12 15:42:58",86
"2019-04-12 16:42:56",86
"2019-04-12 17:42:53",86
"2019-04-12 18:42:53",86
"2019-04-12 19:42:53",86
"2019-04-12 20:42:53",86
"2019-04-12 21:42:52",86
"2019-04-12 22:43:02",86
"2019-04-12 23:42:52",86
"2019-04-13 00:42:56",86
"2019-04-13 01:42:53",86
"2019-04-13 02:42:55",86
"2019-04-13 03:43:06",86
"2019-04-13 04:42:56",86
"2019-04-13 05:42:55",86
"2019-04-13 06:42:55",86
"2019-04-13 07:42:50",86
"2019-04-13 08:42:53",86
"2019-04-13 09:42:57",86
"2019-04-13 10:42:52",86
"2019-04-13 11:42:54",86
"2019-04-13 12:42:53",86
"2019-04-13 13:42:53",86
"2019-04-13 14:42:57",86
"2019-04-13 15:42:56",86
"2019-04-13 16:42:55",86
"2019-04-13 17:42:51",86
"2019-04-13 18:42:54",86
"2019-04-13 19:42:54",86
"2019-04-13 20:42:53",86
"2019-04-13 21:42:58",86
"2019-04-13 22:42:53",86
"2019-04-13 23:42:52",86
"2019-04-14 00:42:55",86
"2019-04-14 01:42:57",86
"2019-04-14 02:42:53",86
"2019-04-14 03:42:52",86
"2019-04-14 04:43:02",86
"2019-04-14 05:42:53",86
"2019-04-14 06:42:54",86
"2019-04-14 07:42:57",86
"2019-04-14 08:42:53",86
"2019-04-14 09:42:56",86
"2019-04-14 10:42:50",86
"2019-04-14 11:42:56",86
"2019-04-14 12:42:51",86
"2019-04-14 13:42:54",86
"2019-04-14 14:43:00",86
"2019-04-14 15:42:57",86
"2019-04-14 16:42:57",86
"2019-04-14 17:42:54",86
"2019-04-14 18:42:55",86
"2019-04-14 19:42:56",86
"2019-04-14 20:42:57",86
"2019-04-14 21:43:03",86
"2019-04-14 22:42:54",86
"2019-04-14 23:42:56",86
"2019-04-15 00:42:54",86
"2019-04-15 01:42:53",86
"2019-04-15 02:42:54",86
"2019-04-15 03:43:04",86
"2019-04-15 04:42:54",86
"2019-04-15 05:42:54",86
"2019-04-15 06:42:51",86
"2019-04-15 07:42:53",86
"2019-04-15 08:42:58",86
"2019-04-15 09:42:52",86
"2019-04-15 10:42:52",86
"2019-04-15 11:42:53",86
"2019-04-15 13:08:34",86
"2019-04-15 13:42:52",86
"2019-04-15 14:42:54",87
"2019-04-15 15:43:01",87
"2019-04-15 16:42:53",87
"2019-04-15 17:42:57",87
"2019-04-15 18:42:58",87
"2019-04-15 19:43:12",87
"2019-04-15 20:42:53",87
"2019-04-15 21:42:54",87
"2019-04-15 22:42:55",87
"2019-04-15 23:42:59",87
"2019-04-16 00:42:56",87
"2019-04-16 01:42:53",87
"2019-04-16 02:42:55",87
"2019-04-16 03:42:59",87
"2019-04-16 04:42:55",87
"2019-04-16 05:42:53",87
"2019-04-16 06:42:53",87
"2019-04-16 07:42:51",87
"2019-04-16 08:43:06",87
"2019-04-16 09:42:52",87
"2019-04-16 10:43:00",87
"2019-04-16 11:42:53",87
"2019-04-16 13:06:57",87
"2019-04-16 13:42:55",87
"2019-04-16 14:42:59",88
"2019-04-16 15:42:53",88
"2019-04-16 16:42:53",88
"2019-04-16 17:42:52",88
"2019-04-16 18:43:00",88
"2019-04-16 19:42:55",88
"2019-04-16 20:42:55",88
"2019-04-16 21:42:51",88
"2019-04-16 22:42:53",88
"2019-04-16 23:42:53",88
"2019-04-17 00:42:54",88
"2019-04-17 01:42:56",88
"2019-04-17 02:43:00",88
"2019-04-17 03:42:54",88
"2019-04-17 04:42:55",88
"2019-04-17 05:42:54",88
"2019-04-17 06:43:08",88
"2019-04-17 07:42:55",88
"2019-04-17 08:42:52",88
"2019-04-17 09:42:59",88
"2019-04-17 10:42:52",88
"2019-04-17 11:42:54",88
"2019-04-17 13:07:59",88
"2019-04-17 13:42:56",88
"2019-04-17 14:42:54",88
"2019-04-17 15:43:13",87
"2019-04-17 16:42:54",87
"2019-04-17 17:43:00",87
"2019-04-17 18:42:54",87
"2019-04-17 19:42:53",86
"2019-04-17 20:42:55",86
"2019-04-17 21:42:53",86
"2019-04-17 22:42:54",86
"2019-04-17 23:46:30",86
"2019-04-18 00:42:53",86
"2019-04-18 01:42:56",86
"2019-04-18 02:42:53",86
"2019-04-18 03:43:04",86
"2019-04-18 04:42:55",86
"2019-04-18 05:43:00",86
"2019-04-18 06:42:54",86
"2019-04-18 07:42:53",86
"2019-04-18 08:42:59",86
"2019-04-18 09:42:54",86
"2019-04-18 10:42:55",86
"2019-04-18 11:42:57",86
"2019-04-18 13:07:57",86
"2019-04-18 13:42:54",86
"2019-04-18 14:43:00",86
"2019-04-18 15:42:55",87
"2019-04-18 16:42:56",87
"2019-04-18 17:43:01",86
"2019-04-18 18:42:54",86
"2019-04-18 19:42:53",86
"2019-04-18 20:42:54",86
"2019-04-18 21:42:56",86
"2019-04-18 22:42:54",86
"2019-04-18 23:42:59",86
"2019-04-19 00:43:55",86
"2019-04-19 02:42:53",86
"2019-04-19 03:43:02",86
"2019-04-19 04:42:53",86
"2019-04-19 05:42:52",86
"2019-04-19 06:42:55",86
"2019-04-19 07:42:59",86
"2019-04-19 08:42:57",86
"2019-04-19 09:42:54",86
"2019-04-19 10:42:56",86
"2019-04-19 11:42:52",86
"2019-04-19 12:42:54",86
"2019-04-19 13:42:57",86
"2019-04-19 14:42:58",86
"2019-04-19 15:42:53",86
"2019-04-19 16:42:55",86
"2019-04-19 17:43:01",86
"2019-04-19 18:42:54",86
"2019-04-19 19:42:53",86
"2019-04-19 20:42:53",86
"2019-04-19 21:42:53",86
"2019-04-19 22:42:53",86
"2019-04-19 23:42:55",86
"2019-04-20 00:43:01",86
"2019-04-20 01:42:56",86
"2019-04-20 02:42:55",86
"2019-04-20 03:42:53",86
"2019-04-20 04:42:59",86
"2019-04-20 05:42:53",86
"2019-04-20 06:42:53",86
"2019-04-20 07:42:57",86
"2019-04-20 08:42:54",86
"2019-04-20 09:42:59",86
"2019-04-20 10:42:54",86
"2019-04-20 11:42:51",86
"2019-04-20 12:43:03",86
"2019-04-20 13:43:52",86
"2019-04-20 14:42:53",86
"2019-04-20 15:42:51",86
"2019-04-20 16:42:57",86
"2019-04-20 17:42:57",86
"2019-04-20 18:42:53",86
"2019-04-20 19:42:53",86
"2019-04-20 20:42:53",86
"2019-04-20 21:42:52",86
"2019-04-20 22:42:53",86
"2019-04-20 23:43:01",86
"2019-04-21 00:42:53",86
"2019-04-21 01:42:53",86
"2019-04-21 02:42:55",86
"2019-04-21 03:42:55",86
"2019-04-21 04:42:56",86
"2019-04-21 05:42:53",86
"2019-04-21 06:42:52",86
"2019-04-21 07:42:59",86
"2019-04-21 08:42:52",86
"2019-04-21 09:42:52",86
"2019-04-21 10:42:54",86
"2019-04-21 11:42:54",86
"2019-04-21 12:42:53",86
"2019-04-21 13:42:52",86
"2019-04-21 14:42:59",86
"2019-04-21 15:42:53",86
"2019-04-21 16:42:55",86
"2019-04-21 17:42:54",86
"2019-04-21 18:42:52",86
"2019-04-21 19:43:00",86
"2019-04-21 20:42:52",86
"2019-04-21 21:42:53",86
"2019-04-21 22:42:52",86
"2019-04-21 23:42:52",86
"2019-04-22 00:42:53",86
"2019-04-22 01:42:56",86
"2019-04-22 02:43:03",86
"2019-04-22 03:42:54",86
"2019-04-22 04:42:50",86
"2019-04-22 05:42:52",86
"2019-04-22 06:42:56",86
"2019-04-22 07:42:55",86
"2019-04-22 08:42:53",86
"2019-04-22 09:42:52",86
"2019-04-22 10:42:58",86
"2019-04-22 11:42:56",86
"2019-04-22 13:08:30",86
"2019-04-22 13:42:56",86
"2019-04-22 14:42:58",85
"2019-04-22 15:42:55",86
"2019-04-22 16:42:54",86
"2019-04-22 17:42:56",86
"2019-04-22 18:42:58",86
"2019-04-22 19:42:58",86
"2019-04-22 20:42:55",85
"2019-04-22 21:42:55",85
"2019-04-22 22:42:55",85
"2019-04-22 23:42:59",85
"2019-04-23 00:42:58",85
"2019-04-23 01:42:54",85
"2019-04-23 02:42:54",85
"2019-04-23 03:42:58",85
"2019-04-23 04:42:59",85
"2019-04-23 05:42:56",85
"2019-04-23 06:43:30",85
"2019-04-23 07:42:55",85
"2019-04-23 08:42:51",85
"2019-04-23 09:42:54",85
"2019-04-23 10:42:57",85
"2019-04-23 11:42:58",85
"2019-04-23 13:08:59",85
"2019-04-23 13:42:55",85
"2019-04-23 14:42:53",85
"2019-04-23 15:42:58",85
"2019-04-23 16:42:55",85
"2019-04-23 17:42:55",85
"2019-04-23 18:42:53",85
"2019-04-23 19:42:56",85
"2019-04-23 20:43:03",85
"2019-04-23 21:42:57",85
"2019-04-23 22:42:54",85
"2019-04-23 23:42:56",85
"2019-04-24 00:42:53",85
"2019-04-24 01:42:55",85
"2019-04-24 02:43:00",85
"2019-04-24 03:42:56",85
"2019-04-24 04:42:54",85
"2019-04-24 05:42:53",85
"2019-04-24 06:42:56",85
"2019-04-24 07:43:00",85
"2019-04-24 08:42:54",85
"2019-04-24 09:42:56",85
"2019-04-24 10:42:59",85
"2019-04-24 11:43:00",85
"2019-04-24 12:42:54",85
"2019-04-24 13:43:09",85
"2019-04-24 14:42:58",85
"2019-04-24 15:42:57",85
"2019-04-24 16:42:56",85
"2019-04-24 17:42:58",85
"2019-04-24 18:43:07",85
"2019-04-24 19:42:56",85
"2019-04-24 20:42:58",85
"2019-04-24 21:42:56",85
"2019-04-24 22:42:54",85
"2019-04-24 23:43:05",85
"2019-04-25 00:42:58",85
"2019-04-25 01:42:57",85
"2019-04-25 02:42:56",85
"2019-04-25 03:43:04",85
"2019-04-25 04:42:56",85
"2019-04-25 05:42:55",85
"2019-04-25 06:42:59",85
"2019-04-25 07:42:54",85
"2019-04-25 08:43:00",85
"2019-04-25 09:42:55",85
"2019-04-25 10:42:59",85
"2019-04-25 11:42:58",85
"2019-04-25 13:07:30",85
"2019-04-25 13:42:56",85
"2019-04-25 14:43:01",85
"2019-04-25 15:42:54",86
"2019-04-25 16:43:00",86
"2019-04-25 17:42:53",86
"2019-04-25 18:42:53",86
"2019-04-25 19:42:58",86
"2019-04-25 20:42:54",86
"2019-04-25 21:43:01",86
"2019-04-25 22:42:54",86
"2019-04-25 23:42:53",86
"2019-04-26 00:42:56",86
"2019-04-26 01:43:00",86
"2019-04-26 02:42:55",86
"2019-04-26 03:42:56",86
"2019-04-26 04:42:57",86
"2019-04-26 05:42:58",86
"2019-04-26 06:42:57",86
"2019-04-26 07:42:53",86
"2019-04-26 08:43:01",86
"2019-04-26 09:42:53",86
"2019-04-26 10:43:02",86
"2019-04-26 11:42:53",86
"2019-04-26 12:42:55",86
"2019-04-26 13:42:59",86
"2019-04-26 14:42:54",86
"2019-04-26 15:42:59",86
"2019-04-26 16:42:52",86
"2019-04-26 17:42:55",86
"2019-04-26 18:42:55",86
"2019-04-26 19:42:53",86
"2019-04-26 20:42:59",87
"2019-04-26 21:42:53",87
"2019-04-26 22:42:53",87
"2019-04-26 23:42:54",87
"2019-04-27 00:42:55",87
"2019-04-27 01:42:58",87
"2019-04-27 02:42:53",87
"2019-04-27 03:42:53",87
"2019-04-27 04:42:52",87
"2019-04-27 05:42:55",87
"2019-04-27 06:42:58",87
"2019-04-27 07:42:52",87
"2019-04-27 08:42:52",87
"2019-04-27 09:42:56",87
"2019-04-27 10:42:55",87
"2019-04-27 11:42:51",87
"2019-04-27 12:42:52",87
"2019-04-27 13:42:56",87
"2019-04-27 14:42:52",87
"2019-04-27 15:42:51",87
"2019-04-27 16:42:54",87
"2019-04-27 17:43:01",87
"2019-04-27 18:42:54",87
"2019-04-27 19:42:51",87
"2019-04-27 20:42:54",87
"2019-04-27 21:42:55",87
"2019-04-27 22:42:52",87
"2019-04-27 23:42:52",87
"2019-04-28 00:42:52",87
"2019-04-28 01:42:54",87
"2019-04-28 02:42:53",87
"2019-04-28 03:42:52",87
"2019-04-28 04:43:00",87
"2019-04-28 05:42:53",87
"2019-04-28 06:42:52",87
"2019-04-28 07:42:52",87
"2019-04-28 08:42:57",87
"2019-04-28 09:42:52",87
"2019-04-28 10:42:57",87
"2019-04-28 11:42:55",87
"2019-04-28 12:42:52",87
"2019-04-28 13:42:52",87
"2019-04-28 14:42:56",87
"2019-04-28 15:42:53",87
"2019-04-28 16:42:51",87
"2019-04-28 17:42:53",87
"2019-04-28 18:42:53",87
"2019-04-28 19:43:10",87
"2019-04-28 20:42:52",87
"2019-04-28 21:42:54",87
"2019-04-28 22:42:53",87
"2019-04-28 23:42:55",87
"2019-04-29 00:42:58",87
"2019-04-29 01:42:51",87
"2019-04-29 02:42:51",87
"2019-04-29 03:42:55",87
"2019-04-29 04:42:57",87
"2019-04-29 05:42:52",87
"2019-04-29 06:42:53",87
"2019-04-29 07:42:54",87
"2019-04-29 08:42:58",87
"2019-04-29 09:42:56",87
"2019-04-29 10:42:52",87
"2019-04-29 11:42:52",87
"2019-04-29 12:42:58",87
"2019-04-29 13:42:52",87
"2019-04-29 14:42:56",88
"2019-04-29 15:42:52",88
"2019-04-29 16:42:56",88
"2019-04-29 17:42:55",88
"2019-04-29 18:42:54",88
"2019-04-29 19:42:56",88
"2019-04-29 20:43:02",88
"2019-04-29 21:42:53",88
"2019-04-29 22:42:52",88
"2019-04-29 23:42:55",88
"2019-04-30 00:42:52",88
"2019-04-30 01:42:54",88
"2019-04-30 02:42:58",88
"2019-04-30 03:42:59",88
"2019-04-30 04:42:55",88
"2019-04-30 05:42:56",88
"2019-04-30 06:42:53",88
"2019-04-30 07:42:54",88
"2019-04-30 08:42:55",88
"2019-04-30 09:43:00",88
"2019-04-30 10:42:55",88
"2019-04-30 11:42:55",88
"2019-04-30 13:06:58",88
"2019-04-30 13:42:57",88
"2019-04-30 14:42:57",87
"2019-04-30 15:42:58",87
"2019-04-30 16:42:58",87
"2019-04-30 17:43:03",87
"2019-04-30 18:42:55",87
"2019-04-30 19:42:59",87
"2019-04-30 20:42:55",87
"2019-04-30 21:42:55",87
"2019-04-30 22:42:52",87
"2019-04-30 23:42:58",87
"2019-05-01 00:42:51",87
"2019-05-01 01:43:01",87
"2019-05-01 02:42:56",87
"2019-05-01 03:43:02",87
"2019-05-01 04:43:00",87
"2019-05-01 05:42:58",87
"2019-05-01 06:42:53",87
"2019-05-01 07:42:57",87
"2019-05-01 08:42:57",87
"2019-05-01 09:42:57",87
"2019-05-01 10:42:53",87
"2019-05-01 11:42:56",87
"2019-05-01 13:06:58",87
"2019-05-01 13:42:58",87
"2019-05-01 14:42:51",87
"2019-05-01 15:42:59",87
"2019-05-01 16:42:56",87
"2019-05-01 17:42:52",87
"2019-05-01 18:42:57",87
"2019-05-01 19:43:02",86
"2019-05-01 20:42:59",86
"2019-05-01 21:42:56",87
"2019-05-01 22:42:59",87
"2019-05-01 23:42:59",87
"2019-05-02 00:43:00",87
"2019-05-02 01:42:56",87
"2019-05-02 02:43:01",87
"2019-05-02 03:42:56",87
"2019-05-02 04:43:01",87
"2019-05-02 05:43:04",87
"2019-05-02 06:43:01",87
"2019-05-02 07:42:58",87
"2019-05-02 08:42:58",87
"2019-05-02 09:42:55",87
"2019-05-02 10:42:59",87
"2019-05-02 11:42:55",87
"2019-05-02 13:43:05",87
"2019-05-02 14:42:55",88
"2019-05-02 15:42:57",88
"2019-05-02 16:43:02",87
"2019-05-02 17:42:56",87
"2019-05-02 18:42:57",87
"2019-05-02 19:43:04",87
"2019-05-02 20:42:57",87
"2019-05-02 21:42:59",87
"2019-05-02 22:43:05",87
"2019-05-02 23:42:56",87
"2019-05-03 00:42:57",87
"2019-05-03 01:43:05",87
"2019-05-03 02:42:58",87
"2019-05-03 03:43:05",87
"2019-05-03 04:42:57",87
"2019-05-03 05:43:13",87
"2019-05-03 06:43:01",87
"2019-05-03 07:43:01",87
"2019-05-03 08:43:01",87
"2019-05-03 09:43:00",87
"2019-05-03 10:43:04",87
"2019-05-03 11:43:00",87
"2019-05-03 13:06:09",87
"2019-05-03 13:43:10",87
"2019-05-03 14:43:04",87
"2019-05-03 15:43:01",87
"2019-05-03 16:43:02",87
"2019-05-03 17:43:04",87
"2019-05-03 18:43:09",87
"2019-05-03 19:43:06",87
"2019-05-03 20:42:57",87
"2019-05-03 21:43:08",87
"2019-05-03 22:42:58",87
"2019-05-03 23:43:04",87
"2019-05-04 00:43:01",87
"2019-05-04 01:43:02",87
"2019-05-04 02:43:05",87
"2019-05-04 03:43:09",87
"2019-05-04 04:43:02",87
"2019-05-04 05:43:02",87
"2019-05-04 06:43:03",87
"2019-05-04 07:43:03",87
"2019-05-04 08:42:57",87
"2019-05-04 09:43:00",87
"2019-05-04 10:42:56",87
"2019-05-04 11:43:01",87
"2019-05-04 12:43:04",87
"2019-05-04 13:43:03",87
"2019-05-04 14:42:57",87
"2019-05-04 15:42:58",87
"2019-05-04 16:43:01",87
"2019-05-04 17:42:58",87
"2019-05-04 18:42:57",87
"2019-05-04 19:43:00",87
"2019-05-04 20:42:56",87
"2019-05-04 21:42:58",87
"2019-05-04 22:42:57",87
"2019-05-04 23:43:03",87
"2019-05-05 00:42:59",87
"2019-05-05 01:43:02",87
"2019-05-05 02:42:58",87
"2019-05-05 03:43:01",87
"2019-05-05 04:43:02",87
"2019-05-05 05:43:04",87
"2019-05-05 06:43:04",87
"2019-05-05 07:43:00",87
"2019-05-05 08:42:55",87
"2019-05-05 09:42:56",87
"2019-05-05 10:42:59",87
"2019-05-05 11:43:00",87
"2019-05-05 12:42:59",87
"2019-05-05 13:43:00",87
"2019-05-05 14:43:00",87
"2019-05-05 15:42:58",87
"2019-05-05 16:42:57",87
"2019-05-05 17:43:04",87
"2019-05-05 18:42:58",87
"2019-05-05 19:42:56",87
"2019-05-05 20:42:59",87
"2019-05-05 21:42:56",87
"2019-05-05 22:43:00",87
"2019-05-05 23:43:01",87
"2019-05-06 00:42:57",87
"2019-05-06 01:42:56",87
"2019-05-06 02:42:57",87
"2019-05-06 03:43:01",87
"2019-05-06 04:42:55",87
"2019-05-06 05:42:55",87
"2019-05-06 06:42:56",87
"2019-05-06 07:43:01",87
"2019-05-06 08:42:57",87
"2019-05-06 09:42:54",87
"2019-05-06 10:43:00",87
"2019-05-06 11:43:00",87
"2019-05-06 13:08:08",87
"2019-05-06 13:43:09",87
"2019-05-06 14:43:08",87
"2019-05-06 15:42:55",87
"2019-05-06 16:42:59",86
"2019-05-06 17:34:49",86
"2019-05-06 17:42:56",86
"2019-05-06 18:42:58",86
"2019-05-06 19:43:00",86
"2019-05-06 20:42:54",86
"2019-05-06 21:42:54",86
"2019-05-06 22:42:58",86
"2019-05-06 23:42:54",86
"2019-05-07 00:42:56",86
"2019-05-07 01:43:04",86
"2019-05-07 02:42:55",86
"2019-05-07 03:42:59",86
"2019-05-07 04:42:57",86
"2019-05-07 05:42:55",86
"2019-05-07 06:42:54",86
"2019-05-07 07:42:56",86
"2019-05-07 08:42:53",86
"2019-05-07 09:42:58",86
"2019-05-07 10:42:55",86
"2019-05-07 11:42:53",86
"2019-05-07 12:43:01",86
"2019-05-07 13:42:58",86
"2019-05-07 14:42:53",86
"2019-05-07 15:42:53",86
"2019-05-07 16:42:59",86
"2019-05-07 17:42:58",86
"2019-05-07 18:42:55",86
"2019-05-07 19:43:00",86
"2019-05-07 20:42:56",86
"2019-05-07 21:42:55",86
"2019-05-07 22:42:54",86
"2019-05-07 23:42:59",86
"2019-05-08 00:42:54",86
"2019-05-08 01:42:56",86
"2019-05-08 02:42:56",86
"2019-05-08 03:43:01",86
"2019-05-08 04:42:57",86
"2019-05-08 05:42:57",86
"2019-05-08 06:42:57",86
"2019-05-08 07:42:55",86
"2019-05-08 08:42:54",86
"2019-05-08 09:43:02",86
"2019-05-08 10:42:55",86
"2019-05-08 11:42:58",86
"2019-05-08 13:07:01",86
"2019-05-08 13:42:57",86
"2019-05-08 14:43:00",85
"2019-05-08 15:43:00",85
"2019-05-08 16:42:58",85
"2019-05-08 17:42:59",85
"2019-05-08 18:43:02",85
"2019-05-08 19:42:57",85
"2019-05-08 20:42:54",85
"2019-05-08 21:42:56",85
"2019-05-08 22:42:54",85
"2019-05-08 23:43:05",85
"2019-05-09 00:42:56",85
"2019-05-09 01:42:58",85
"2019-05-09 02:42:58",85
"2019-05-09 03:43:04",85
"2019-05-09 04:43:04",85
"2019-05-09 05:42:57",85
"2019-05-09 06:43:01",85
"2019-05-09 07:43:00",85
"2019-05-09 08:42:58",85
"2019-05-09 09:43:04",85
"2019-05-09 10:42:56",85
"2019-05-09 11:43:01",85
"2019-05-09 13:06:31",85
"2019-05-09 13:42:58",85
"2019-05-09 14:42:58",85
"2019-05-09 15:43:02",86
"2019-05-09 16:42:58",86
"2019-05-09 17:43:04",86
"2019-05-09 18:42:58",87
"2019-05-09 19:42:59",87
"2019-05-09 20:42:58",87
"2019-05-09 21:42:56",87
"2019-05-09 22:43:04",87
"2019-05-09 23:42:56",87
"2019-05-10 00:42:57",87
"2019-05-10 01:43:01",87
"2019-05-10 02:43:05",87
"2019-05-10 03:42:56",87
"2019-05-10 04:43:05",87
"2019-05-10 05:42:57",87
"2019-05-10 06:42:57",87
"2019-05-10 07:42:55",87
"2019-05-10 08:43:02",87
"2019-05-10 09:42:57",87
"2019-05-10 10:42:59",87
"2019-05-10 11:42:57",87
"2019-05-10 12:43:04",87
"2019-05-10 13:42:57",87
"2019-05-10 14:43:01",87
"2019-05-10 15:42:57",86
"2019-05-10 16:42:57",86
"2019-05-10 17:42:57",86
"2019-05-10 18:43:03",86
"2019-05-10 19:42:57",86
"2019-05-10 20:42:56",85
"2019-05-10 21:42:57",85
"2019-05-10 22:43:00",85
"2019-05-10 23:42:58",85
"2019-05-11 00:43:05",85
"2019-05-11 01:42:56",85
"2019-05-11 02:43:04",85
"2019-05-11 03:42:56",85
"2019-05-11 04:42:57",85
"2019-05-11 05:43:08",85
"2019-05-11 06:42:56",85
"2019-05-11 07:42:55",85
"2019-05-11 08:43:01",85
"2019-05-11 09:42:56",85
"2019-05-11 10:43:04",85
"2019-05-11 11:42:56",85
"2019-05-11 12:42:56",85
"2019-05-11 13:43:00",85
"2019-05-11 14:42:56",85
"2019-05-11 15:42:58",85
"2019-05-11 16:43:06",85
"2019-05-11 17:42:57",85
"2019-05-11 18:42:58",85
"2019-05-11 19:42:58",85
"2019-05-11 20:42:56",85
"2019-05-11 21:42:58",85
"2019-05-11 22:43:00",85
"2019-05-11 23:42:58",85
"2019-05-12 00:42:56",85
"2019-05-12 01:42:57",85
"2019-05-12 02:42:57",85
"2019-05-12 03:43:03",85
"2019-05-12 04:42:56",85
"2019-05-12 05:42:58",85
"2019-05-12 06:42:57",85
"2019-05-12 07:43:02",85
"2019-05-12 08:42:56",85
"2019-05-12 09:43:00",85
"2019-05-12 10:42:56",85
"2019-05-12 11:42:55",85
"2019-05-12 12:42:55",85
"2019-05-12 13:43:01",85
"2019-05-12 14:42:56",85
"2019-05-12 15:42:57",85
"2019-05-12 16:42:59",85
"2019-05-12 17:43:03",85
"2019-05-12 18:42:56",85
"2019-05-12 19:42:56",85
"2019-05-12 20:42:55",85
"2019-05-12 21:42:54",85
"2019-05-12 22:43:03",85
"2019-05-12 23:42:56",85
"2019-05-13 00:42:58",85
"2019-05-13 01:42:55",85
"2019-05-13 02:42:55",85
"2019-05-13 03:43:00",85
"2019-05-13 04:42:54",85
"2019-05-13 05:42:54",85
"2019-05-13 06:43:00",85
"2019-05-13 07:42:53",85
"2019-05-13 08:42:55",85
"2019-05-13 09:42:56",85
"2019-05-13 10:43:00",85
"2019-05-13 11:42:56",85
"2019-05-13 13:06:31",85
"2019-05-13 13:42:56",85
"2019-05-13 14:42:55",85
"2019-05-13 15:43:02",85
"2019-05-13 16:42:56",85
"2019-05-13 17:42:56",85
"2019-05-13 18:42:58",85
"2019-05-13 19:42:59",85
"2019-05-13 20:42:55",85
"2019-05-13 21:42:57",85
"2019-05-13 22:42:55",85
"2019-05-13 23:42:56",85
"2019-05-14 00:43:13",85
"2019-05-14 01:42:55",85
"2019-05-14 02:42:57",85
"2019-05-14 03:43:03",85
"2019-05-14 04:42:57",85
"2019-05-14 05:42:55",85
"2019-05-14 06:43:03",85
"2019-05-14 07:42:58",85
"2019-05-14 08:42:58",85
"2019-05-14 09:43:02",85
"2019-05-14 10:42:56",85
"2019-05-14 11:42:56",85
"2019-05-14 13:06:03",85
"2019-05-14 13:43:00",85
"2019-05-14 14:42:57",85
"2019-05-14 15:43:00",84
"2019-05-14 16:42:59",84
"2019-05-14 17:42:59",84
"2019-05-14 18:42:59",84
"2019-05-14 19:42:55",84
"2019-05-14 20:42:57",84
"2019-05-14 21:42:55",84
"2019-05-14 22:43:01",84
"2019-05-14 23:42:59",84
"2019-05-15 00:42:57",84
"2019-05-15 01:42:58",84
"2019-05-15 02:42:56",84
"2019-05-15 03:43:01",84
"2019-05-15 04:42:58",84
"2019-05-15 05:42:59",84
"2019-05-15 06:43:01",84
"2019-05-15 07:42:59",84
"2019-05-15 08:43:00",84
"2019-05-15 09:43:03",84
"2019-05-15 10:43:06",84
"2019-05-15 11:42:57",84
"2019-05-15 13:07:02",84
"2019-05-15 13:42:58",84
"2019-05-15 14:42:59",84
"2019-05-15 15:42:56",84
"2019-05-15 16:43:02",84
"2019-05-15 17:42:59",84
"2019-05-15 18:43:01",84
"2019-05-15 19:42:59",84
"2019-05-15 20:42:58",84
"2019-05-15 21:43:00",84
"2019-05-15 22:42:58",84
"2019-05-15 23:42:58",84
"2019-05-16 00:42:56",84
"2019-05-16 01:43:05",84
"2019-05-16 02:43:02",84
"2019-05-16 03:42:56",84
"2019-05-16 04:42:58",84
"2019-05-16 05:43:02",84
"2019-05-16 06:43:00",84
"2019-05-16 07:43:03",84
"2019-05-16 08:43:02",84
"2019-05-16 09:43:02",84
"2019-05-16 10:43:14",84
"2019-05-16 11:42:59",84
"2019-05-16 13:06:02",84
"2019-05-16 13:43:13",84
"2019-05-16 14:43:00",84
"2019-05-16 15:42:58",84
"2019-05-16 16:43:04",84
"2019-05-16 17:43:00",84
"2019-05-16 18:43:02",84
"2019-05-16 19:43:03",84
"2019-05-16 20:42:59",84
"2019-05-16 21:43:01",84
"2019-05-16 22:43:03",84
"2019-05-16 23:43:00",84
"2019-05-17 00:43:10",84
"2019-05-17 01:43:02",84
"2019-05-17 02:42:59",84
"2019-05-17 03:42:58",84
"2019-05-17 04:42:59",84
"2019-05-17 05:43:00",84
"2019-05-17 06:43:06",84
"2019-05-17 07:43:01",84
"2019-05-17 08:43:07",84
"2019-05-17 09:43:06",84
"2019-05-17 10:42:59",84
"2019-05-17 11:43:04",84
"2019-05-17 13:07:34",84
"2019-05-17 13:43:09",84
"2019-05-17 14:43:01",84
"2019-05-17 15:42:58",84
"2019-05-17 16:43:02",84
"2019-05-17 17:42:59",84
"2019-05-17 18:43:01",84
"2019-05-17 19:43:03",84
"2019-05-17 20:42:58",84
"2019-05-17 21:42:59",84
"2019-05-17 22:42:59",84
"2019-05-17 23:43:00",84
"2019-05-18 00:42:59",84
"2019-05-18 01:43:02",84
"2019-05-18 02:43:01",84
"2019-05-18 04:42:57",84
"2019-05-18 05:42:53",84
"2019-05-18 06:42:56",84
"2019-05-18 07:42:53",84
"2019-05-18 08:42:53",84
"2019-05-18 09:42:53",84
"2019-05-18 10:42:52",84
"2019-05-18 11:42:55",84
"2019-05-18 12:42:53",84
"2019-05-18 13:42:55",84
"2019-05-18 14:42:53",84
"2019-05-18 15:42:57",84
"2019-05-18 16:42:53",84
"2019-05-18 17:42:55",84
"2019-05-18 18:42:52",84
"2019-05-18 19:42:53",84
"2019-05-18 20:42:53",84
"2019-05-18 21:42:54",84
"2019-05-18 22:42:53",84
"2019-05-18 23:42:52",84
"2019-05-19 00:42:52",84
"2019-05-19 01:42:52",84
"2019-05-19 02:42:52",84
"2019-05-19 03:42:52",84
"2019-05-19 04:42:55",84
"2019-05-19 05:42:52",84
"2019-05-19 06:42:52",84
"2019-05-19 07:42:52",84
"2019-05-19 08:42:52",84
"2019-05-19 09:42:52",84
"2019-05-19 10:42:52",84
"2019-05-19 11:42:53",84
"2019-05-19 12:42:54",84
"2019-05-19 13:42:54",84
"2019-05-19 14:42:52",84
"2019-05-19 15:42:52",84
"2019-05-19 16:42:54",84
"2019-05-19 17:42:54",84
"2019-05-19 18:42:52",84
"2019-05-19 19:42:53",84
"2019-05-19 20:42:54",84
"2019-05-19 21:42:54",84
"2019-05-19 22:42:53",84
"2019-05-19 23:42:54",84
"2019-05-20 00:42:54",84
"2019-05-20 01:42:53",84
"2019-05-20 02:42:55",84
"2019-05-20 03:42:54",84
"2019-05-20 04:42:55",84
"2019-05-20 05:42:55",84
"2019-05-20 06:42:54",84
"2019-05-20 07:42:54",84
"2019-05-20 08:42:54",84
"2019-05-20 09:42:54",84
"2019-05-20 10:42:54",84
"2019-05-20 11:42:55",84
"2019-05-20 12:42:57",84
"2019-05-20 13:42:55",84
"2019-05-20 14:42:54",85
"2019-05-20 15:42:52",85
"2019-05-20 16:42:55",84
"2019-05-20 17:42:54",84
"2019-05-20 18:42:52",84
"2019-05-20 19:42:53",84
"2019-05-20 20:42:52",84
"2019-05-20 21:42:53",84
"2019-05-20 22:42:53",84
"2019-05-20 23:42:57",84
"2019-05-21 00:42:53",84
"2019-05-21 01:42:55",84
"2019-05-21 02:42:53",84
"2019-05-21 03:42:53",84
"2019-05-21 04:42:54",84
"2019-05-21 05:42:53",84
"2019-05-21 06:42:52",84
"2019-05-21 07:42:55",84
"2019-05-21 08:42:53",84
"2019-05-21 09:42:51",84
"2019-05-21 10:42:53",84
"2019-05-21 11:42:52",84
"2019-05-21 13:06:56",84
"2019-05-21 13:42:53",84
"2019-05-21 14:42:54",84
"2019-05-21 15:42:52",84
"2019-05-21 16:42:51",84
"2019-05-21 17:42:52",84
"2019-05-21 18:42:53",84
"2019-05-21 19:42:54",84
"2019-05-21 20:42:53",84
"2019-05-21 21:42:52",84
"2019-05-21 22:42:56",84
"2019-05-21 23:42:54",84
"2019-05-22 00:42:52",84
"2019-05-22 01:42:53",84
"2019-05-22 02:42:52",84
"2019-05-22 03:42:52",84
"2019-05-22 04:42:54",84
"2019-05-22 05:42:53",84
"2019-05-22 06:42:52",84
"2019-05-22 07:42:53",84
"2019-05-22 08:42:58",84
"2019-05-22 09:42:58",84
"2019-05-22 10:42:52",84
"2019-05-22 11:42:53",84
"2019-05-22 12:42:53",84
"2019-05-22 13:42:54",84
"2019-05-22 14:42:53",84
"2019-05-22 15:42:56",84
"2019-05-22 16:42:53",84
"2019-05-22 17:42:52",84
"2019-05-22 18:42:53",84
"2019-05-22 19:42:52",84
"2019-05-22 20:42:52",84
"2019-05-22 21:42:53",84
"2019-05-22 22:42:52",84
"2019-05-22 23:42:52",84
"2019-05-23 00:42:53",84
"2019-05-23 01:42:52",84
"2019-05-23 02:42:54",84
"2019-05-23 03:42:52",84
"2019-05-23 04:42:56",84
"2019-05-23 05:42:53",84
"2019-05-23 06:42:53",84
"2019-05-23 07:42:54",84
"2019-05-23 08:42:53",84
"2019-05-23 09:42:53",84
"2019-05-23 10:42:54",84
"2019-05-23 11:42:52",84
"2019-05-23 12:42:56",84
"2019-05-23 13:42:54",84
"2019-05-23 14:42:55",84
"2019-05-23 15:42:53",84
"2019-05-23 16:42:53",84
"2019-05-23 17:42:54",84
"2019-05-23 18:42:54",84
"2019-05-23 19:42:56",84
"2019-05-23 20:42:54",84
"2019-05-23 21:42:54",84
"2019-05-23 22:42:54",84
"2019-05-23 23:42:55",84
"2019-05-24 00:42:55",84
"2019-05-24 01:42:54",84
"2019-05-24 02:42:53",84
"2019-05-24 03:42:53",84
"2019-05-24 04:42:54",84
"2019-05-24 05:42:56",84
"2019-05-24 06:42:53",84
"2019-05-24 07:42:52",84
"2019-05-24 08:42:54",84
"2019-05-24 09:42:55",84
"2019-05-24 10:42:55",84
"2019-05-24 11:42:54",84
"2019-05-24 13:06:58",84
"2019-05-24 13:42:54",84
"2019-05-24 14:42:54",84
"2019-05-24 15:42:54",84
"2019-05-24 16:42:53",84
"2019-05-24 17:42:55",84
"2019-05-24 18:42:56",84
"2019-05-24 19:42:55",84
"2019-05-24 20:42:56",84
"2019-05-24 21:42:57",84
"2019-05-24 22:42:55",84
"2019-05-24 23:42:57",84
"2019-05-25 00:42:55",84
"2019-05-25 01:42:54",84
"2019-05-25 04:42:56",84
"2019-05-26 04:42:57",84
"2019-05-26 05:42:55",84
"2019-05-26 06:42:55",84
"2019-05-26 07:42:56",84
"2019-05-26 08:42:53",84
"2019-05-26 09:42:53",84
"2019-05-26 10:42:54",84
"2019-05-26 11:42:55",84
"2019-05-26 12:42:53",84
"2019-05-26 13:42:53",84
"2019-05-26 14:42:55",84
"2019-05-26 15:42:53",84
"2019-05-26 16:42:53",84
"2019-05-26 17:42:57",84
"2019-05-26 18:42:54",84
"2019-05-26 19:42:53",84
"2019-05-26 20:42:53",84
"2019-05-26 21:42:54",84
"2019-05-26 22:42:54",84
"2019-05-26 23:42:53",84
"2019-05-27 00:42:53",84
"2019-05-27 01:42:54",84
"2019-05-27 02:42:54",84
"2019-05-27 03:42:55",84
"2019-05-27 04:42:56",84
"2019-05-27 05:42:54",84
"2019-05-27 06:42:54",84
"2019-05-27 07:42:59",84
"2019-05-27 08:42:58",84
"2019-05-27 09:42:57",84
"2019-05-27 10:42:55",84
"2019-05-27 11:42:53",84
"2019-05-27 12:42:53",84
"2019-05-27 13:42:54",84
"2019-05-27 14:42:54",84
"2019-05-27 15:42:54",84
"2019-05-27 16:42:54",84
"2019-05-27 17:42:57",84
"2019-05-27 18:42:54",84
"2019-05-27 19:42:53",84
"2019-05-27 20:42:53",84
"2019-05-27 21:42:54",84
"2019-05-27 22:42:52",84
"2019-05-27 23:42:53",84
"2019-05-28 00:42:53",84
"2019-05-28 01:42:54",84
"2019-05-28 02:42:55",84
"2019-05-28 03:42:54",84
"2019-05-28 04:42:54",84
"2019-05-28 05:42:54",84
"2019-05-28 06:42:59",84
"2019-05-28 07:42:56",84
"2019-05-28 08:42:55",84
"2019-05-28 09:42:56",84
"2019-05-28 10:42:54",84
"2019-05-28 11:42:53",84
"2019-05-28 12:42:54",84
"2019-05-28 13:42:56",84
"2019-05-28 14:42:55",84
"2019-05-28 15:42:54",84
"2019-05-28 16:42:55",85
"2019-05-28 17:42:58",85
"2019-05-28 18:42:55",85
"2019-05-28 19:42:54",85
"2019-05-28 20:42:55",85
"2019-05-28 21:42:54",85
"2019-05-28 22:42:55",85
"2019-05-28 23:42:55",85
"2019-05-29 00:42:56",85
"2019-05-29 01:42:54",85
"2019-05-29 02:42:55",85
"2019-05-29 03:42:54",85
"2019-05-29 04:42:54",85
"2019-05-29 05:42:57",85
"2019-05-29 06:42:55",85
"2019-05-29 07:42:57",85
"2019-05-29 08:42:55",85
"2019-05-29 09:42:59",85
"2019-05-29 10:42:55",85
"2019-05-29 11:42:54",85
"2019-05-29 13:05:59",85
"2019-05-29 13:42:57",85
"2019-05-29 14:42:57",85
"2019-05-29 15:42:56",86
"2019-05-29 16:42:55",86
"2019-05-29 17:42:56",86
"2019-05-29 18:42:56",86
"2019-05-29 19:42:57",86
"2019-05-29 20:42:54",86
"2019-05-29 21:42:55",86
"2019-05-29 22:42:55",86
"2019-05-29 23:42:56",86
"2019-05-30 00:42:54",86
"2019-05-30 01:42:55",86
"2019-05-30 02:42:57",86
"2019-05-30 03:42:55",86
"2019-05-30 04:42:56",86
"2019-05-30 05:42:57",86
"2019-05-30 06:42:55",86
"2019-05-30 07:42:55",86
"2019-05-30 08:42:59",86
"2019-05-30 09:42:55",86
"2019-05-30 10:42:54",86
"2019-05-30 11:42:55",86
"2019-05-30 12:42:58",86
"2019-05-30 13:42:54",86
"2019-05-30 14:42:57",86
"2019-05-30 15:42:56",86
"2019-05-30 16:42:54",86
"2019-05-30 17:42:55",86
"2019-05-30 18:42:55",86
"2019-05-30 19:42:55",86
"2019-05-30 20:42:54",86
"2019-05-30 21:42:54",86
"2019-05-30 22:42:57",86
"2019-05-30 23:42:54",86
"2019-05-31 00:42:53",86
"2019-05-31 01:42:55",86
"2019-05-31 02:42:54",86
"2019-05-31 03:42:54",86
"2019-05-31 04:42:54",86
"2019-05-31 05:42:54",86
"2019-05-31 06:42:56",86
"2019-05-31 07:42:53",86
"2019-05-31 08:42:54",86
"2019-05-31 09:42:56",86
"2019-05-31 10:42:54",86
"2019-05-31 11:42:54",86
"2019-05-31 12:43:40",86
"2019-05-31 13:42:56",86
"2019-05-31 14:42:55",86
"2019-05-31 15:42:56",86
"2019-05-31 16:42:54",86
"2019-05-31 17:42:58",86
"2019-05-31 18:42:55",86
"2019-05-31 19:42:54",86
"2019-05-31 20:42:55",86
"2019-05-31 21:42:55",86
"2019-05-31 22:42:53",86
"2019-05-31 23:42:54",86
"2019-06-01 00:42:54",86
"2019-06-01 01:42:54",86
"2019-06-01 02:42:54",86
"2019-06-01 03:42:54",86
"2019-06-01 04:42:54",86
"2019-06-01 05:42:54",86
"2019-06-01 06:42:58",86
"2019-06-01 07:42:54",86
"2019-06-01 08:42:55",86
"2019-06-01 09:42:54",86
"2019-06-01 10:42:56",86
"2019-06-01 11:42:54",86
"2019-06-01 12:42:54",86
"2019-06-01 13:42:54",86
"2019-06-01 14:42:58",86
"2019-06-01 15:42:56",86
"2019-06-01 16:42:54",86
"2019-06-01 17:42:55",86
"2019-06-01 18:42:54",86
"2019-06-01 19:42:56",86
"2019-06-01 20:42:54",86
"2019-06-01 21:42:56",86
"2019-06-01 22:42:55",86
"2019-06-01 23:42:55",86
"2019-06-02 00:42:56",86
"2019-06-02 01:42:59",86
"2019-06-02 02:42:56",86
"2019-06-02 03:42:55",86
"2019-06-02 04:42:54",86
"2019-06-02 05:42:58",86
"2019-06-02 06:42:55",86
"2019-06-02 07:42:54",86
"2019-06-02 08:42:54",86
"2019-06-02 09:42:54",86
"2019-06-02 10:42:54",86
"2019-06-02 11:42:54",86
"2019-06-02 12:42:58",86
"2019-06-02 13:42:55",86
"2019-06-02 14:42:56",86
"2019-06-02 15:42:53",86
"2019-06-02 16:42:54",86
"2019-06-02 17:42:56",86
"2019-06-02 18:42:55",86
"2019-06-02 19:42:55",86
"2019-06-02 20:42:54",86
"2019-06-02 21:42:55",86
"2019-06-02 22:42:55",86
"2019-06-02 23:42:54",86
"2019-06-03 00:42:54",86
"2019-06-03 01:42:57",86
"2019-06-03 02:42:55",86
"2019-06-03 03:42:54",86
"2019-06-03 04:42:54",86
"2019-06-03 05:42:55",86
"2019-06-03 06:42:55",86
"2019-06-03 07:42:54",86
"2019-06-03 08:42:56",86
"2019-06-03 09:42:55",86
"2019-06-03 10:42:57",86
"2019-06-03 11:42:56",86
"2019-06-03 12:42:54",86
"2019-06-03 13:42:57",86
"2019-06-03 14:42:56",89
"2019-06-03 15:42:55",89
"2019-06-03 16:42:54",89
"2019-06-03 17:42:54",89
"2019-06-03 18:42:56",89
"2019-06-03 19:42:56",89
"2019-06-03 20:42:54",89
"2019-06-03 21:42:56",89
"2019-06-03 22:42:55",89
"2019-06-03 23:42:58",89
"2019-06-04 00:42:55",89
"2019-06-04 01:42:55",89
"2019-06-04 02:42:55",89
"2019-06-04 03:42:59",89
"2019-06-04 04:42:56",89
"2019-06-04 05:42:55",89
"2019-06-04 06:42:54",89
"2019-06-04 07:42:54",89
"2019-06-04 08:42:58",89
"2019-06-04 09:42:54",89
"2019-06-04 10:42:56",89
"2019-06-04 11:42:55",89
"2019-06-04 13:05:28",90
"2019-06-04 13:42:55",90
"2019-06-04 14:42:59",90
"2019-06-04 15:42:55",90
"2019-06-04 16:42:56",90
"2019-06-04 17:42:56",90
"2019-06-04 18:42:55",91
"2019-06-04 19:42:55",91
"2019-06-04 20:42:55",90
"2019-06-04 21:42:54",90
"2019-06-04 22:42:55",90
"2019-06-04 23:42:58",90
"2019-06-05 00:42:54",90
"2019-06-05 01:42:56",90
"2019-06-05 02:42:57",90
"2019-06-05 03:42:56",90
"2019-06-05 04:42:59",90
"2019-06-05 05:42:55",90
"2019-06-05 06:42:55",90
"2019-06-05 07:42:55",90
"2019-06-05 08:42:59",90
"2019-06-05 09:42:54",90
"2019-06-05 10:42:54",90
"2019-06-05 11:42:58",90
"2019-06-05 13:06:59",90
"2019-06-05 13:42:55",90
"2019-06-05 14:42:55",90
"2019-06-05 15:42:56",89
"2019-06-05 16:42:56",89
"2019-06-05 17:42:56",89
"2019-06-05 18:42:56",89
"2019-06-05 19:42:59",89
"2019-06-05 20:42:56",89
"2019-06-05 21:42:55",89
"2019-06-05 22:42:56",89
"2019-06-05 23:42:55",89
"2019-06-06 00:42:56",89
"2019-06-06 01:42:54",89
"2019-06-06 02:42:56",89
"2019-06-06 03:42:56",89
"2019-06-06 04:43:01",89
"2019-06-06 05:42:56",89
"2019-06-06 06:42:58",89
"2019-06-06 07:42:56",89
"2019-06-06 08:43:00",89
"2019-06-06 09:42:57",89
"2019-06-06 10:43:01",89
"2019-06-06 11:42:55",89
"2019-06-06 13:06:59",89
"2019-06-06 13:42:56",89
"2019-06-06 14:42:56",89
"2019-06-06 15:42:58",89
"2019-06-06 16:42:56",88
"2019-06-06 17:42:58",89
"2019-06-06 18:42:59",89
"2019-06-06 19:42:58",89
"2019-06-06 20:42:55",89
"2019-06-06 21:42:56",89
"2019-06-06 22:42:55",89
"2019-06-06 23:42:55",89
"2019-06-07 00:42:58",89
"2019-06-07 01:42:57",89
"2019-06-07 02:42:57",89
"2019-06-07 03:42:57",89
"2019-06-07 04:42:59",89
"2019-06-07 05:42:55",89
"2019-06-07 06:42:57",89
"2019-06-07 07:42:57",89
"2019-06-07 08:42:57",89
"2019-06-07 09:42:59",89
"2019-06-07 10:42:56",89
"2019-06-07 11:42:57",89
"2019-06-07 13:07:02",89
"2019-06-07 13:42:59",89
"2019-06-07 14:42:58",89
"2019-06-07 15:42:57",89
"2019-06-07 16:42:57",89
"2019-06-07 17:42:56",89
"2019-06-07 18:42:56",89
"2019-06-07 19:42:56",89
"2019-06-07 20:42:56",89
"2019-06-07 21:42:57",89
"2019-06-07 22:42:55",89
"2019-06-07 23:42:59",89
"2019-06-08 00:42:57",89
"2019-06-08 01:43:00",89
"2019-06-08 02:42:58",89
"2019-06-08 03:42:59",89
"2019-06-08 04:42:57",89
"2019-06-08 05:43:03",89
"2019-06-08 06:42:59",89
"2019-06-08 07:42:59",89
"2019-06-08 08:42:57",89
"2019-06-08 09:42:58",89
"2019-06-08 10:42:57",89
"2019-06-08 11:42:58",89
"2019-06-08 12:42:58",89
"2019-06-08 13:42:55",89
"2019-06-08 14:42:54",89
"2019-06-08 15:42:58",89
"2019-06-08 16:42:57",89
"2019-06-08 17:42:57",89
"2019-06-08 18:42:57",89
"2019-06-08 19:42:56",89
"2019-06-08 20:42:57",89
"2019-06-08 21:42:56",89
"2019-06-08 22:42:56",89
"2019-06-08 23:42:59",89
"2019-06-09 00:42:55",89
"2019-06-09 01:42:56",89
"2019-06-09 02:43:02",89
"2019-06-09 03:43:02",89
"2019-06-09 04:42:56",89
"2019-06-09 05:43:00",89
"2019-06-09 06:42:55",89
"2019-06-09 07:42:59",89
"2019-06-09 08:42:56",89
"2019-06-09 09:42:57",89
"2019-06-09 10:42:56",89
"2019-06-09 11:42:57",89
"2019-06-09 12:42:58",89
"2019-06-09 13:42:56",89
"2019-06-09 14:42:55",89
"2019-06-09 15:42:58",89
"2019-06-09 16:42:56",89
"2019-06-09 17:42:58",89
"2019-06-09 18:42:56",89
"2019-06-09 19:42:56",89
"2019-06-09 20:42:56",89
"2019-06-09 21:42:57",89
"2019-06-09 22:43:00",89
"2019-06-09 23:42:57",89
"2019-06-10 00:42:57",89
"2019-06-10 01:43:00",89
"2019-06-10 02:42:56",89
"2019-06-10 03:42:59",89
"2019-06-10 04:42:57",89
"2019-06-10 05:42:59",89
"2019-06-10 06:42:56",89
"2019-06-10 07:43:00",89
"2019-06-10 08:42:57",89
"2019-06-10 09:42:56",89
"2019-06-10 10:43:01",89
"2019-06-10 11:42:58",89
"2019-06-10 12:43:04",89
"2019-06-10 13:43:00",89
"2019-06-10 14:42:57",90
"2019-06-10 15:42:59",90
"2019-06-10 16:43:01",91
"2019-06-10 17:42:58",91
"2019-06-10 18:42:59",91
"2019-06-10 19:43:00",91
"2019-06-10 20:42:58",91
"2019-06-10 21:42:57",91
"2019-06-10 22:42:58",91
"2019-06-10 23:42:59",91
"2019-06-11 00:42:59",91
"2019-06-11 01:43:01",91
"2019-06-11 02:43:00",91
"2019-06-11 03:42:59",91
"2019-06-11 04:42:58",91
"2019-06-11 05:42:59",91
"2019-06-11 06:42:59",91
"2019-06-11 07:42:58",91
"2019-06-11 08:42:57",91
"2019-06-11 09:43:00",91
"2019-06-11 10:42:58",91
"2019-06-11 11:42:59",91
"2019-06-11 13:06:33",91
"2019-06-11 13:43:01",91
"2019-06-11 14:42:58",91
"2019-06-11 15:42:59",91
"2019-06-11 16:43:02",91
"2019-06-11 17:42:59",91
"2019-06-11 18:43:01",91
"2019-06-11 19:42:58",91
"2019-06-11 20:43:00",91
"2019-06-11 21:42:59",91
"2019-06-11 22:42:58",91
"2019-06-11 23:42:58",91
"2019-06-12 00:43:01",91
"2019-06-12 01:42:59",91
"2019-06-12 02:43:00",91
"2019-06-12 03:43:05",91
"2019-06-12 04:43:01",91
"2019-06-12 05:43:00",91
"2019-06-12 06:43:01",91
"2019-06-12 07:43:02",91
"2019-06-12 08:43:01",91
"2019-06-12 09:43:04",91
"2019-06-12 10:43:01",91
"2019-06-12 11:43:02",91
"2019-06-12 13:06:04",91
"2019-06-12 13:42:59",91
"2019-06-12 14:42:59",91
"2019-06-12 15:43:00",91
"2019-06-12 16:43:00",91
"2019-06-12 17:42:58",91
"2019-06-12 18:43:00",91
"2019-06-12 19:43:01",91
"2019-06-12 20:43:00",91
"2019-06-12 21:43:00",91
"2019-06-12 22:42:59",91
"2019-06-12 23:42:59",91
"2019-06-13 00:43:00",91
"2019-06-13 01:43:01",91
"2019-06-13 02:43:01",91
"2019-06-13 03:42:59",91
"2019-06-13 04:43:01",91
"2019-06-13 05:43:02",91
"2019-06-13 06:42:59",91
"2019-06-13 07:42:58",91
"2019-06-13 08:42:58",91
"2019-06-13 09:42:58",91
"2019-06-13 10:43:04",91
"2019-06-13 11:42:57",91
"2019-06-13 13:07:01",91
"2019-06-13 13:43:02",91
"2019-06-13 14:42:59",91
"2019-06-13 15:43:02",91
"2019-06-13 16:43:00",91
"2019-06-13 17:42:58",91
"2019-06-13 18:42:59",91
"2019-06-13 19:42:59",91
"2019-06-13 20:42:56",91
"2019-06-13 21:42:58",91
"2019-06-13 22:42:57",91
"2019-06-13 23:42:59",91
"2019-06-14 00:43:00",91
"2019-06-14 01:43:00",91
"2019-06-14 02:43:00",91
"2019-06-14 03:42:59",91
"2019-06-14 04:42:59",91
"2019-06-14 05:43:00",91
"2019-06-14 06:43:05",91
"2019-06-14 07:43:01",91
"2019-06-14 08:43:00",91
"2019-06-14 09:42:59",91
"2019-06-14 10:43:01",91
"2019-06-14 11:43:01",91
"2019-06-14 12:43:01",91
"2019-06-14 13:42:59",91
"2019-06-14 14:43:01",91
"2019-06-14 15:43:03",91
"2019-06-14 16:43:03",91
"2019-06-14 17:43:00",91
"2019-06-14 18:43:00",91
"2019-06-14 19:43:00",91
"2019-06-14 20:43:00",91
"2019-06-14 21:43:02",91
"2019-06-14 22:42:59",91
"2019-06-14 23:43:01",91
"2019-06-15 00:43:01",91
"2019-06-15 01:43:03",91
"2019-06-15 02:43:01",91
"2019-06-15 03:43:01",91
"2019-06-15 04:43:02",91
"2019-06-15 05:43:03",91
"2019-06-15 06:43:00",91
"2019-06-15 07:43:00",91
"2019-06-15 08:43:01",91
"2019-06-15 09:43:01",91
"2019-06-15 10:43:01",91
"2019-06-15 11:43:01",91
"2019-06-15 12:43:03",91
"2019-06-15 13:43:05",91
"2019-06-15 14:43:00",91
"2019-06-15 15:43:00",91
"2019-06-15 16:43:00",91
"2019-06-15 17:43:00",91
"2019-06-15 18:43:02",91
"2019-06-15 19:43:01",91
"2019-06-15 20:43:01",91
"2019-06-15 21:43:05",91
"2019-06-15 22:43:06",91
"2019-06-15 23:43:01",91
"2019-06-16 00:43:01",91
"2019-06-16 01:43:03",91
"2019-06-16 02:43:02",91
"2019-06-16 03:43:01",91
"2019-06-16 04:43:04",91
"2019-06-16 05:43:01",91
"2019-06-16 06:43:03",91
"2019-06-16 07:43:04",91
"2019-06-16 08:43:01",91
"2019-06-16 09:42:59",91
"2019-06-16 10:42:59",91
"2019-06-16 11:42:59",91
"2019-06-16 12:43:01",91
"2019-06-16 13:42:59",91
"2019-06-16 14:43:01",91
"2019-06-16 15:43:01",91
"2019-06-16 16:43:03",91
"2019-06-16 17:43:03",91
"2019-06-16 18:43:04",91
"2019-06-16 19:43:00",91
"2019-06-16 20:43:00",91
"2019-06-16 21:43:02",91
"2019-06-16 22:43:00",91
"2019-06-16 23:43:01",91
"2019-06-17 00:43:00",91
"2019-06-17 01:43:00",91
"2019-06-17 02:43:04",91
"2019-06-17 03:43:04",91
"2019-06-17 04:43:02",91
"2019-06-17 05:43:01",91
"2019-06-17 06:43:01",91
"2019-06-17 07:43:00",91
"2019-06-17 08:43:01",91
"2019-06-17 09:43:00",91
"2019-06-17 10:43:01",91
"2019-06-17 11:43:02",91
"2019-06-17 13:07:34",91
"2019-06-17 13:43:00",91
"2019-06-17 14:43:00",91
"2019-06-17 15:43:02",91
"2019-06-17 16:43:12",91
"2019-06-17 17:43:03",91
"2019-06-17 18:43:05",91
"2019-06-17 19:43:01",91
"2019-06-17 20:43:04",91
"2019-06-17 21:43:00",91
"2019-06-17 22:43:02",91
"2019-06-17 23:43:00",91
"2019-06-18 00:43:00",91
"2019-06-18 01:43:00",91
"2019-06-18 02:43:09",91
"2019-06-18 03:43:03",91
"2019-06-18 04:43:02",91
"2019-06-18 05:43:03",91
"2019-06-18 06:43:01",91
"2019-06-18 07:43:02",91
"2019-06-18 08:43:07",91
"2019-06-18 09:42:59",91
"2019-06-18 10:43:00",91
"2019-06-18 11:43:00",91
"2019-06-18 13:05:34",91
"2019-06-18 13:43:01",91
"2019-06-18 14:43:00",90
"2019-06-18 15:43:00",90
"2019-06-18 16:43:01",90
"2019-06-18 17:42:59",90
"2019-06-18 18:43:03",90
"2019-06-18 19:43:03",90
"2019-06-18 20:43:00",90
"2019-06-18 21:43:00",90
"2019-06-18 22:43:00",90
"2019-06-18 23:43:01",90
"2019-06-19 00:43:00",90
"2019-06-19 01:43:03",90
"2019-06-19 02:43:03",90
"2019-06-19 03:43:02",90
"2019-06-19 04:43:00",90
"2019-06-19 05:43:11",90
"2019-06-19 06:43:15",90
"2019-06-19 07:43:04",90
"2019-06-19 08:43:04",90
"2019-06-19 09:43:00",90
"2019-06-19 10:43:03",90
"2019-06-19 11:43:02",90
"2019-06-19 13:05:36",90
"2019-06-19 13:43:01",90
"2019-06-19 14:43:02",90
"2019-06-19 15:43:01",91
"2019-06-19 16:43:11",91
"2019-06-19 17:43:02",92
"2019-06-19 18:43:00",92
"2019-06-19 19:43:03",92
"2019-06-19 20:43:02",92
"2019-06-19 21:43:02",92
"2019-06-19 22:43:00",92
"2019-06-19 23:43:00",92
"2019-06-20 00:43:02",92
"2019-06-20 01:43:00",92
"2019-06-20 02:43:00",92
"2019-06-20 03:43:00",92
"2019-06-20 04:43:02",92
"2019-06-20 05:42:59",92
"2019-06-20 06:43:00",92
"2019-06-20 07:43:01",92
"2019-06-20 08:43:01",92
"2019-06-20 09:43:02",92
"2019-06-20 10:43:01",92
"2019-06-20 11:42:59",92
"2019-06-20 13:07:14",92
"2019-06-20 13:43:03",92
"2019-06-20 14:43:01",92
"2019-06-20 15:43:02",93
"2019-06-20 16:43:02",94
"2019-06-20 17:43:03",94
"2019-06-20 18:43:00",94
"2019-06-20 19:43:00",95
"2019-06-20 20:43:07",96
"2019-06-20 21:43:01",96
"2019-06-20 22:43:00",96
"2019-06-20 23:43:02",96
"2019-06-21 00:43:01",96
"2019-06-21 01:43:02",96
"2019-06-21 02:43:02",96
"2019-06-21 03:43:01",96
"2019-06-21 04:43:02",96
"2019-06-21 05:43:03",96
"2019-06-21 06:43:02",96
"2019-06-21 07:43:04",96
"2019-06-21 08:43:01",96
"2019-06-21 09:43:01",96
"2019-06-21 10:43:00",96
"2019-06-21 11:42:59",96
"2019-06-21 12:43:01",96
"2019-06-21 13:43:02",96
"2019-06-21 14:43:00",95
"2019-06-21 15:43:01",95
"2019-06-21 16:43:02",94
"2019-06-21 17:43:01",94
"2019-06-21 18:43:01",94
"2019-06-21 19:42:59",94
"2019-06-21 20:42:59",94
"2019-06-21 21:43:01",94
"2019-06-21 22:43:00",94
"2019-06-21 23:43:30",94
"2019-06-22 00:43:01",94
"2019-06-22 01:43:06",94
"2019-06-22 02:43:04",94
"2019-06-22 03:43:00",94
"2019-06-22 04:43:01",94
"2019-06-22 05:43:03",94
"2019-06-22 06:43:03",94
"2019-06-22 07:43:02",94
"2019-06-22 08:43:01",94
"2019-06-22 09:43:03",94
"2019-06-22 10:43:03",94
"2019-06-22 11:43:00",94
"2019-06-22 12:43:06",94
"2019-06-22 13:43:01",94
"2019-06-22 14:43:04",94
"2019-06-22 15:43:14",94
"2019-06-22 16:43:09",94
"2019-06-22 17:43:01",94
"2019-06-22 18:43:06",94
"2019-06-22 19:43:02",94
"2019-06-22 20:43:02",94
"2019-06-22 21:43:01",94
"2019-06-22 22:43:06",94
"2019-06-22 23:43:03",94
"2019-06-23 00:43:13",94
"2019-06-23 01:43:05",94
"2019-06-23 02:43:06",94
"2019-06-23 03:43:03",94
"2019-06-23 04:43:01",94
"2019-06-23 05:43:06",94
"2019-06-23 06:43:01",94
"2019-06-23 07:43:00",94
"2019-06-23 08:43:01",94
"2019-06-23 09:43:02",94
"2019-06-23 10:43:01",94
"2019-06-23 11:43:02",94
"2019-06-23 12:43:00",94
"2019-06-23 13:43:02",94
"2019-06-23 14:43:00",94
"2019-06-23 15:43:00",94
"2019-06-23 16:43:03",94
"2019-06-23 17:43:03",94
"2019-06-23 18:42:59",94
"2019-06-23 19:42:59",94
"2019-06-23 20:43:02",94
"2019-06-23 21:43:00",94
"2019-06-23 22:43:01",94
"2019-06-23 23:43:01",94
"2019-06-24 00:43:02",94
"2019-06-24 01:43:01",94
"2019-06-24 02:43:01",94
"2019-06-24 03:43:04",94
"2019-06-24 04:43:03",94
"2019-06-24 05:43:04",94
"2019-06-24 06:43:06",94
"2019-06-24 07:43:01",94
"2019-06-24 08:43:01",94
"2019-06-24 09:43:04",94
"2019-06-24 10:43:00",94
"2019-06-24 11:43:06",94
"2019-06-24 12:43:05",94
"2019-06-24 13:43:01",94
"2019-06-24 14:43:03",93
"2019-06-24 15:43:02",93
"2019-06-24 16:43:07",93
"2019-06-24 17:43:04",93
"2019-06-24 18:43:05",93
"2019-06-24 19:43:04",93
"2019-06-24 20:43:02",94
"2019-06-24 21:43:04",94
"2019-06-24 22:43:01",94
"2019-06-24 23:43:02",94
"2019-06-25 00:43:01",94
"2019-06-25 01:43:03",94
"2019-06-25 02:43:03",94
"2019-06-25 03:43:03",94
"2019-06-25 04:43:01",94
"2019-06-25 05:43:02",94
"2019-06-25 06:43:05",94
"2019-06-25 07:43:03",94
"2019-06-25 08:43:01",94
"2019-06-25 09:43:05",94
"2019-06-25 10:43:02",94
"2019-06-25 11:42:59",94
"2019-06-25 13:06:34",94
"2019-06-25 13:43:02",94
"2019-06-25 14:43:02",94
"2019-06-25 15:43:01",94
"2019-06-25 16:43:02",94
"2019-06-25 17:43:04",94
"2019-06-25 18:43:04",94
"2019-06-25 19:43:00",94
"2019-06-25 20:43:02",94
"2019-06-25 21:42:59",94
"2019-06-25 22:42:59",94
"2019-06-25 23:43:05",94
"2019-06-26 00:43:03",94
"2019-06-26 01:43:02",94
"2019-06-26 02:43:02",94
"2019-06-26 03:43:12",94
"2019-06-26 04:43:02",94
"2019-06-26 05:43:02",94
"2019-06-26 06:43:02",94
"2019-06-26 07:43:03",94
"2019-06-26 08:43:00",94
"2019-06-26 09:42:59",94
"2019-06-26 10:43:00",94
"2019-06-26 11:43:00",94
"2019-06-26 13:05:33",94
"2019-06-26 13:43:01",94
"2019-06-26 14:43:01",94
"2019-06-26 15:43:01",94
"2019-06-26 16:43:03",94
"2019-06-26 17:43:00",94
"2019-06-26 18:43:01",94
"2019-06-26 19:43:01",95
"2019-06-26 20:42:59",95
"2019-06-26 21:43:01",95
"2019-06-26 22:43:02",95
"2019-06-26 23:43:00",95
"2019-06-27 00:43:03",95
"2019-06-27 01:43:01",95
"2019-06-27 02:43:03",95
"2019-06-27 03:42:59",95
"2019-06-27 04:43:03",95
"2019-06-27 05:43:01",95
"2019-06-27 06:43:03",95
"2019-06-27 07:42:58",95
"2019-06-27 08:43:00",95
"2019-06-27 09:43:00",95
"2019-06-27 10:43:00",95
"2019-06-27 11:42:59",95
"2019-06-27 13:05:34",95
"2019-06-27 13:42:59",95
"2019-06-27 14:43:00",95
"2019-06-27 15:43:02",96
"2019-06-27 16:43:00",97
"2019-06-27 17:42:59",97
"2019-06-27 18:43:00",97
"2019-06-27 19:42:58",97
"2019-06-27 20:43:02",97
"2019-06-27 21:43:03",97
"2019-06-27 22:42:58",97
"2019-06-27 23:43:18",97
"2019-06-28 00:43:01",97
"2019-06-28 01:42:59",97
"2019-06-28 02:42:59",97
"2019-06-28 03:43:02",97
"2019-06-28 04:43:03",97
"2019-06-28 05:43:00",97
"2019-06-28 06:42:59",97
"2019-06-28 07:42:59",97
"2019-06-28 08:42:59",97
"2019-06-28 09:42:59",97
"2019-06-28 10:42:58",97
"2019-06-28 11:42:59",97
"2019-06-28 13:06:36",97
"2019-06-28 13:42:59",97
"2019-06-28 14:42:59",96
"2019-06-28 15:43:02",96
"2019-06-28 16:43:01",96
"2019-06-28 17:43:00",97
"2019-06-28 18:42:59",97
"2019-06-28 19:43:00",97
"2019-06-28 20:43:01",97
"2019-06-28 21:43:01",97
"2019-06-28 22:43:00",97
"2019-06-28 23:42:59",97
"2019-06-29 00:43:02",97
"2019-06-29 01:43:06",97
"2019-06-29 02:43:01",97
"2019-06-29 03:42:59",97
"2019-06-29 04:43:00",97
"2019-06-29 05:43:00",97
"2019-06-29 06:43:00",97
"2019-06-29 07:43:01",97
"2019-06-29 08:43:00",97
"2019-06-29 09:43:01",97
"2019-06-29 10:43:00",97
"2019-06-29 11:43:05",97
"2019-06-29 12:43:03",97
"2019-06-29 13:43:01",97
"2019-06-29 14:43:02",97
"2019-06-29 15:43:02",97
"2019-06-29 16:43:05",97
"2019-06-29 17:43:01",97
"2019-06-29 18:43:01",97
"2019-06-29 19:43:02",97
"2019-06-29 20:43:02",97
"2019-06-29 21:43:03",97
"2019-06-29 22:42:59",97
"2019-06-29 23:43:02",97
"2019-06-30 00:43:01",97
"2019-06-30 01:43:05",97
"2019-06-30 02:43:03",97
"2019-06-30 03:43:02",97
"2019-06-30 04:43:03",97
"2019-06-30 05:43:02",97
"2019-06-30 06:43:02",97
"2019-06-30 07:43:03",97
"2019-06-30 08:43:03",97
"2019-06-30 09:43:01",97
"2019-06-30 10:43:01",97
"2019-06-30 11:43:01",97
"2019-06-30 12:43:01",97
"2019-06-30 13:43:02",97
"2019-06-30 14:43:00",97
"2019-06-30 15:43:01",97
"2019-06-30 16:43:02",97
"2019-06-30 17:43:01",97
"2019-06-30 18:43:01",97
"2019-06-30 19:43:03",97
"2019-06-30 20:43:02",97
"2019-06-30 21:43:01",97
"2019-06-30 22:43:01",97
"2019-06-30 23:43:02",97
"2019-07-01 00:43:03",97
"2019-07-01 01:43:02",97
"2019-07-01 02:43:04",97
"2019-07-01 03:43:03",97
"2019-07-01 04:43:01",97
"2019-07-01 05:43:06",97
"2019-07-01 06:43:02",97
"2019-07-01 07:43:08",97
"2019-07-01 08:43:12",97
"2019-07-01 09:43:02",97
"2019-07-01 10:43:01",97
"2019-07-01 11:43:03",97
"2019-07-01 13:06:35",97
"2019-07-01 13:43:06",97
"2019-07-01 14:43:25",96
"2019-07-01 15:43:05",96
"2019-07-01 16:43:05",96
"2019-07-01 17:43:03",95
"2019-07-01 18:43:03",95
"2019-07-01 19:43:05",95
"2019-07-01 20:43:04",95
"2019-07-01 21:43:03",95
"2019-07-01 22:43:04",95
"2019-07-01 23:43:04",95
"2019-07-02 00:43:07",95
"2019-07-02 01:43:02",95
"2019-07-02 02:43:15",95
"2019-07-02 03:43:12",95
"2019-07-02 04:43:04",95
"2019-07-02 05:43:20",95
"2019-07-02 06:43:04",95
"2019-07-02 07:43:06",95
"2019-07-02 08:43:03",95
"2019-07-02 09:43:01",95
"2019-07-02 10:43:03",95
"2019-07-02 11:43:03",95
"2019-07-02 12:43:07",95
"2019-07-02 13:43:03",95
"2019-07-02 14:43:05",96
"2019-07-02 15:43:03",96
"2019-07-02 16:43:02",96
"2019-07-02 17:43:03",96
"2019-07-02 18:43:03",96
"2019-07-02 19:43:04",96
"2019-07-02 20:43:02",96
"2019-07-02 21:43:04",96
"2019-07-02 22:43:07",96
"2019-07-03 00:43:04",96
"2019-07-03 01:43:01",96
"2019-07-03 02:43:06",96
"2019-07-03 03:43:07",96
"2019-07-03 04:43:05",96
"2019-07-03 05:43:05",96
"2019-07-03 06:43:04",96
"2019-07-03 07:43:04",96
"2019-07-03 08:43:15",96
"2019-07-03 09:43:03",96
"2019-07-03 10:43:09",96
"2019-07-03 11:43:03",96
"2019-07-03 13:07:37",96
"2019-07-03 13:43:03",96
"2019-07-03 14:43:10",96
"2019-07-03 15:43:04",96
"2019-07-03 16:43:21",96
"2019-07-03 17:43:04",96
"2019-07-03 18:43:05",96
"2019-07-03 19:43:03",96
"2019-07-03 20:43:02",96
"2019-07-03 21:43:04",96
"2019-07-03 22:43:02",96
"2019-07-03 23:43:04",96
"2019-07-04 00:43:04",96
"2019-07-04 01:43:02",96
"2019-07-04 02:43:07",96
"2019-07-04 03:43:03",96
"2019-07-04 04:43:02",96
"2019-07-04 05:43:05",96
"2019-07-04 06:43:03",96
"2019-07-04 07:43:02",96
"2019-07-04 08:43:01",96
"2019-07-04 09:43:02",96
"2019-07-04 10:43:03",96
"2019-07-04 11:43:03",96
"2019-07-04 12:43:05",96
"2019-07-04 13:43:07",96
"2019-07-04 14:43:05",96
"2019-07-04 15:43:03",96
"2019-07-04 16:43:03",96
"2019-07-04 17:43:01",96
"2019-07-04 18:43:02",96
"2019-07-04 19:43:02",96
"2019-07-04 20:43:03",96
"2019-07-04 21:43:04",96
"2019-07-04 22:43:04",96
"2019-07-04 23:43:02",96
"2019-07-05 00:43:04",96
"2019-07-05 01:43:02",96
"2019-07-05 02:43:02",96
"2019-07-05 03:43:03",96
"2019-07-05 04:43:02",96
"2019-07-05 05:43:06",96
"2019-07-05 06:43:06",96
"2019-07-05 07:43:03",96
"2019-07-05 08:43:02",96
"2019-07-05 09:43:02",96
"2019-07-05 10:43:07",96
"2019-07-05 11:43:11",96
"2019-07-05 12:43:02",96
"2019-07-05 13:43:10",96
"2019-07-05 14:43:04",96
"2019-07-05 15:43:02",96
"2019-07-05 16:43:14",97
"2019-07-05 17:43:04",97
"2019-07-05 18:43:03",97
"2019-07-05 19:43:02",97
"2019-07-05 20:43:04",97
"2019-07-05 21:43:04",97
"2019-07-05 22:43:06",97
"2019-07-05 23:43:03",97
"2019-07-06 00:43:07",97
"2019-07-06 01:43:06",97
"2019-07-06 02:43:09",97
"2019-07-06 03:43:03",97
"2019-07-06 04:43:02",97
"2019-07-06 05:43:04",97
"2019-07-06 06:43:05",97
"2019-07-06 07:43:01",97
"2019-07-06 08:43:03",97
"2019-07-06 09:43:03",97
"2019-07-06 10:43:03",97
"2019-07-06 11:43:21",97
"2019-07-06 12:43:05",97
"2019-07-06 13:43:03",97
"2019-07-06 14:43:02",97
"2019-07-06 15:43:02",97
"2019-07-06 16:43:06",97
"2019-07-06 17:43:04",97
"2019-07-06 18:43:03",97
"2019-07-06 19:43:07",97
"2019-07-06 20:43:01",97
"2019-07-06 21:43:03",97
"2019-07-06 22:43:03",97
"2019-07-06 23:43:03",97
"2019-07-07 00:43:02",97
"2019-07-07 01:43:02",97
"2019-07-07 02:43:05",97
"2019-07-07 03:43:02",97
"2019-07-07 04:43:03",97
"2019-07-07 05:43:07",97
"2019-07-07 06:43:02",97
"2019-07-07 07:43:02",97
"2019-07-07 08:43:04",97
"2019-07-07 09:43:02",97
"2019-07-07 10:43:04",97
"2019-07-07 11:43:00",97
"2019-07-07 12:43:00",97
"2019-07-07 13:43:00",97
"2019-07-07 14:43:01",97
"2019-07-07 15:43:03",97
"2019-07-07 16:43:04",97
"2019-07-07 17:43:02",97
"2019-07-07 18:43:03",97
"2019-07-07 19:43:00",97
"2019-07-07 20:43:01",97
"2019-07-07 21:43:02",97
"2019-07-07 22:43:03",97
"2019-07-07 23:43:01",97
"2019-07-08 00:43:01",97
"2019-07-08 01:43:05",97
"2019-07-08 02:43:02",97
"2019-07-08 03:43:06",97
"2019-07-08 04:43:02",97
"2019-07-08 05:43:00",97
"2019-07-08 06:43:07",97
"2019-07-08 07:43:08",97
"2019-07-08 08:43:06",97
"2019-07-08 09:43:09",97
"2019-07-08 10:43:11",97
"2019-07-08 11:43:19",97
"2019-07-08 12:43:02",97
"2019-07-08 13:43:02",97
"2019-07-08 14:43:02",96
"2019-07-08 15:43:02",96
"2019-07-08 16:43:03",96
"2019-07-08 17:43:01",96
"2019-07-08 18:43:04",96
"2019-07-08 19:43:02",96
"2019-07-08 20:43:02",96
"2019-07-08 21:43:02",96
"2019-07-08 22:43:03",96
"2019-07-08 23:43:01",96
"2019-07-09 00:43:02",96
"2019-07-09 01:43:01",96
"2019-07-09 02:43:09",96
"2019-07-09 03:43:05",96
"2019-07-09 04:43:04",96
"2019-07-09 05:43:10",96
"2019-07-09 06:43:05",96
"2019-07-09 07:43:05",96
"2019-07-09 08:43:02",96
"2019-07-09 09:43:02",96
"2019-07-09 10:43:00",96
"2019-07-09 11:43:03",96
"2019-07-09 13:06:05",96
"2019-07-09 13:43:01",96
"2019-07-09 14:43:02",96
"2019-07-09 15:43:03",96
"2019-07-09 16:43:01",96
"2019-07-09 17:43:05",96
"2019-07-09 18:43:02",96
"2019-07-09 19:43:02",96
"2019-07-09 20:43:02",96
"2019-07-09 21:43:02",96
"2019-07-09 22:43:00",96
"2019-07-09 23:43:02",96
"2019-07-10 00:43:01",96
"2019-07-10 01:43:03",96
"2019-07-10 02:43:01",96
"2019-07-10 03:43:01",96
"2019-07-10 04:43:01",96
"2019-07-10 05:43:05",96
"2019-07-10 06:43:04",96
"2019-07-10 07:42:59",96
"2019-07-10 08:43:01",96
"2019-07-10 09:43:00",96
"2019-07-10 10:43:01",96
"2019-07-10 11:43:03",96
"2019-07-10 12:43:05",96
"2019-07-10 13:43:03",96
"2019-07-10 14:43:02",97
"2019-07-10 15:43:04",97
"2019-07-10 16:43:14",97
"2019-07-10 17:43:02",97
"2019-07-10 18:43:01",97
"2019-07-10 19:43:01",97
"2019-07-10 20:43:01",97
"2019-07-10 21:43:01",97
"2019-07-10 22:43:07",97
"2019-07-10 23:43:01",97
"2019-07-11 00:43:01",97
"2019-07-11 01:43:02",97
"2019-07-11 02:43:06",97
"2019-07-11 03:43:04",97
"2019-07-11 04:43:07",97
"2019-07-11 05:43:04",97
"2019-07-11 06:43:03",97
"2019-07-11 07:43:02",97
"2019-07-11 08:43:06",97
"2019-07-11 09:43:01",97
"2019-07-11 10:43:04",97
"2019-07-11 11:43:01",97
"2019-07-11 12:43:01",97
"2019-07-11 13:43:01",97
"2019-07-11 14:43:02",97
"2019-07-11 15:43:02",97
"2019-07-11 16:43:02",97
"2019-07-11 17:43:01",97
"2019-07-11 18:43:02",97
"2019-07-11 19:43:02",97
"2019-07-11 20:43:01",97
"2019-07-11 21:43:06",97
"2019-07-11 22:42:59",97
"2019-07-11 23:43:02",97
"2019-07-12 00:43:01",97
"2019-07-12 01:43:02",97
"2019-07-12 02:43:01",97
"2019-07-12 03:43:01",97
"2019-07-12 04:43:00",97
"2019-07-12 05:43:05",97
"2019-07-12 06:43:08",97
"2019-07-12 07:43:02",97
"2019-07-12 08:43:02",97
"2019-07-12 09:43:06",97
"2019-07-12 10:43:03",97
"2019-07-12 11:43:01",97
"2019-07-12 13:06:36",97
"2019-07-12 13:43:03",97
"2019-07-12 14:43:02",97
"2019-07-12 15:43:19",97
"2019-07-12 16:43:05",97
"2019-07-12 17:43:06",97
"2019-07-12 18:43:02",97
"2019-07-12 19:43:00",97
"2019-07-12 20:43:00",97
"2019-07-12 21:43:02",97
"2019-07-12 22:43:08",97
"2019-07-12 23:43:02",97
"2019-07-13 00:43:02",97
"2019-07-13 01:43:03",97
"2019-07-13 02:43:05",97
"2019-07-13 03:43:00",97
"2019-07-13 04:43:02",97
"2019-07-13 05:43:01",97
"2019-07-13 06:43:02",97
"2019-07-13 07:43:02",97
"2019-07-13 08:43:00",97
"2019-07-13 09:43:02",97
"2019-07-13 10:43:02",97
"2019-07-13 11:43:04",97
"2019-07-13 12:43:04",97
"2019-07-13 13:43:01",97
"2019-07-13 14:43:01",97
"2019-07-13 15:43:03",97
"2019-07-13 16:43:28",97
"2019-07-13 17:43:05",97
"2019-07-13 18:43:06",97
"2019-07-13 19:43:05",97
"2019-07-13 20:43:06",97
"2019-07-13 21:43:04",97
"2019-07-13 22:43:02",97
"2019-07-13 23:43:02",97
"2019-07-14 00:43:01",97
"2019-07-14 01:43:10",97
"2019-07-14 02:43:03",97
"2019-07-14 03:43:03",97
"2019-07-14 04:43:02",97
"2019-07-14 05:43:05",97
"2019-07-14 06:43:04",97
"2019-07-14 07:43:01",97
"2019-07-14 08:43:02",97
"2019-07-14 09:43:00",97
"2019-07-14 10:43:01",97
"2019-07-14 11:43:03",97
"2019-07-14 12:43:01",97
"2019-07-14 13:43:03",97
"2019-07-14 14:43:01",97
"2019-07-14 15:43:03",97
"2019-07-14 16:43:06",97
"2019-07-14 17:43:02",97
"2019-07-14 18:43:01",97
"2019-07-14 19:43:01",97
"2019-07-14 20:43:10",97
"2019-07-14 21:43:01",97
"2019-07-14 22:43:01",97
"2019-07-14 23:43:01",97
"2019-07-15 00:43:02",97
"2019-07-15 01:43:01",97
"2019-07-15 02:43:02",97
"2019-07-15 03:43:00",97
"2019-07-15 04:43:00",97
"2019-07-15 05:43:05",97
"2019-07-15 06:43:07",97
"2019-07-15 07:43:02",97
"2019-07-15 08:43:00",97
"2019-07-15 09:43:01",97
"2019-07-15 10:43:01",97
"2019-07-15 11:43:00",97
"2019-07-15 13:07:05",96
"2019-07-15 13:43:03",96
"2019-07-15 14:43:01",96
"2019-07-15 15:43:01",96
"2019-07-15 16:43:16",96
"2019-07-15 17:43:02",96
"2019-07-15 18:43:01",96
"2019-07-15 19:43:01",96
"2019-07-15 20:43:02",98
"2019-07-15 21:43:02",98
"2019-07-15 22:43:06",98
"2019-07-15 23:43:02",98
"2019-07-16 00:43:01",98
"2019-07-16 01:43:02",98
"2019-07-16 02:43:08",98
"2019-07-16 03:43:01",98
"2019-07-16 04:43:01",98
"2019-07-16 05:43:06",98
"2019-07-16 06:43:06",98
"2019-07-16 07:43:01",98
"2019-07-16 08:43:02",98
"2019-07-16 09:43:01",98
"2019-07-16 10:43:04",98
"2019-07-16 11:43:01",98
"2019-07-16 13:07:05",98
"2019-07-16 13:43:03",98
"2019-07-16 14:43:01",98
"2019-07-16 15:43:10",97
"2019-07-16 16:43:03",97
"2019-07-16 17:43:04",97
"2019-07-16 18:43:02",97
"2019-07-16 19:43:01",97
"2019-07-16 20:43:23",97
"2019-07-16 21:43:02",97
"2019-07-16 22:43:02",97
"2019-07-16 23:43:02",97
"2019-07-17 00:43:01",97
"2019-07-17 01:43:02",97
"2019-07-17 02:43:03",97
"2019-07-17 03:43:03",97
"2019-07-17 04:43:03",97
"2019-07-17 05:43:16",97
"2019-07-17 06:43:05",97
"2019-07-17 07:43:06",97
"2019-07-17 08:43:02",97
"2019-07-17 09:43:02",97
"2019-07-17 10:43:02",97
"2019-07-17 11:43:01",97
"2019-07-17 13:06:36",97
"2019-07-17 13:43:02",97
"2019-07-17 14:43:04",97
"2019-07-17 15:43:09",96
"2019-07-17 16:43:07",96
"2019-07-17 17:43:01",96
"2019-07-17 18:43:02",96
"2019-07-17 19:43:01",96
"2019-07-17 20:43:01",96
"2019-07-17 21:43:01",96
"2019-07-17 22:43:01",96
"2019-07-17 23:43:01",96
"2019-07-18 00:43:00",96
"2019-07-18 01:43:07",96
"2019-07-18 02:43:03",96
"2019-07-18 03:43:02",96
"2019-07-18 04:43:01",96
"2019-07-18 05:43:05",96
"2019-07-18 06:43:05",96
"2019-07-18 07:43:00",96
"2019-07-18 08:43:05",96
"2019-07-18 09:43:01",96
"2019-07-18 10:43:02",96
"2019-07-18 11:43:00",96
"2019-07-18 13:07:08",96
"2019-07-18 13:43:02",96
"2019-07-18 14:43:02",96
"2019-07-18 15:43:02",96
"2019-07-18 16:43:09",96
"2019-07-18 17:43:03",96
"2019-07-18 18:43:03",96
"2019-07-18 19:43:05",96
"2019-07-18 20:43:03",96
"2019-07-18 21:43:03",96
"2019-07-18 22:43:04",96
"2019-07-18 23:43:05",96
"2019-07-19 00:43:04",96
"2019-07-19 01:43:03",96
"2019-07-19 02:43:05",96
"2019-07-19 03:43:03",96
"2019-07-19 04:43:04",96
"2019-07-19 05:43:19",96
"2019-07-19 06:43:05",96
"2019-07-19 07:43:06",96
"2019-07-19 08:43:03",96
"2019-07-19 09:43:03",96
"2019-07-19 10:43:02",96
"2019-07-19 11:43:02",96
"2019-07-19 13:06:35",96
"2019-07-19 13:43:02",96
"2019-07-19 14:43:02",96
"2019-07-19 15:43:03",96
"2019-07-19 16:43:03",96
"2019-07-19 17:43:05",96
"2019-07-19 18:43:03",96
"2019-07-19 19:43:03",96
"2019-07-19 20:43:03",96
"2019-07-19 21:43:01",96
"2019-07-19 22:43:03",96
"2019-07-19 23:43:02",96
"2019-07-20 00:43:02",96
"2019-07-20 01:43:10",96
"2019-07-20 02:43:10",96
"2019-07-20 03:43:04",96
"2019-07-20 04:43:11",96
"2019-07-20 05:43:08",96
"2019-07-20 06:43:03",96
"2019-07-20 07:43:02",96
"2019-07-20 08:43:03",96
"2019-07-20 09:43:00",96
"2019-07-20 10:43:01",96
"2019-07-20 11:43:02",96
"2019-07-20 12:43:03",96
"2019-07-20 13:43:02",96
"2019-07-20 14:43:02",96
"2019-07-20 15:43:02",96
"2019-07-20 16:43:04",96
"2019-07-20 17:43:02",96
"2019-07-20 18:43:02",96
"2019-07-20 19:43:03",96
"2019-07-20 20:43:00",96
"2019-07-20 21:43:03",96
"2019-07-20 22:43:00",96
"2019-07-20 23:43:01",96
"2019-07-21 00:43:03",96
"2019-07-21 01:43:02",96
"2019-07-21 02:43:03",96
"2019-07-21 03:43:01",96
"2019-07-21 04:43:02",96
"2019-07-21 05:43:10",96
"2019-07-21 06:43:11",96
"2019-07-21 07:43:00",96
"2019-07-21 08:43:03",96
"2019-07-21 09:43:03",96
"2019-07-21 10:43:10",96
"2019-07-21 11:43:02",96
"2019-07-21 12:43:01",96
"2019-07-21 13:43:03",96
"2019-07-21 14:43:02",96
"2019-07-21 15:43:02",96
"2019-07-21 16:43:02",96
"2019-07-21 17:43:02",96
"2019-07-21 18:43:03",96
"2019-07-21 19:43:03",96
"2019-07-21 20:43:03",96
"2019-07-21 21:43:04",96
"2019-07-21 22:43:01",96
"2019-07-21 23:43:02",96
"2019-07-22 00:43:01",96
"2019-07-22 01:43:03",96
"2019-07-22 02:43:02",96
"2019-07-22 03:43:02",96
"2019-07-22 04:43:02",96
"2019-07-22 05:43:06",96
"2019-07-22 06:43:11",96
"2019-07-22 07:43:02",96
"2019-07-22 08:43:02",96
"2019-07-22 09:43:01",96
"2019-07-22 10:43:02",96
"2019-07-22 11:43:13",96
"2019-07-22 12:43:06",96
"2019-07-22 13:43:02",96
"2019-07-22 14:43:03",102
"2019-07-22 15:43:02",105
"2019-07-22 16:43:05",105
"2019-07-22 17:43:03",105
"2019-07-22 18:43:08",105
"2019-07-22 19:43:05",105
"2019-07-22 20:43:05",105
"2019-07-22 21:43:06",104
"2019-07-22 22:43:02",104
"2019-07-22 23:43:02",104
"2019-07-23 00:43:02",104
"2019-07-23 01:43:01",104
"2019-07-23 02:43:06",104
"2019-07-23 03:43:04",104
"2019-07-23 04:43:04",104
"2019-07-23 05:43:06",104
"2019-07-23 06:43:08",104
"2019-07-23 07:43:04",104
"2019-07-23 08:43:01",104
"2019-07-23 09:43:04",104
"2019-07-23 10:43:03",104
"2019-07-23 11:43:03",104
"2019-07-23 13:06:07",104
"2019-07-23 13:43:03",104
"2019-07-23 14:43:04",102
"2019-07-23 15:43:08",100
"2019-07-23 16:43:04",98
"2019-07-23 17:43:02",98
"2019-07-23 18:43:03",98
"2019-07-23 19:43:02",98
"2019-07-23 20:43:03",98
"2019-07-23 21:43:03",98
"2019-07-23 22:43:06",98
"2019-07-23 23:43:04",98
"2019-07-24 00:43:03",98
"2019-07-24 01:43:03",98
"2019-07-24 02:43:08",98
"2019-07-24 03:43:03",98
"2019-07-24 04:43:03",98
"2019-07-24 05:43:04",98
"2019-07-24 06:43:02",98
"2019-07-24 07:43:01",98
"2019-07-24 08:43:03",98
"2019-07-24 09:43:04",98
"2019-07-24 10:43:04",98
"2019-07-24 11:43:01",98
"2019-07-24 13:05:36",98
"2019-07-24 13:43:04",98
"2019-07-24 14:43:02",94
"2019-07-24 15:43:04",93
"2019-07-24 16:43:03",93
"2019-07-24 17:43:03",93
"2019-07-24 18:43:06",93
"2019-07-24 19:43:03",93
"2019-07-24 20:43:04",93
"2019-07-24 21:43:04",93
"2019-07-24 22:43:03",93
"2019-07-24 23:43:04",93
"2019-07-25 00:43:03",93
"2019-07-25 01:43:09",93
"2019-07-25 02:43:17",93
"2019-07-25 03:43:04",93
"2019-07-25 04:43:02",93
"2019-07-25 05:43:08",93
"2019-07-25 06:43:07",93
"2019-07-25 07:43:03",93
"2019-07-25 08:43:05",93
"2019-07-25 09:43:02",93
"2019-07-25 10:43:12",93
"2019-07-25 11:43:02",93
"2019-07-25 13:06:09",93
"2019-07-25 13:43:07",93
"2019-07-25 14:43:05",93
"2019-07-25 15:43:03",93
"2019-07-25 16:43:06",93
"2019-07-25 17:43:05",92
"2019-07-25 18:43:12",92
"2019-07-25 19:43:40",92
"2019-07-25 20:43:09",92
"2019-07-25 21:43:08",92
"2019-07-25 22:43:04",92
"2019-07-25 23:43:04",92
"2019-07-26 00:43:18",92
"2019-07-26 01:43:05",92
"2019-07-26 02:43:07",92
"2019-07-26 03:43:07",92
"2019-07-26 04:43:08",92
"2019-07-26 05:43:12",92
"2019-07-26 06:43:20",92
"2019-07-26 07:43:11",92
"2019-07-26 08:43:02",92
"2019-07-26 09:43:04",92
"2019-07-26 10:43:06",92
"2019-07-26 11:43:08",92
"2019-07-26 13:08:08",92
"2019-07-26 13:43:05",92
"2019-07-26 14:43:05",93
"2019-07-26 15:43:04",93
"2019-07-26 16:43:06",92
"2019-07-26 17:43:07",92
"2019-07-26 18:43:07",92
"2019-07-26 19:43:04",92
"2019-07-26 20:43:04",91
"2019-07-26 22:43:03",91
"2019-07-26 23:43:02",91
"2019-07-27 00:43:03",91
"2019-07-27 01:43:04",91
"2019-07-27 02:43:06",91
"2019-07-27 03:43:04",91
"2019-07-27 04:43:03",91
"2019-07-27 05:43:04",91
"2019-07-27 06:43:03",91
"2019-07-27 07:43:03",91
"2019-07-27 08:43:03",91
"2019-07-27 09:43:02",91
"2019-07-27 10:43:05",91
"2019-07-27 11:43:02",91
"2019-07-27 12:43:04",91
"2019-07-27 13:43:02",91
"2019-07-27 14:43:04",91
"2019-07-27 15:43:06",91
"2019-07-27 16:43:11",91
"2019-07-27 17:43:08",91
"2019-07-27 18:43:05",91
"2019-07-27 19:43:05",91
"2019-07-27 20:43:06",91
"2019-07-27 21:43:04",91
"2019-07-27 22:43:04",91
"2019-07-27 23:43:03",91
"2019-07-28 00:43:03",91
"2019-07-28 01:43:02",91
"2019-07-28 02:43:03",91
"2019-07-28 03:43:02",91
"2019-07-28 04:43:03",91
"2019-07-28 05:43:02",91
"2019-07-28 06:43:02",91
"2019-07-28 07:43:03",91
"2019-07-28 08:43:02",91
"2019-07-28 09:43:01",91
"2019-07-28 10:43:01",91
"2019-07-28 11:43:01",91
"2019-07-28 12:43:02",91
"2019-07-28 13:43:02",91
"2019-07-28 14:43:03",91
"2019-07-28 15:43:01",91
"2019-07-28 16:43:04",91
"2019-07-28 17:43:04",91
"2019-07-28 18:43:02",91
"2019-07-28 19:43:03",91
"2019-07-28 20:43:02",91
"2019-07-28 21:43:02",91
"2019-07-28 22:43:04",91
"2019-07-28 23:43:05",91
"2019-07-29 00:43:03",91
"2019-07-29 01:43:03",91
"2019-07-29 02:43:03",91
"2019-07-29 03:43:04",91
"2019-07-29 04:43:04",91
"2019-07-29 05:43:07",91
"2019-07-29 06:43:15",91
"2019-07-29 07:43:04",91
"2019-07-29 08:43:02",91
"2019-07-29 09:43:03",91
"2019-07-29 10:43:04",91
"2019-07-29 11:43:03",91
"2019-07-29 13:07:07",91
"2019-07-29 13:43:06",91
"2019-07-29 14:43:03",91
"2019-07-29 15:43:04",91
"2019-07-29 16:43:04",91
"2019-07-29 17:43:03",91
"2019-07-29 18:43:04",91
"2019-07-29 19:43:03",92
"2019-07-29 20:43:03",92
"2019-07-29 21:43:02",92
"2019-07-29 22:43:04",92
"2019-07-29 23:43:03",92
"2019-07-30 00:43:03",92
"2019-07-30 01:43:03",92
"2019-07-30 02:43:04",92
"2019-07-30 03:43:03",92
"2019-07-30 04:43:02",92
"2019-07-30 05:43:03",92
"2019-07-30 06:43:04",92
"2019-07-30 07:43:10",92
"2019-07-30 08:43:04",92
"2019-07-30 09:43:03",92
"2019-07-30 10:43:02",92
"2019-07-30 11:43:05",92
"2019-07-30 12:43:03",92
"2019-07-30 13:43:04",92
"2019-07-30 14:43:05",92
"2019-07-30 15:43:05",92
"2019-07-30 16:43:05",92
"2019-07-30 17:43:09",92
"2019-07-30 18:43:07",92
"2019-07-30 19:43:07",92
"2019-07-30 20:43:05",92
"2019-07-30 21:43:05",92
"2019-07-30 22:43:06",92
"2019-07-30 23:43:04",92
"2019-07-31 00:43:05",92
"2019-07-31 01:43:04",92
"2019-07-31 02:43:04",92
"2019-07-31 03:43:05",92
"2019-07-31 04:43:05",92
"2019-07-31 05:43:12",92
"2019-07-31 06:43:05",92
"2019-07-31 07:43:04",92
"2019-07-31 08:43:05",92
"2019-07-31 09:43:05",92
"2019-07-31 10:43:03",92
"2019-07-31 11:43:02",92
"2019-07-31 13:07:10",92
"2019-07-31 13:43:04",92
"2019-07-31 14:43:05",92
"2019-07-31 15:43:05",92
"2019-07-31 16:43:09",93
"2019-07-31 17:43:04",93
"2019-07-31 18:43:03",93
"2019-07-31 19:43:04",93
"2019-07-31 20:43:05",91
"2019-07-31 21:43:05",91
"2019-07-31 22:43:04",91
"2019-07-31 23:43:04",91
"2019-08-01 00:43:04",91
"2019-08-01 01:43:16",91
"2019-08-01 02:43:07",91
"2019-08-01 03:43:05",91
"2019-08-01 04:43:03",91
"2019-08-01 05:43:08",91
"2019-08-01 06:43:05",91
"2019-08-01 07:43:10",91
"2019-08-01 08:43:03",91
"2019-08-01 09:43:06",91
"2019-08-01 10:43:04",91
"2019-08-01 11:43:02",91
"2019-08-01 13:05:37",91
"2019-08-01 13:43:05",91
"2019-08-01 14:43:05",90
"2019-08-01 15:43:11",90
"2019-08-01 16:43:09",90
"2019-08-01 17:43:07",90
"2019-08-01 18:43:03",90
"2019-08-01 19:43:04",90
"2019-08-01 20:43:04",90
"2019-08-01 21:43:04",90
"2019-08-01 22:43:03",90
"2019-08-01 23:43:05",90
"2019-08-02 00:43:03",90
"2019-08-02 01:43:04",90
"2019-08-02 02:43:03",90
"2019-08-02 03:43:03",90
"2019-08-02 04:43:04",90
"2019-08-02 05:43:06",90
"2019-08-02 06:43:04",90
"2019-08-02 07:43:02",90
"2019-08-02 08:43:04",90
"2019-08-02 09:43:05",90
"2019-08-02 10:43:14",90
"2019-08-02 11:43:04",90
"2019-08-02 13:07:10",90
"2019-08-02 13:43:07",90
"2019-08-02 14:43:06",91
"2019-08-02 15:43:06",91
"2019-08-02 16:43:08",91
"2019-08-02 17:43:04",90
"2019-08-02 18:43:06",90
"2019-08-02 19:43:06",90
"2019-08-02 20:43:06",90
"2019-08-02 21:43:05",90
"2019-08-02 22:43:04",90
"2019-08-02 23:43:05",90
"2019-08-03 00:43:05",90
"2019-08-03 01:43:04",90
"2019-08-03 02:43:11",90
"2019-08-03 03:43:05",90
"2019-08-03 04:43:04",90
"2019-08-03 05:43:11",90
"2019-08-03 06:43:05",90
"2019-08-03 07:43:03",90
"2019-08-03 08:43:06",90
"2019-08-03 09:43:05",90
"2019-08-03 10:43:05",90
"2019-08-03 11:43:04",90
"2019-08-03 12:43:05",90
"2019-08-03 13:43:05",90
"2019-08-03 14:43:05",90
"2019-08-03 15:43:03",90
"2019-08-03 16:43:05",90
"2019-08-03 17:43:05",90
"2019-08-03 18:43:05",90
"2019-08-03 19:43:04",90
"2019-08-03 20:43:03",90
"2019-08-03 21:43:03",90
"2019-08-03 22:43:04",90
"2019-08-03 23:43:04",90
"2019-08-04 00:43:04",90
"2019-08-04 01:43:04",90
"2019-08-04 02:43:10",90
"2019-08-04 03:43:05",90
"2019-08-04 04:43:04",90
"2019-08-04 05:43:09",90
"2019-08-04 06:43:04",90
"2019-08-04 07:43:04",90
"2019-08-04 08:43:06",90
"2019-08-04 09:43:04",90
"2019-08-04 10:43:04",90
"2019-08-04 11:43:02",90
"2019-08-04 12:43:04",90
"2019-08-04 13:43:05",90
"2019-08-04 14:43:03",90
"2019-08-04 15:43:04",90
"2019-08-04 16:43:05",90
"2019-08-04 17:43:04",90
"2019-08-04 18:43:05",90
"2019-08-04 19:43:04",90
"2019-08-04 20:43:05",90
"2019-08-04 21:43:05",90
"2019-08-04 22:43:05",90
"2019-08-04 23:43:04",90
"2019-08-05 00:43:04",90
"2019-08-05 01:43:06",90
"2019-08-05 02:43:07",90
"2019-08-05 03:43:05",90
"2019-08-05 04:43:05",90
"2019-08-05 05:43:07",90
"2019-08-05 06:43:04",90
"2019-08-05 07:43:08",90
"2019-08-05 08:43:06",90
"2019-08-05 09:43:06",90
"2019-08-05 10:43:05",90
"2019-08-05 11:43:04",90
"2019-08-05 13:07:40",90
"2019-08-05 13:43:07",90
"2019-08-05 14:43:07",90
"2019-08-05 15:43:05",90
"2019-08-05 16:43:06",91
"2019-08-05 17:43:07",91
"2019-08-05 18:43:07",91
"2019-08-05 19:43:06",91
"2019-08-05 20:43:04",91
"2019-08-05 21:43:05",91
"2019-08-05 22:43:06",91
"2019-08-05 23:43:07",91
"2019-08-06 00:43:16",91
"2019-08-06 01:43:09",91
"2019-08-06 02:43:05",91
"2019-08-06 03:43:04",91
"2019-08-06 04:43:06",91
"2019-08-06 05:43:07",91
"2019-08-06 06:43:05",91
"2019-08-06 07:43:05",91
"2019-08-06 08:43:04",91
"2019-08-06 09:43:10",91
"2019-08-06 10:43:03",91
"2019-08-06 11:43:03",91
"2019-08-06 12:43:05",91
"2019-08-06 13:43:07",91
"2019-08-06 14:43:04",90
"2019-08-06 15:43:05",90
"2019-08-06 16:43:07",90
"2019-08-06 17:43:05",89
"2019-08-06 18:43:04",89
"2019-08-06 19:43:05",89
"2019-08-06 20:43:06",89
"2019-08-06 21:43:04",89
"2019-08-06 22:43:03",89
"2019-08-06 23:43:05",89
"2019-08-07 00:43:06",89
"2019-08-07 01:43:07",89
"2019-08-07 02:43:07",89
"2019-08-07 03:43:05",89
"2019-08-07 04:43:04",89
"2019-08-07 05:43:06",89
"2019-08-07 06:43:10",89
"2019-08-07 07:43:03",89
"2019-08-07 08:43:06",89
"2019-08-07 09:43:04",89
"2019-08-07 10:43:12",89
"2019-08-07 11:43:05",89
"2019-08-07 12:43:07",89
"2019-08-07 13:43:07",89
"2019-08-07 14:43:06",89
"2019-08-07 15:43:05",88
"2019-08-07 16:43:06",88
"2019-08-07 17:43:05",88
"2019-08-07 18:43:05",88
"2019-08-07 19:43:05",88
"2019-08-07 20:43:05",88
"2019-08-07 21:43:05",88
"2019-08-07 22:43:04",88
"2019-08-07 23:43:06",88
"2019-08-08 00:43:06",88
"2019-08-08 01:43:05",88
"2019-08-08 02:43:11",88
"2019-08-08 03:43:05",88
"2019-08-08 04:43:04",88
"2019-08-08 05:43:04",88
"2019-08-08 06:43:08",88
"2019-08-08 07:43:05",88
"2019-08-08 08:43:04",88
"2019-08-08 09:43:04",88
"2019-08-08 10:43:08",88
"2019-08-08 11:43:03",88
"2019-08-08 12:43:06",88
"2019-08-08 13:43:06",88
"2019-08-08 14:43:05",88
"2019-08-08 15:43:06",88
"2019-08-08 16:43:07",88
"2019-08-08 17:43:06",88
"2019-08-08 18:43:05",87
"2019-08-08 19:43:06",87
"2019-08-08 20:43:07",87
"2019-08-08 21:43:07",87
"2019-08-08 22:43:07",87
"2019-08-08 23:43:07",87
"2019-08-09 00:43:08",87
"2019-08-09 01:43:09",87
"2019-08-09 02:43:09",87
"2019-08-09 03:43:07",87
"2019-08-09 04:43:09",87
"2019-08-09 05:43:11",87
"2019-08-09 06:43:09",87
"2019-08-09 07:43:13",87
"2019-08-09 08:43:09",87
"2019-08-09 09:43:14",87
"2019-08-09 10:43:09",87
"2019-08-09 11:43:08",87
"2019-08-09 13:07:12",87
"2019-08-09 13:43:09",87
"2019-08-09 14:43:13",87
"2019-08-09 15:43:08",87
"2019-08-09 16:43:15",87
"2019-08-09 17:43:07",87
"2019-08-09 18:43:08",87
"2019-08-09 19:43:08",88
"2019-08-09 20:43:07",88
"2019-08-09 21:43:09",88
"2019-08-09 22:43:08",88
"2019-08-09 23:43:09",88
"2019-08-10 00:43:09",88
"2019-08-10 01:43:08",88
"2019-08-10 02:43:22",88
"2019-08-10 03:43:07",88
"2019-08-10 04:43:08",88
"2019-08-10 05:43:11",88
"2019-08-10 06:43:08",88
"2019-08-10 07:43:07",88
"2019-08-10 08:43:07",88
"2019-08-10 09:43:08",88
"2019-08-10 10:43:09",88
"2019-08-10 11:43:07",88
"2019-08-10 12:43:10",88
"2019-08-10 13:43:10",88
"2019-08-10 14:43:06",88
"2019-08-10 15:43:06",88
"2019-08-10 16:43:15",88
"2019-08-10 17:43:07",88
"2019-08-10 18:43:07",88
"2019-08-10 19:43:08",88
"2019-08-10 20:43:08",88
"2019-08-10 21:43:05",88
"2019-08-10 22:43:07",88
"2019-08-10 23:43:07",88
"2019-08-11 00:43:05",88
"2019-08-11 01:43:07",88
"2019-08-11 02:43:16",88
"2019-08-11 03:43:08",88
"2019-08-11 04:43:07",88
"2019-08-11 05:43:15",88
"2019-08-11 06:43:07",88
"2019-08-11 07:43:08",88
"2019-08-11 08:43:06",88
"2019-08-11 09:43:06",88
"2019-08-11 10:43:06",88
"2019-08-11 11:43:07",88
"2019-08-11 12:43:07",88
"2019-08-11 13:43:09",88
"2019-08-11 14:43:07",88
"2019-08-11 15:43:07",88
"2019-08-11 16:43:08",88
"2019-08-11 17:43:07",88
"2019-08-11 18:43:08",88
"2019-08-11 19:43:09",88
"2019-08-11 20:43:10",88
"2019-08-11 21:43:09",88
"2019-08-11 22:43:09",88
"2019-08-11 23:43:10",88
"2019-08-12 00:43:10",88
"2019-08-12 01:43:09",88
"2019-08-12 02:43:12",88
"2019-08-12 03:43:10",88
"2019-08-12 04:43:08",88
"2019-08-12 05:43:14",88
"2019-08-12 06:43:16",88
"2019-08-12 07:43:07",88
"2019-08-12 08:43:10",88
"2019-08-12 09:43:08",88
"2019-08-12 10:43:12",88
"2019-08-12 11:43:08",88
"2019-08-12 12:43:12",88
"2019-08-12 13:43:19",88
"2019-08-12 14:43:08",89
"2019-08-12 15:43:09",89
"2019-08-12 16:43:18",89
"2019-08-12 17:43:08",89
"2019-08-12 18:43:06",89
"2019-08-12 19:43:06",89
"2019-08-12 20:43:08",89
"2019-08-12 21:43:06",89
"2019-08-12 22:43:07",89
"2019-08-12 23:43:08",89
"2019-08-13 00:43:06",89
"2019-08-13 01:43:08",89
"2019-08-13 02:43:12",89
"2019-08-13 03:43:08",89
"2019-08-13 04:43:05",89
"2019-08-13 05:43:10",89
"2019-08-13 06:43:07",89
"2019-08-13 07:43:07",89
"2019-08-13 08:43:05",89
"2019-08-13 09:43:08",89
"2019-08-13 10:43:10",89
"2019-08-13 11:43:09",89
"2019-08-13 12:43:10",89
"2019-08-13 13:43:09",89
"2019-08-13 14:43:08",87
"2019-08-13 15:43:12",88
"2019-08-13 16:43:10",88
"2019-08-13 17:43:08",87
"2019-08-13 18:43:08",88
"2019-08-13 19:43:08",88
"2019-08-13 20:43:07",88
"2019-08-13 21:43:10",88
"2019-08-13 22:43:16",88
"2019-08-13 23:43:08",88
"2019-08-14 00:43:11",88
"2019-08-14 01:43:09",88
"2019-08-14 02:43:10",88
"2019-08-14 03:43:07",88
"2019-08-14 04:43:06",88
"2019-08-14 05:43:24",88
"2019-08-14 06:43:08",88
"2019-08-14 07:43:07",88
"2019-08-14 08:43:06",88
"2019-08-14 09:43:10",88
"2019-08-14 10:43:04",88
"2019-08-14 11:43:06",88
"2019-08-14 13:06:15",88
"2019-08-14 13:43:10",88
"2019-08-14 14:43:11",88
"2019-08-14 15:43:11",88
"2019-08-14 16:43:09",87
"2019-08-14 17:43:07",86
"2019-08-14 18:43:10",86
"2019-08-14 19:43:11",86
"2019-08-14 20:43:08",86
"2019-08-14 21:43:15",86
"2019-08-14 22:43:08",86
"2019-08-14 23:43:07",86
"2019-08-15 00:43:08",86
"2019-08-15 01:43:09",86
"2019-08-15 02:43:11",86
"2019-08-15 03:43:09",86
"2019-08-15 04:43:09",86
"2019-08-15 05:43:12",86
"2019-08-15 06:43:06",86
"2019-08-15 07:43:06",86
"2019-08-15 08:43:21",86
"2019-08-15 09:43:07",86
"2019-08-15 10:43:06",86
"2019-08-15 11:43:06",86
"2019-08-15 13:06:13",86
"2019-08-15 13:43:15",86
"2019-08-15 14:43:09",86
"2019-08-15 15:43:06",86
"2019-08-15 16:43:25",86
"2019-08-15 17:43:05",86
"2019-08-15 18:43:08",86
"2019-08-15 19:43:07",86
"2019-08-15 20:43:08",86
"2019-08-15 21:43:06",86
"2019-08-15 22:43:05",86
"2019-08-15 23:43:12",86
"2019-08-16 00:43:11",86
"2019-08-16 01:43:20",86
"2019-08-16 02:43:09",86
"2019-08-16 03:43:09",86
"2019-08-16 04:43:05",86
"2019-08-16 05:43:23",86
"2019-08-16 06:43:06",86
"2019-08-16 07:43:07",86
"2019-08-16 08:43:07",86
"2019-08-16 09:43:06",86
"2019-08-16 10:43:05",86
"2019-08-16 11:43:05",86
"2019-08-16 12:43:07",86
"2019-08-16 13:43:10",86
"2019-08-16 14:43:07",86
"2019-08-16 15:43:09",86
"2019-08-16 16:43:16",86
"2019-08-16 18:43:53",86
"2019-08-16 19:43:10",86
"2019-08-16 20:43:13",86
"2019-08-16 21:43:10",86
"2019-08-16 22:43:12",86
"2019-08-16 23:43:11",86
"2019-08-17 00:43:11",86
"2019-08-17 01:43:15",86
"2019-08-17 02:43:25",86
"2019-08-17 03:43:11",86
"2019-08-17 04:43:12",86
"2019-08-17 05:43:11",86
"2019-08-17 06:43:10",86
"2019-08-17 07:43:10",86
"2019-08-17 08:43:11",86
"2019-08-17 09:43:10",86
"2019-08-17 10:43:09",86
"2019-08-17 11:43:09",86
"2019-08-17 12:43:08",86
"2019-08-17 13:43:11",86
"2019-08-17 14:43:34",86
"2019-08-17 15:43:10",86
"2019-08-17 16:43:10",86
"2019-08-17 17:43:08",86
"2019-08-17 18:43:08",86
"2019-08-17 19:43:09",86
"2019-08-17 20:43:11",86
"2019-08-17 21:43:08",86
"2019-08-17 22:43:08",86
"2019-08-17 23:43:08",86
"2019-08-18 00:43:09",86
"2019-08-18 01:43:08",86
"2019-08-18 02:43:11",86
"2019-08-18 03:43:09",86
"2019-08-18 04:43:08",86
"2019-08-18 05:43:23",86
"2019-08-18 06:43:28",86
"2019-08-18 07:43:11",86
"2019-08-18 08:43:12",86
"2019-08-18 09:43:12",86
"2019-08-18 10:43:09",86
"2019-08-18 11:43:10",86
"2019-08-18 12:43:11",86
"2019-08-18 13:43:10",86
"2019-08-18 14:43:10",86
"2019-08-18 15:43:11",86
"2019-08-18 16:43:14",86
"2019-08-18 17:43:10",86
"2019-08-18 18:43:10",86
"2019-08-18 19:43:11",86
"2019-08-18 20:43:11",86
"2019-08-18 21:43:18",86
"2019-08-18 22:43:12",86
"2019-08-18 23:43:10",86
"2019-08-19 00:43:11",86
"2019-08-19 01:43:13",86
"2019-08-19 02:43:12",86
"2019-08-19 03:43:09",86
"2019-08-19 04:43:10",86
"2019-08-19 05:43:14",86
"2019-08-19 06:43:12",86
"2019-08-19 07:43:22",86
"2019-08-19 08:43:10",86
"2019-08-19 09:43:17",86
"2019-08-19 10:43:11",86
"2019-08-19 11:43:10",86
"2019-08-19 12:43:15",86
"2019-08-19 13:43:12",86
"2019-08-19 14:43:07",86
"2019-08-19 15:43:08",86
"2019-08-19 16:43:07",86
"2019-08-19 17:43:07",86
"2019-08-19 18:43:09",86
"2019-08-19 19:43:08",86
"2019-08-19 20:43:07",87
"2019-08-19 21:43:08",87
"2019-08-19 22:43:06",87
"2019-08-19 23:43:08",87
"2019-08-20 00:43:10",87
"2019-08-20 01:43:07",87
"2019-08-20 02:43:11",87
"2019-08-20 03:43:07",87
"2019-08-20 04:43:07",87
"2019-08-20 05:43:20",87
"2019-08-20 06:43:12",87
"2019-08-20 07:43:06",87
"2019-08-20 08:43:07",87
"2019-08-20 09:43:07",87
"2019-08-20 10:43:28",87
"2019-08-20 11:43:06",87
"2019-08-20 13:05:13",87
"2019-08-20 13:43:16",87
"2019-08-20 14:43:08",87
"2019-08-20 15:43:07",86
"2019-08-20 16:43:09",86
"2019-08-20 17:43:09",86
"2019-08-20 18:43:09",86
"2019-08-20 19:43:08",86
"2019-08-20 20:43:09",86
"2019-08-20 21:43:11",86
"2019-08-20 22:43:09",86
"2019-08-20 23:43:08",86
"2019-08-21 00:43:09",86
"2019-08-21 01:43:11",86
"2019-08-21 02:43:14",86
"2019-08-21 03:43:13",86
"2019-08-21 04:43:09",86
"2019-08-21 05:43:11",86
"2019-08-21 06:43:15",86
"2019-08-21 07:43:09",86
"2019-08-21 08:43:09",86
"2019-08-21 09:43:09",86
"2019-08-21 10:43:07",86
"2019-08-21 11:43:08",86
"2019-08-21 12:43:08",86
"2019-08-21 13:43:11",86
"2019-08-21 14:43:10",86
"2019-08-21 15:43:12",86
"2019-08-21 16:43:24",86
"2019-08-21 17:43:09",86
"2019-08-21 18:43:10",86
"2019-08-21 19:43:10",86
"2019-08-21 20:43:10",86
"2019-08-21 21:43:11",86
"2019-08-21 22:43:12",86
"2019-08-21 23:43:10",86
"2019-08-22 00:43:12",86
"2019-08-22 01:43:09",86
"2019-08-22 02:43:13",86
"2019-08-22 03:43:09",86
"2019-08-22 04:43:08",86
"2019-08-22 05:43:11",86
"2019-08-22 06:43:09",86
"2019-08-22 07:43:10",86
"2019-08-22 08:43:10",86
"2019-08-22 09:43:09",86
"2019-08-22 10:43:10",86
"2019-08-22 11:43:11",86
"2019-08-22 12:43:10",86
"2019-08-22 13:43:11",86
"2019-08-22 14:43:14",86
"2019-08-22 15:43:13",86
"2019-08-22 16:43:17",86
"2019-08-22 17:43:13",86
"2019-08-22 18:43:13",86
"2019-08-22 19:43:12",86
"2019-08-22 20:43:13",86
"2019-08-22 21:43:14",86
"2019-08-22 22:43:12",86
"2019-08-22 23:43:12",86
"2019-08-23 00:43:15",86
"2019-08-23 01:43:16",86
"2019-08-23 02:43:17",86
"2019-08-23 03:43:11",86
"2019-08-23 04:43:10",86
"2019-08-23 05:43:12",86
"2019-08-23 06:43:11",86
"2019-08-23 07:43:10",86
"2019-08-23 08:43:12",86
"2019-08-23 09:43:09",86
"2019-08-23 10:43:15",86
"2019-08-23 11:43:09",86
"2019-08-23 12:43:14",86
"2019-08-23 13:43:14",86
"2019-08-23 14:43:12",86
"2019-08-23 15:43:13",86
"2019-08-23 16:43:14",86
"2019-08-23 17:43:10",86
"2019-08-23 18:43:13",86
"2019-08-23 19:43:12",86
"2019-08-23 20:43:09",86
"2019-08-23 21:43:11",86
"2019-08-23 22:43:50",86
"2019-08-23 23:43:10",86
"2019-08-24 00:43:10",86
"2019-08-24 01:43:09",86
"2019-08-24 02:43:30",86
"2019-08-24 03:43:09",86
"2019-08-24 04:43:07",86
"2019-08-24 05:43:12",86
"2019-08-24 06:43:12",86
"2019-08-24 07:43:14",86
"2019-08-24 08:43:12",86
"2019-08-24 09:43:11",86
"2019-08-24 10:43:10",86
"2019-08-24 11:43:09",86
"2019-08-24 12:43:12",86
"2019-08-24 13:43:09",86
"2019-08-24 14:43:10",86
"2019-08-24 15:43:11",86
"2019-08-24 16:43:20",86
"2019-08-24 17:43:10",86
"2019-08-24 18:43:14",86
"2019-08-24 19:43:10",86
"2019-08-24 20:43:10",86
"2019-08-24 21:43:10",86
"2019-08-24 22:43:11",86
"2019-08-24 23:43:10",86
"2019-08-25 00:43:08",86
"2019-08-25 01:43:13",86
"2019-08-25 02:43:22",86
"2019-08-25 03:43:09",86
"2019-08-25 04:43:09",86
"2019-08-25 05:43:09",86
"2019-08-25 06:43:10",86
"2019-08-25 07:43:10",86
"2019-08-25 08:43:12",86
"2019-08-25 09:43:08",86
"2019-08-25 10:43:10",86
"2019-08-25 11:43:12",86
"2019-08-25 12:43:10",86
"2019-08-25 13:43:09",86
"2019-08-25 14:43:10",86
"2019-08-25 15:43:12",86
"2019-08-25 16:43:15",86
"2019-08-25 17:43:08",86
"2019-08-25 18:43:08",86
"2019-08-25 19:43:11",86
"2019-08-25 20:43:10",86
"2019-08-25 21:43:11",86
"2019-08-25 22:43:09",86
"2019-08-25 23:43:11",86
"2019-08-26 00:43:09",86
"2019-08-26 01:43:08",86
"2019-08-26 02:43:14",86
"2019-08-26 03:43:08",86
"2019-08-26 04:43:10",86
"2019-08-26 05:43:13",86
"2019-08-26 06:43:09",86
"2019-08-26 07:43:11",86
"2019-08-26 08:43:09",86
"2019-08-26 09:43:09",86
"2019-08-26 10:43:11",86
"2019-08-26 11:43:08",86
"2019-08-26 12:43:12",86
"2019-08-26 13:43:10",86
"2019-08-26 14:43:10",86
"2019-08-26 15:43:12",86
"2019-08-26 16:43:18",86
"2019-08-26 17:43:09",86
"2019-08-26 18:43:09",86
"2019-08-26 19:43:13",86
"2019-08-26 20:43:11",86
"2019-08-26 21:43:11",86
"2019-08-26 22:43:09",86
"2019-08-26 23:43:09",86
"2019-08-27 00:43:11",86
"2019-08-27 01:43:10",86
"2019-08-27 02:43:15",86
"2019-08-27 03:43:10",86
"2019-08-27 04:43:10",86
"2019-08-27 05:43:14",86
"2019-08-27 06:43:14",86
"2019-08-27 07:43:09",86
"2019-08-27 08:43:13",86
"2019-08-27 09:43:09",86
"2019-08-27 10:43:08",86
"2019-08-27 11:43:14",86
"2019-08-27 12:43:13",86
"2019-08-27 13:43:26",86
"2019-08-27 14:43:10",85
"2019-08-27 15:43:13",85
"2019-08-27 16:43:14",85
"2019-08-27 17:43:09",85
"2019-08-27 18:43:10",85
"2019-08-27 19:43:12",85
"2019-08-27 20:43:10",85
"2019-08-27 21:43:12",85
"2019-08-27 22:43:11",85
"2019-08-27 23:43:13",85
"2019-08-28 00:43:15",85
"2019-08-28 01:43:12",85
"2019-08-28 02:43:18",85
"2019-08-28 03:43:19",85
"2019-08-28 04:43:12",85
"2019-08-28 05:43:13",85
"2019-08-28 06:43:14",85
"2019-08-28 07:43:15",85
"2019-08-28 08:43:09",85
"2019-08-28 09:43:13",85
"2019-08-28 10:43:12",85
"2019-08-28 11:43:15",85
"2019-08-28 12:43:11",85
"2019-08-28 13:43:10",85
"2019-08-28 14:43:08",86
"2019-08-28 15:43:09",86
"2019-08-28 16:43:23",86
"2019-08-28 17:43:09",86
"2019-08-28 18:43:10",86
"2019-08-28 19:43:10",86
"2019-08-28 20:43:11",86
"2019-08-28 21:43:10",86
"2019-08-28 22:43:10",86
"2019-08-28 23:43:13",86
"2019-08-29 00:43:08",86
"2019-08-29 01:43:11",86
"2019-08-29 02:43:12",86
"2019-08-29 03:43:09",86
"2019-08-29 04:43:09",86
"2019-08-29 05:43:22",86
"2019-08-29 06:43:07",86
"2019-08-29 07:43:11",86
"2019-08-29 08:43:10",86
"2019-08-29 09:43:11",86
"2019-08-29 10:43:07",86
"2019-08-29 11:43:07",86
"2019-08-29 12:43:11",86
"2019-08-29 13:43:10",86
"2019-08-29 14:43:08",86
"2019-08-29 15:43:09",86
"2019-08-29 16:43:14",86
"2019-08-29 17:43:08",86
"2019-08-29 18:43:08",86
"2019-08-29 19:43:05",86
"2019-08-29 20:43:08",86
"2019-08-29 21:43:08",86
"2019-08-29 22:43:06",86
"2019-08-29 23:43:08",86
"2019-08-30 00:43:11",86
"2019-08-30 01:43:13",86
"2019-08-30 02:43:09",86
"2019-08-30 03:43:10",86
"2019-08-30 04:43:09",86
"2019-08-30 05:43:18",86
"2019-08-30 06:43:06",86
"2019-08-30 07:43:06",86
"2019-08-30 08:43:06",86
"2019-08-30 09:43:07",86
"2019-08-30 10:43:06",86
"2019-08-30 11:43:05",86
"2019-08-30 12:43:08",86
"2019-08-30 13:43:07",86
"2019-08-30 14:43:07",85
"2019-08-30 15:43:07",85
"2019-08-30 16:43:09",85
"2019-08-30 17:43:08",85
"2019-08-30 18:43:06",85
"2019-08-30 19:43:05",85
"2019-08-30 20:43:22",85
"2019-08-30 21:43:17",85
"2019-08-30 22:43:19",85
"2019-08-30 23:43:17",85
"2019-08-31 00:43:17",85
"2019-08-31 01:43:20",85
"2019-08-31 02:43:17",85
"2019-08-31 03:43:18",85
"2019-08-31 04:43:17",85
"2019-08-31 23:43:34",85
"2019-09-01 00:43:21",85
"2019-09-01 01:43:17",85
"2019-09-01 02:43:19",85
"2019-09-01 03:43:18",85
"2019-09-01 04:43:17",85
"2019-09-01 05:43:18",85
"2019-09-01 06:43:17",85
"2019-09-01 07:43:15",85
"2019-09-01 08:43:18",85
"2019-09-01 09:43:16",85
"2019-09-01 10:43:17",85
"2019-09-01 11:43:16",85
"2019-09-01 12:43:19",85
"2019-09-01 13:43:17",85
"2019-09-01 14:43:17",85
"2019-09-01 15:43:17",85
"2019-09-01 16:43:23",85
"2019-09-01 17:43:21",85
"2019-09-01 18:43:17",85
"2019-09-01 19:43:16",85
"2019-09-01 20:43:17",85
"2019-09-01 21:43:17",85
"2019-09-01 22:43:18",85
"2019-09-01 23:43:18",85
"2019-09-02 00:43:16",85
"2019-09-02 01:43:15",85
"2019-09-02 02:43:16",85
"2019-09-02 03:43:18",85
"2019-09-02 04:43:19",85
"2019-09-02 05:43:27",85
"2019-09-02 06:43:19",85
"2019-09-02 07:43:20",85
"2019-09-02 08:43:18",85
"2019-09-02 09:43:20",85
"2019-09-02 10:43:24",85
"2019-09-02 11:43:18",85
"2019-09-02 12:43:16",85
"2019-09-02 13:43:18",85
"2019-09-02 14:43:17",85
"2019-09-02 15:43:17",85
"2019-09-02 16:43:28",85
"2019-09-02 17:43:17",85
"2019-09-02 18:43:19",85
"2019-09-02 19:43:18",85
"2019-09-02 20:43:17",85
"2019-09-02 21:43:18",85
"2019-09-02 22:43:18",85
"2019-09-02 23:43:19",85
"2019-09-03 00:43:17",85
"2019-09-03 01:43:20",85
"2019-09-03 02:43:21",85
"2019-09-03 03:43:17",85
"2019-09-03 04:43:16",85
"2019-09-03 05:43:25",85
"2019-09-03 06:43:20",85
"2019-09-03 07:43:17",85
"2019-09-03 08:43:24",85
"2019-09-03 09:43:17",85
"2019-09-03 10:43:22",85
"2019-09-03 11:43:16",85
"2019-09-03 13:07:26",85
"2019-09-03 13:43:24",85
"2019-09-03 14:43:19",86
"2019-09-03 15:43:19",86
"2019-09-03 16:43:22",86
"2019-09-03 17:43:19",86
"2019-09-03 18:43:17",86
"2019-09-03 19:43:16",86
"2019-09-03 20:43:18",86
"2019-09-03 21:43:17",86
"2019-09-03 22:43:23",86
"2019-09-03 23:43:18",86
"2019-09-04 00:43:20",86
"2019-09-04 01:43:19",86
"2019-09-04 02:43:18",86
"2019-09-04 03:43:17",86
"2019-09-04 04:43:16",86
"2019-09-04 05:43:27",86
"2019-09-04 06:43:19",86
"2019-09-04 07:43:18",86
"2019-09-04 08:43:17",86
"2019-09-04 09:43:19",86
"2019-09-04 10:43:18",86
"2019-09-04 11:43:17",86
"2019-09-04 13:06:25",86
"2019-09-04 13:43:18",86
"2019-09-04 14:43:18",85
"2019-09-04 15:43:18",85
"2019-09-04 16:43:26",85
"2019-09-04 17:43:17",85
"2019-09-04 18:43:19",85
"2019-09-04 19:43:18",85
"2019-09-04 20:43:18",85
"2019-09-04 21:43:16",85
"2019-09-04 22:43:17",85
"2019-09-04 23:43:20",85
"2019-09-05 01:43:18",85
"2019-09-05 02:43:23",85
"2019-09-05 03:43:16",85
"2019-09-05 04:43:18",85
"2019-09-05 05:43:27",85
"2019-09-05 06:43:16",85
"2019-09-05 07:43:21",85
"2019-09-05 08:43:18",85
"2019-09-05 09:43:16",85
"2019-09-05 10:43:23",85
"2019-09-05 11:43:17",85
"2019-09-05 13:07:21",85
"2019-09-05 13:43:18",85
"2019-09-05 14:43:21",85
"2019-09-05 15:43:18",85
"2019-09-05 16:43:30",85
"2019-09-05 17:43:19",85
"2019-09-05 18:43:17",85
"2019-09-05 19:43:17",86
"2019-09-05 20:43:19",86
"2019-09-05 21:43:17",86
"2019-09-05 22:43:19",86
"2019-09-05 23:43:20",86
"2019-09-06 00:43:19",86
"2019-09-06 01:43:19",86
"2019-09-06 02:43:17",86
"2019-09-06 03:43:15",86
"2019-09-06 04:43:17",86
"2019-09-06 05:43:29",86
"2019-09-06 06:43:18",86
"2019-09-06 07:43:20",86
"2019-09-06 08:43:17",86
"2019-09-06 09:43:18",86
"2019-09-06 10:43:18",86
"2019-09-06 11:43:30",86
"2019-09-06 13:06:22",86
"2019-09-06 13:43:19",86
"2019-09-06 14:43:16",86
"2019-09-06 15:43:16",86
"2019-09-06 16:43:28",87
"2019-09-06 17:43:18",87
"2019-09-06 18:43:20",87
"2019-09-06 19:43:17",87
"2019-09-06 20:43:18",87
"2019-09-06 21:43:18",87
"2019-09-06 22:43:18",87
"2019-09-06 23:43:17",87
"2019-09-07 00:43:17",87
"2019-09-07 01:43:19",87
"2019-09-07 02:43:19",87
"2019-09-07 03:43:19",87
"2019-09-07 04:43:18",87
"2019-09-07 05:43:41",87
"2019-09-07 06:43:18",87
"2019-09-07 07:43:16",87
"2019-09-07 08:43:16",87
"2019-09-07 09:43:17",87
"2019-09-07 10:43:19",87
"2019-09-07 11:43:17",87
"2019-09-07 12:43:16",87
"2019-09-07 13:43:19",87
"2019-09-07 14:43:19",87
"2019-09-07 15:43:18",87
"2019-09-07 16:43:18",87
"2019-09-07 17:43:18",87
"2019-09-07 18:43:17",87
"2019-09-07 19:43:16",87
"2019-09-07 20:43:17",87
"2019-09-07 22:43:15",87
"2019-09-07 23:43:19",87
"2019-09-08 00:43:18",87
"2019-09-08 01:43:20",87
"2019-09-08 02:43:23",87
"2019-09-08 03:43:19",87
"2019-09-08 04:43:17",87
"2019-09-08 05:43:23",87
"2019-09-08 06:43:18",87
"2019-09-08 07:43:16",87
"2019-09-08 08:43:18",87
"2019-09-08 09:43:16",87
"2019-09-08 10:43:20",87
"2019-09-08 11:43:17",87
"2019-09-08 12:43:17",87
"2019-09-08 13:43:19",87
"2019-09-08 14:43:18",87
"2019-09-08 15:43:17",87
"2019-09-08 16:43:24",87
"2019-09-08 17:43:18",87
"2019-09-08 18:43:17",87
"2019-09-08 19:43:23",87
"2019-09-08 20:43:20",87
"2019-09-08 21:43:18",87
"2019-09-08 22:43:16",87
"2019-09-08 23:43:17",87
"2019-09-09 00:43:17",87
"2019-09-09 01:43:18",87
"2019-09-09 02:43:18",87
"2019-09-09 03:43:18",87
"2019-09-09 04:43:17",87
"2019-09-09 05:43:30",87
"2019-09-09 06:43:17",87
"2019-09-09 07:43:17",87
"2019-09-09 08:43:17",87
"2019-09-09 09:43:15",87
"2019-09-09 10:43:17",87
"2019-09-09 11:43:18",87
"2019-09-09 13:06:23",87
"2019-09-09 13:43:21",87
"2019-09-09 14:43:25",87
"2019-09-09 15:43:19",87
"2019-09-09 16:43:31",87
"2019-09-09 17:43:17",87
"2019-09-09 18:43:18",87
"2019-09-09 19:43:17",87
"2019-09-09 20:43:17",87
"2019-09-09 21:43:17",87
"2019-09-09 22:43:16",87
"2019-09-09 23:43:17",87
"2019-09-10 00:43:18",87
"2019-09-10 01:43:18",87
"2019-09-10 02:43:21",87
"2019-09-10 03:43:19",87
"2019-09-10 04:43:18",87
"2019-09-10 05:43:22",87
"2019-09-10 06:43:18",87
"2019-09-10 07:43:16",87
"2019-09-10 08:43:19",87
"2019-09-10 09:43:28",87
"2019-09-10 10:43:18",87
"2019-09-10 11:43:16",87
"2019-09-10 12:43:19",87
"2019-09-10 13:43:18",87
"2019-09-10 14:43:17",87
"2019-09-10 15:43:17",87
"2019-09-10 16:43:23",87
"2019-09-10 17:43:17",87
"2019-09-10 18:43:18",87
"2019-09-10 19:43:24",87
"2019-09-10 20:43:16",87
"2019-09-10 21:43:18",87
"2019-09-10 22:43:16",87
"2019-09-10 23:43:18",87
"2019-09-11 00:43:17",87
"2019-09-11 01:43:17",87
"2019-09-11 02:43:16",87
"2019-09-11 03:43:16",87
"2019-09-11 04:43:16",87
"2019-09-11 05:43:25",87
"2019-09-11 06:43:19",87
"2019-09-11 07:43:15",87
"2019-09-11 08:43:16",87
"2019-09-11 09:43:20",87
"2019-09-11 10:43:28",87
"2019-09-11 11:43:23",87
"2019-09-11 12:43:17",87
"2019-09-11 13:43:21",87
"2019-09-11 14:43:17",87
"2019-09-11 15:43:17",87
"2019-09-11 16:43:19",87
"2019-09-11 17:43:16",87
"2019-09-11 18:43:17",87
"2019-09-11 19:43:18",87
"2019-09-11 20:43:17",87
"2019-09-11 21:43:23",87
"2019-09-11 22:43:17",87
"2019-09-11 23:43:16",87
"2019-09-12 00:43:18",87
"2019-09-12 01:43:17",87
"2019-09-12 02:43:24",87
"2019-09-12 03:43:17",87
"2019-09-12 04:43:16",87
"2019-09-12 05:43:28",87
"2019-09-12 06:43:18",87
"2019-09-12 07:43:17",87
"2019-09-12 08:43:16",87
"2019-09-12 09:43:16",87
"2019-09-12 10:43:29",87
"2019-09-12 11:43:19",87
"2019-09-12 13:07:24",87
"2019-09-12 13:43:19",87
"2019-09-12 14:43:22",87
"2019-09-12 15:43:19",87
"2019-09-12 16:43:19",87
"2019-09-12 17:43:17",87
"2019-09-12 18:43:17",87
"2019-09-12 19:43:17",87
"2019-09-12 20:43:15",87
"2019-09-12 21:43:15",87
"2019-09-12 22:43:17",87
"2019-09-12 23:43:17",87
"2019-09-13 00:43:16",87
"2019-09-13 01:43:19",87
"2019-09-13 02:43:17",87
"2019-09-13 03:43:17",87
"2019-09-13 04:43:16",87
"2019-09-13 05:43:17",87
"2019-09-13 06:43:18",87
"2019-09-13 07:43:16",87
"2019-09-13 08:43:17",87
"2019-09-13 09:43:16",87
"2019-09-13 10:43:17",87
"2019-09-13 11:43:16",87
"2019-09-13 13:07:19",87
"2019-09-13 14:08:21",88
"2019-09-13 14:43:17",88
"2019-09-13 15:43:17",88
"2019-09-13 16:43:17",88
"2019-09-13 17:43:16",88
"2019-09-13 18:43:16",88
"2019-09-13 19:43:17",88
"2019-09-13 20:43:13",88
"2019-09-13 21:43:19",88
"2019-09-13 22:43:14",88
"2019-09-13 23:43:16",88
"2019-09-14 00:43:19",88
"2019-09-14 01:43:13",88
"2019-09-14 02:43:16",88
"2019-09-14 03:43:17",88
"2019-09-14 04:43:14",88
"2019-09-14 05:43:16",88
"2019-09-14 06:43:16",88
"2019-09-14 07:43:15",88
"2019-09-14 08:43:15",88
"2019-09-14 09:43:14",88
"2019-09-14 10:43:16",88
"2019-09-14 11:43:12",88
"2019-09-14 12:43:16",88
"2019-09-14 13:43:13",88
"2019-09-14 14:43:16",88
"2019-09-14 15:43:13",88
"2019-09-14 16:43:17",88
"2019-09-14 17:43:16",88
"2019-09-14 18:43:13",88
"2019-09-14 19:43:14",88
"2019-09-14 20:43:13",88
"2019-09-14 21:43:17",88
"2019-09-14 22:43:15",88
"2019-09-14 23:43:16",88
"2019-09-15 00:43:16",88
"2019-09-15 01:43:13",88
"2019-09-15 02:43:18",88
"2019-09-15 03:43:17",88
"2019-09-15 04:43:16",88
"2019-09-15 05:43:14",88
"2019-09-15 06:43:19",88
"2019-09-15 07:43:17",88
"2019-09-15 08:43:17",88
"2019-09-15 09:43:15",88
"2019-09-15 10:43:15",88
"2019-09-15 11:43:16",88
"2019-09-15 12:43:17",88
"2019-09-15 13:43:17",88
"2019-09-15 14:43:15",88
"2019-09-15 15:43:14",88
"2019-09-15 16:43:17",88
"2019-09-15 17:43:12",88
"2019-09-15 18:43:14",88
"2019-09-15 19:43:15",88
"2019-09-15 20:43:14",88
"2019-09-15 21:43:17",88
"2019-09-15 22:43:14",88
"2019-09-15 23:43:14",88
"2019-09-16 00:43:17",88
"2019-09-16 01:43:15",88
"2019-09-16 02:43:17",88
"2019-09-16 03:43:18",88
"2019-09-16 04:43:14",88
"2019-09-16 05:43:17",88
"2019-09-16 06:43:17",88
"2019-09-16 07:43:14",88
"2019-09-16 08:43:16",88
"2019-09-16 09:43:16",88
"2019-09-16 10:43:15",88
"2019-09-16 11:43:13",88
"2019-09-16 13:06:52",88
"2019-09-16 13:43:18",88
"2019-09-16 14:43:21",88
"2019-09-16 15:43:19",88
"2019-09-16 16:43:21",88
"2019-09-16 17:43:17",88
"2019-09-16 18:43:19",88
"2019-09-16 19:43:25",88
"2019-09-16 20:43:22",88
"2019-09-16 21:43:20",88
"2019-09-16 22:43:21",88
"2019-09-16 23:43:20",88
"2019-09-17 00:43:20",88
"2019-09-17 01:43:17",88
"2019-09-17 02:43:19",88
"2019-09-17 03:43:21",88
"2019-09-17 04:43:17",88
"2019-09-17 05:43:17",88
"2019-09-17 06:43:15",88
"2019-09-17 07:43:18",88
"2019-09-17 08:43:16",88
"2019-09-17 09:43:20",88
"2019-09-17 10:43:19",88
"2019-09-17 11:43:17",88
"2019-09-17 12:43:18",88
"2019-09-17 13:43:21",88
"2019-09-17 14:43:19",88
"2019-09-17 15:43:19",88
"2019-09-17 16:43:21",88
"2019-09-17 17:43:17",88
"2019-09-17 18:43:18",88
"2019-09-17 19:43:18",88
"2019-09-17 20:43:18",87
"2019-09-17 21:43:18",87
"2019-09-17 22:43:20",87
"2019-09-17 23:43:18",87
"2019-09-18 00:43:18",87
"2019-09-18 01:43:18",87
"2019-09-18 02:43:16",87
"2019-09-18 03:43:17",87
"2019-09-18 04:43:25",87
"2019-09-18 05:43:18",87
"2019-09-18 06:43:20",87
"2019-09-18 07:43:17",87
"2019-09-18 08:43:19",87
"2019-09-18 09:43:19",87
"2019-09-18 10:43:18",87
"2019-09-18 11:43:17",87
"2019-09-18 13:38:27",87
"2019-09-18 13:45:42",87
"2019-09-18 14:43:19",87
"2019-09-18 15:43:21",87
"2019-09-18 16:43:22",87
"2019-09-18 17:43:17",87
"2019-09-18 18:43:16",87
"2019-09-18 19:43:20",87
"2019-09-18 20:43:18",87
"2019-09-18 21:43:17",87
"2019-09-18 22:43:19",87
"2019-09-18 23:43:21",87
"2019-09-19 00:43:15",87
"2019-09-19 01:43:18",87
"2019-09-19 02:43:21",87
"2019-09-19 03:43:19",87
"2019-09-19 04:43:15",87
"2019-09-19 05:43:18",87
"2019-09-19 06:43:19",87
"2019-09-19 07:43:14",87
"2019-09-19 08:43:17",87
"2019-09-19 09:43:16",87
"2019-09-19 10:43:17",87
"2019-09-19 11:43:14",87
"2019-09-19 13:06:53",87
"2019-09-19 13:43:21",87
"2019-09-19 14:43:17",87
"2019-09-19 15:43:19",87
"2019-09-19 16:43:23",87
"2019-09-19 17:43:19",87
"2019-09-19 18:43:19",87
"2019-09-19 19:43:15",87
"2019-09-19 20:43:21",87
"2019-09-19 21:43:16",87
"2019-09-19 22:43:20",87
"2019-09-19 23:43:17",87
"2019-09-20 00:43:21",87
"2019-09-20 01:43:24",87
"2019-09-20 02:43:16",87
"2019-09-20 03:43:19",87
"2019-09-20 04:43:18",87
"2019-09-20 05:43:20",87
"2019-09-20 06:43:18",87
"2019-09-20 07:43:17",87
"2019-09-20 08:43:20",87
"2019-09-20 09:43:16",87
"2019-09-20 10:43:16",87
"2019-09-20 11:43:19",87
"2019-09-20 12:43:20",87
"2019-09-20 13:43:14",87
"2019-09-20 14:43:18",87
"2019-09-20 15:43:19",87
"2019-09-20 16:43:18",87
"2019-09-20 17:43:22",87
"2019-09-20 18:43:16",87
"2019-09-20 19:43:20",87
"2019-09-20 20:43:14",87
"2019-09-20 21:43:16",88
"2019-09-20 22:43:19",88
"2019-09-20 23:43:14",88
"2019-09-21 00:43:14",88
"2019-09-21 01:43:15",88
"2019-09-21 02:43:17",88
"2019-09-21 03:43:19",88
"2019-09-21 04:43:14",88
"2019-09-21 05:43:18",88
"2019-09-21 06:43:18",88
"2019-09-21 07:43:14",88
"2019-09-21 08:43:15",88
"2019-09-21 09:43:17",88
"2019-09-21 10:43:14",88
"2019-09-21 11:43:16",88
"2019-09-21 12:43:18",88
"2019-09-21 13:43:18",88
"2019-09-21 14:43:16",88
"2019-09-21 15:43:14",88
"2019-09-21 16:43:18",88
"2019-09-21 17:43:16",88
"2019-09-21 18:43:15",88
"2019-09-21 19:43:16",88
"2019-09-21 20:43:15",88
"2019-09-21 21:43:15",88
"2019-09-21 22:43:15",88
"2019-09-21 23:43:17",88
"2019-09-22 00:43:14",88
"2019-09-22 01:43:16",88
"2019-09-22 02:43:17",88
"2019-09-22 03:43:15",88
"2019-09-22 04:43:17",88
"2019-09-22 05:43:15",88
"2019-09-22 06:43:18",88
"2019-09-22 07:43:18",88
"2019-09-22 08:43:15",88
"2019-09-22 09:43:17",88
"2019-09-22 10:43:15",88
"2019-09-22 11:43:14",88
"2019-09-22 12:43:16",88
"2019-09-22 13:43:15",88
"2019-09-22 14:43:18",88
"2019-09-22 15:43:14",88
"2019-09-22 16:43:18",88
"2019-09-22 17:43:15",88
"2019-09-22 18:43:15",88
"2019-09-22 19:43:18",88
"2019-09-22 20:43:15",88
"2019-09-22 21:43:16",88
"2019-09-22 22:43:14",88
"2019-09-22 23:43:15",88
"2019-09-23 00:43:18",88
"2019-09-23 01:43:15",88
"2019-09-23 02:43:14",88
"2019-09-23 03:43:17",88
"2019-09-23 04:43:15",88
"2019-09-23 05:43:14",88
"2019-09-23 06:43:17",88
"2019-09-23 07:43:15",88
"2019-09-23 08:43:17",88
"2019-09-23 09:43:16",88
"2019-09-23 10:43:16",88
"2019-09-23 11:43:19",88
"2019-09-23 12:43:18",88
"2019-09-23 13:43:15",88
"2019-09-23 14:43:18",88
"2019-09-23 15:43:15",88
"2019-09-23 16:43:18",88
"2019-09-23 17:43:15",88
"2019-09-23 18:43:19",88
"2019-09-23 19:43:15",88
"2019-09-23 20:43:16",88
"2019-09-23 21:43:16",88
"2019-09-23 22:43:18",88
"2019-09-23 23:43:14",88
"2019-09-24 00:43:17",88
"2019-09-24 01:43:15",88
"2019-09-24 03:43:18",88
"2019-09-24 04:43:16",88
"2019-09-24 05:43:21",88
"2019-09-24 06:43:16",88
"2019-09-24 07:43:16",88
"2019-09-24 08:43:17",88
"2019-09-24 09:43:14",88
"2019-09-24 10:43:16",88
"2019-09-24 11:43:18",88
"2019-09-24 12:43:18",88
"2019-09-24 13:43:16",88
"2019-09-24 14:43:17",89
"2019-09-24 15:43:19",89
"2019-09-24 16:43:17",89
"2019-09-24 17:43:17",89
"2019-09-24 18:43:18",89
"2019-09-24 19:43:15",89
"2019-09-24 20:43:16",89
"2019-09-24 21:43:19",89
"2019-09-24 22:43:15",89
"2019-09-24 23:43:14",89
"2019-09-25 00:43:17",89
"2019-09-25 01:43:20",89
"2019-09-25 02:43:14",89
"2019-09-25 03:43:20",89
"2019-09-25 04:43:18",89
"2019-09-25 05:43:15",89
"2019-09-25 06:43:17",89
"2019-09-25 07:43:20",89
"2019-09-25 08:43:17",89
"2019-09-25 09:43:18",89
"2019-09-25 10:43:18",89
"2019-09-25 11:43:16",89
"2019-09-25 12:43:19",89
"2019-09-25 13:43:20",89
"2019-09-25 14:43:20",89
"2019-09-25 15:43:20",88
"2019-09-25 16:43:18",88
"2019-09-25 17:43:18",88
"2019-09-25 18:43:18",88
"2019-09-25 19:43:20",88
"2019-09-25 20:43:15",88
"2019-09-25 21:43:17",88
"2019-09-25 22:43:16",88
"2019-09-25 23:43:19",88
"2019-09-26 00:43:16",88
"2019-09-26 01:43:16",88
"2019-09-26 02:43:19",88
"2019-09-26 03:43:17",88
"2019-09-26 04:43:21",88
"2019-09-26 05:43:18",88
"2019-09-26 06:43:18",88
"2019-09-26 07:43:15",88
"2019-09-26 08:43:18",88
"2019-09-26 09:43:17",88
"2019-09-26 10:43:15",88
"2019-09-26 11:43:15",88
"2019-09-26 13:06:23",88
"2019-09-26 13:43:23",88
"2019-09-26 14:43:18",87
"2019-09-26 15:43:20",87
"2019-09-26 16:43:20",87
"2019-09-26 17:43:20",87
"2019-09-26 18:43:22",87
"2019-09-26 19:43:18",88
"2019-09-26 20:43:16",89
"2019-09-26 21:43:20",89
"2019-09-26 22:43:19",89
"2019-09-26 23:43:18",89
"2019-09-27 00:43:18",89
"2019-09-27 01:43:14",89
"2019-09-27 02:43:25",89
"2019-09-27 03:43:18",89
"2019-09-27 04:43:16",89
"2019-09-27 05:43:18",89
"2019-09-27 06:43:18",89
"2019-09-27 07:43:21",89
"2019-09-27 08:43:17",89
"2019-09-27 09:43:16",89
"2019-09-27 10:43:19",89
"2019-09-27 11:43:16",89
"2019-09-27 13:07:23",89
"2019-09-27 13:43:21",89
"2019-09-27 14:43:19",89
"2019-09-27 15:43:19",90
"2019-09-27 16:43:19",90
"2019-09-27 17:43:18",90
"2019-09-27 18:43:14",90
"2019-09-27 19:43:19",90
"2019-09-27 20:43:14",90
"2019-09-27 21:43:15",90
"2019-09-27 22:43:20",90
"2019-09-27 23:43:17",90
"2019-09-28 00:43:16",90
"2019-09-28 01:43:19",90
"2019-09-28 02:43:17",90
"2019-09-28 03:43:18",90
"2019-09-28 04:43:17",90
"2019-09-28 05:43:20",90
"2019-09-28 06:43:14",90
"2019-09-28 07:43:19",90
"2019-09-28 08:43:16",90
"2019-09-28 09:43:17",90
"2019-09-28 10:43:14",90
"2019-09-28 11:43:17",90
"2019-09-28 12:43:18",90
"2019-09-28 13:43:20",90
"2019-09-28 14:43:15",90
"2019-09-28 15:43:14",90
"2019-09-28 16:43:19",90
"2019-09-28 17:43:18",90
"2019-09-28 18:43:14",90
"2019-09-28 19:43:15",90
"2019-09-28 20:43:18",90
"2019-09-28 21:43:15",90
"2019-09-28 22:43:17",90
"2019-09-28 23:43:15",90
"2019-09-29 00:43:15",90
"2019-09-29 01:43:18",90
"2019-09-29 02:43:18",90
"2019-09-29 03:43:18",90
"2019-09-29 04:43:16",90
"2019-09-29 05:43:18",90
"2019-09-29 06:43:14",90
"2019-09-29 07:43:17",90
"2019-09-29 08:43:15",90
"2019-09-29 09:43:17",90
"2019-09-29 10:43:15",90
"2019-09-29 11:43:17",90
"2019-09-29 12:43:16",90
"2019-09-29 13:43:15",90
"2019-09-29 14:43:17",90
"2019-09-29 15:43:14",90
"2019-09-29 16:43:17",90
"2019-09-29 17:43:21",90
"2019-09-29 18:43:15",90
"2019-09-29 19:43:21",90
"2019-09-29 20:43:19",90
"2019-09-29 21:43:15",90
"2019-09-29 22:43:16",90
"2019-09-29 23:43:19",90
"2019-09-30 00:43:13",90
"2019-09-30 01:43:18",90
"2019-09-30 02:43:15",90
"2019-09-30 03:43:18",90
"2019-09-30 04:43:16",90
"2019-09-30 05:43:17",90
"2019-09-30 06:43:15",90
"2019-09-30 07:43:19",90
"2019-09-30 08:43:17",90
"2019-09-30 09:43:17",90
"2019-09-30 10:43:14",90
"2019-09-30 11:43:15",90
"2019-09-30 12:43:19",90
"2019-09-30 13:43:16",90
"2019-09-30 14:43:21",90
"2019-09-30 15:43:18",91
"2019-09-30 16:43:24",91
"2019-09-30 17:43:18",91
"2019-09-30 18:43:21",91
"2019-09-30 19:43:17",91
"2019-09-30 20:43:15",91
"2019-09-30 21:43:17",91
"2019-09-30 22:43:15",91
"2019-09-30 23:43:18",91
"2019-10-01 00:43:17",91
"2019-10-01 01:43:15",91
"2019-10-01 02:43:17",91
"2019-10-01 03:43:18",91
"2019-10-01 04:43:14",91
"2019-10-01 05:43:15",91
"2019-10-01 06:43:16",91
"2019-10-01 07:43:19",91
"2019-10-01 08:43:15",91
"2019-10-01 09:43:21",91
"2019-10-01 10:43:16",91
"2019-10-01 11:43:16",91
"2019-10-01 13:06:21",91
"2019-10-01 13:43:19",91
"2019-10-01 14:43:16",90
"2019-10-01 15:43:17",89
"2019-10-01 16:43:20",89
"2019-10-01 17:43:15",89
"2019-10-01 18:43:18",89
"2019-10-01 19:43:18",89
"2019-10-01 20:43:15",89
"2019-10-01 21:43:16",89
"2019-10-01 22:43:18",89
"2019-10-01 23:43:16",89
"2019-10-02 00:43:29",89
"2019-10-02 01:43:16",89
"2019-10-02 02:43:15",89
"2019-10-02 03:43:17",89
"2019-10-02 04:43:20",89
"2019-10-02 05:43:19",89
"2019-10-02 06:43:15",89
"2019-10-02 07:43:15",89
"2019-10-02 08:43:15",89
"2019-10-02 09:43:18",89
"2019-10-02 10:43:14",89
"2019-10-02 11:43:15",89
"2019-10-02 13:06:51",89
"2019-10-02 13:43:17",89
"2019-10-02 14:43:16",89
"2019-10-02 15:43:18",89
"2019-10-02 16:43:14",89
"2019-10-02 17:43:15",89
"2019-10-02 18:43:16",89
"2019-10-02 19:43:16",89
"2019-10-02 20:43:16",89
"2019-10-02 21:43:16",89
"2019-10-02 22:43:18",89
"2019-10-02 23:43:14",89
"2019-10-03 00:43:14",89
"2019-10-03 01:43:15",89
"2019-10-03 02:43:15",89
"2019-10-03 03:43:16",89
"2019-10-03 04:43:17",89
"2019-10-03 06:43:15",89
"2019-10-03 07:43:17",89
"2019-10-03 08:43:16",89
"2019-10-03 09:43:16",89
"2019-10-03 10:43:19",89
"2019-10-03 11:43:15",89
"2019-10-03 13:06:48",89
"2019-10-03 13:44:02",89
"2019-10-03 14:43:18",89
"2019-10-03 15:43:14",89
"2019-10-03 16:43:15",89
"2019-10-03 17:43:17",89
"2019-10-03 18:43:17",89
"2019-10-03 19:43:16",89
"2019-10-03 20:43:15",89
"2019-10-03 21:43:15",89
"2019-10-03 22:43:16",89
"2019-10-03 23:43:18",89
"2019-10-04 00:43:15",89
"2019-10-04 01:43:15",89
"2019-10-04 02:43:14",89
"2019-10-04 03:43:16",89
"2019-10-04 04:43:15",89
"2019-10-04 05:43:20",89
"2019-10-04 06:43:18",89
"2019-10-04 07:43:15",89
"2019-10-04 08:43:16",89
"2019-10-04 09:43:15",89
"2019-10-04 10:43:17",89
"2019-10-04 11:43:15",89
"2019-10-04 12:43:16",89
"2019-10-04 13:43:19",89
"2019-10-04 14:43:14",87
"2019-10-04 15:43:16",87
"2019-10-04 16:43:19",87
"2019-10-04 17:43:15",87
"2019-10-04 18:43:16",87
"2019-10-04 19:43:16",87
"2019-10-04 20:43:16",88
"2019-10-04 21:43:17",88
"2019-10-04 22:43:14",88
"2019-10-04 23:43:15",88
"2019-10-05 00:43:18",88
"2019-10-05 01:43:15",88
"2019-10-05 02:43:15",88
"2019-10-05 03:43:14",88
"2019-10-05 04:43:14",88
"2019-10-05 05:43:20",88
"2019-10-05 06:43:14",88
"2019-10-05 07:43:15",88
"2019-10-05 08:43:17",88
"2019-10-05 09:43:15",88
"2019-10-05 10:43:15",88
"2019-10-05 11:43:16",88
"2019-10-05 12:43:16",88
"2019-10-05 13:43:17",88
"2019-10-05 14:43:15",88
"2019-10-05 15:43:15",88
"2019-10-05 16:43:16",88
"2019-10-05 17:43:20",88
"2019-10-05 18:43:16",88
"2019-10-05 19:43:15",88
"2019-10-05 20:43:17",88
"2019-10-05 21:43:15",88
"2019-10-05 22:43:16",88
"2019-10-05 23:43:16",88
"2019-10-06 00:43:15",88
"2019-10-06 01:43:16",88
"2019-10-06 02:43:21",88
"2019-10-06 03:43:17",88
"2019-10-06 04:43:16",88
"2019-10-06 05:43:15",88
"2019-10-06 06:43:19",88
"2019-10-06 07:43:16",88
"2019-10-06 08:43:18",88
"2019-10-06 09:43:16",88
"2019-10-06 10:43:16",88
"2019-10-06 11:43:16",88
"2019-10-06 12:43:17",88
"2019-10-06 13:43:15",88
"2019-10-06 14:43:17",88
"2019-10-06 15:43:14",88
"2019-10-06 16:43:15",88
"2019-10-06 17:43:15",88
"2019-10-06 18:43:19",88
"2019-10-06 19:43:18",88
"2019-10-06 20:43:14",88
"2019-10-06 21:43:14",88
"2019-10-06 22:43:14",88
"2019-10-06 23:43:14",88
"2019-10-07 00:43:15",88
"2019-10-07 01:43:16",88
"2019-10-07 02:43:17",88
"2019-10-07 03:43:15",88
"2019-10-07 04:43:16",88
"2019-10-07 05:43:15",88
"2019-10-07 06:43:16",88
"2019-10-07 07:43:15",88
"2019-10-07 08:43:15",88
"2019-10-07 09:43:21",88
"2019-10-07 10:43:16",88
"2019-10-07 11:43:15",88
"2019-10-07 12:43:23",88
"2019-10-07 13:43:17",88
"2019-10-07 14:43:15",88
"2019-10-07 15:43:16",88
"2019-10-07 16:43:17",88
"2019-10-07 17:43:15",88
"2019-10-07 18:43:16",88
"2019-10-07 19:43:17",88
"2019-10-07 20:43:15",88
"2019-10-07 21:43:14",88
"2019-10-07 22:43:15",88
"2019-10-07 23:43:19",88
"2019-10-08 00:43:15",88
"2019-10-08 01:43:15",88
"2019-10-08 02:43:14",88
"2019-10-08 03:43:18",88
"2019-10-08 04:43:15",88
"2019-10-08 05:43:15",88
"2019-10-08 06:43:17",88
"2019-10-08 07:43:16",88
"2019-10-08 08:43:15",88
"2019-10-08 09:43:16",88
"2019-10-08 10:43:17",88
"2019-10-08 11:43:15",88
"2019-10-08 12:43:16",88
"2019-10-08 13:43:17",88
"2019-10-08 14:43:14",88
"2019-10-08 15:43:15",88
"2019-10-08 16:43:19",88
"2019-10-08 17:43:18",88
"2019-10-08 18:43:17",88
"2019-10-08 19:43:17",88
"2019-10-08 20:43:15",89
"2019-10-08 21:43:15",89
"2019-10-08 22:43:16",89
"2019-10-08 23:43:16",89
"2019-10-09 00:43:15",89
"2019-10-09 01:43:16",89
"2019-10-09 02:43:16",89
"2019-10-09 03:43:14",89
"2019-10-09 04:43:18",89
"2019-10-09 05:43:15",89
"2019-10-09 06:43:16",89
"2019-10-09 07:43:20",89
"2019-10-09 08:43:16",89
"2019-10-09 09:43:14",89
"2019-10-09 10:43:17",89
"2019-10-09 11:43:15",89
"2019-10-09 12:43:20",89
"2019-10-09 13:43:16",89
"2019-10-09 14:43:16",89
"2019-10-09 15:43:21",89
"2019-10-09 16:43:17",89
"2019-10-09 17:43:23",89
"2019-10-09 18:43:19",89
"2019-10-09 19:43:20",89
"2019-10-09 20:43:16",89
"2019-10-09 21:43:15",89
"2019-10-09 22:43:16",89
"2019-10-09 23:43:16",89
"2019-10-10 00:43:18",89
"2019-10-10 01:43:15",89
"2019-10-10 02:43:18",89
"2019-10-10 03:43:15",89
"2019-10-10 04:43:15",89
"2019-10-10 05:43:21",89
"2019-10-10 06:43:16",89
"2019-10-10 07:43:18",89
"2019-10-10 08:43:16",89
"2019-10-10 09:43:15",89
"2019-10-10 10:43:15",89
"2019-10-10 11:43:17",89
"2019-10-10 13:06:24",89
"2019-10-10 13:43:19",89
"2019-10-10 14:43:17",88
"2019-10-10 15:43:18",87
"2019-10-10 16:43:17",87
"2019-10-10 17:43:17",87
"2019-10-10 18:43:16",87
"2019-10-10 19:43:18",88
"2019-10-10 20:43:18",88
"2019-10-10 21:43:18",88
"2019-10-10 22:43:18",88
"2019-10-10 23:43:30",88
"2019-10-11 00:43:18",88
"2019-10-11 01:43:18",88
"2019-10-11 02:43:18",88
"2019-10-11 03:43:22",88
"2019-10-11 04:43:17",88
"2019-10-11 05:43:17",88
"2019-10-11 06:43:20",88
"2019-10-11 07:43:19",88
"2019-10-11 08:43:17",88
"2019-10-11 09:43:21",88
"2019-10-11 10:43:17",88
"2019-10-11 11:43:18",88
"2019-10-11 13:06:53",88
"2019-10-11 13:43:20",88
"2019-10-11 14:43:17",88
"2019-10-11 15:43:25",88
"2019-10-11 16:43:19",88
"2019-10-11 17:43:18",88
"2019-10-11 18:43:19",88
"2019-10-11 19:43:19",88
"2019-10-11 20:43:17",88
"2019-10-11 21:43:17",88
"2019-10-11 22:43:17",88
"2019-10-11 23:43:17",88
"2019-10-12 00:43:20",88
"2019-10-12 01:43:16",88
"2019-10-12 02:43:18",88
"2019-10-12 03:43:20",88
"2019-10-12 04:43:16",88
"2019-10-12 05:43:20",88
"2019-10-12 06:43:22",88
"2019-10-12 07:43:17",88
"2019-10-12 08:43:17",88
"2019-10-12 09:43:20",88
"2019-10-12 10:43:17",88
"2019-10-12 11:43:16",88
"2019-10-12 12:43:21",88
"2019-10-12 13:43:17",88
"2019-10-12 14:43:18",88
"2019-10-12 15:43:17",88
"2019-10-12 16:43:20",88
"2019-10-12 17:43:20",88
"2019-10-12 18:43:17",88
"2019-10-12 19:43:18",88
"2019-10-12 20:43:18",88
"2019-10-12 21:43:16",88
"2019-10-12 22:43:18",88
"2019-10-12 23:43:17",88
"2019-10-13 00:43:21",88
"2019-10-13 01:43:17",88
"2019-10-13 02:43:17",88
"2019-10-13 03:43:20",88
"2019-10-13 04:43:16",88
"2019-10-13 05:43:17",88
"2019-10-13 06:43:18",88
"2019-10-13 07:43:17",88
"2019-10-13 08:43:21",88
"2019-10-13 09:43:20",88
"2019-10-13 10:43:15",88
"2019-10-13 11:43:21",88
"2019-10-13 12:43:17",88
"2019-10-13 13:43:20",88
"2019-10-13 14:43:19",88
"2019-10-13 15:43:17",88
"2019-10-13 16:43:23",88
"2019-10-13 17:43:17",88
"2019-10-13 18:43:19",88
"2019-10-13 19:43:19",88
"2019-10-13 20:43:21",88
"2019-10-13 21:43:20",88
"2019-10-13 22:43:19",88
"2019-10-13 23:43:23",88
"2019-10-14 00:43:18",88
"2019-10-14 01:43:19",88
"2019-10-14 02:43:18",88
"2019-10-14 03:43:19",88
"2019-10-14 04:43:19",88
"2019-10-14 05:43:18",88
"2019-10-14 06:43:20",88
"2019-10-14 07:43:17",88
"2019-10-14 08:43:18",88
"2019-10-14 09:43:21",88
"2019-10-14 10:43:18",88
"2019-10-14 11:43:20",88
"2019-10-14 12:43:21",88
"2019-10-14 13:43:19",88
"2019-10-14 14:43:18",87
"2019-10-14 15:43:19",87
"2019-10-14 16:43:23",87
"2019-10-14 17:43:17",87
"2019-10-14 18:43:21",87
"2019-10-14 19:43:17",87
"2019-10-14 20:43:19",86
"2019-10-14 21:43:19",86
"2019-10-14 22:43:21",86
"2019-10-14 23:43:26",86
"2019-10-15 00:43:17",86
"2019-10-15 02:43:23",86
"2019-10-15 03:43:17",86
"2019-10-15 04:43:18",86
"2019-10-15 05:43:20",86
"2019-10-15 06:43:20",86
"2019-10-15 07:43:23",86
"2019-10-15 08:43:20",86
"2019-10-15 09:43:18",86
"2019-10-15 10:43:18",86
"2019-10-15 11:43:21",86
"2019-10-15 12:43:19",86
"2019-10-15 13:43:22",86
"2019-10-15 14:43:17",86
"2019-10-15 15:43:17",86
"2019-10-15 16:43:19",86
"2019-10-15 17:43:20",86
"2019-10-15 18:43:22",86
"2019-10-15 19:43:21",86
"2019-10-15 20:43:25",86
"2019-10-15 21:43:19",86
"2019-10-15 22:43:17",86
"2019-10-15 23:43:17",86
"2019-10-16 00:43:18",86
"2019-10-16 01:43:18",86
"2019-10-16 02:43:18",86
"2019-10-16 03:43:23",86
"2019-10-16 04:43:19",86
"2019-10-16 05:43:18",86
"2019-10-16 06:43:18",86
"2019-10-16 07:43:23",86
"2019-10-16 08:43:25",86
"2019-10-16 09:43:18",86
"2019-10-16 10:43:20",86
"2019-10-16 11:43:17",86
"2019-10-16 12:43:18",86
"2019-10-16 13:43:23",86
"2019-10-16 14:43:18",86
"2019-10-16 15:43:24",86
"2019-10-16 16:43:18",86
"2019-10-16 17:43:17",86
"2019-10-16 18:43:19",86
"2019-10-16 19:43:17",86
"2019-10-16 20:43:18",86
"2019-10-16 21:43:20",86
"2019-10-16 22:43:16",86
"2019-10-16 23:43:18",86
"2019-10-17 00:43:17",86
"2019-10-17 01:43:19",86
"2019-10-17 02:43:18",86
"2019-10-17 04:43:20",86
"2019-10-17 05:43:17",86
"2019-10-17 06:43:17",86
"2019-10-17 07:43:20",86
"2019-10-17 08:43:18",86
"2019-10-17 09:43:17",86
"2019-10-17 10:43:16",86
"2019-10-17 11:43:20",86
"2019-10-17 12:43:18",86
"2019-10-17 13:43:20",86
"2019-10-17 14:43:21",86
"2019-10-17 15:43:17",86
"2019-10-17 16:43:16",86
"2019-10-17 17:43:19",86
"2019-10-17 18:43:18",85
"2019-10-17 19:43:21",85
"2019-10-17 20:43:18",85
"2019-10-17 21:43:18",85
"2019-10-17 22:43:18",85
"2019-10-17 23:43:18",85
"2019-10-18 00:43:17",85
"2019-10-18 01:43:18",85
"2019-10-18 02:43:17",85
"2019-10-18 03:43:21",85
"2019-10-18 04:43:17",85
"2019-10-18 05:43:18",85
"2019-10-18 06:43:22",85
"2019-10-18 07:43:18",85
"2019-10-18 08:43:19",85
"2019-10-18 09:43:19",85
"2019-10-18 10:43:21",85
"2019-10-18 11:43:18",85
"2019-10-18 13:05:53",85
"2019-10-18 13:43:16",85
"2019-10-18 14:43:17",85
"2019-10-18 15:43:21",85
"2019-10-18 16:43:16",85
"2019-10-18 17:43:19",85
"2019-10-18 18:43:17",85
"2019-10-18 19:43:18",85
"2019-10-18 20:43:20",86
"2019-10-18 21:43:17",86
"2019-10-18 22:43:17",86
"2019-10-18 23:43:18",86
"2019-10-19 00:43:17",86
"2019-10-19 01:43:21",86
"2019-10-19 02:43:17",86
"2019-10-19 03:43:17",86
"2019-10-19 04:43:19",86
"2019-10-19 05:43:16",86
"2019-10-19 06:43:20",86
"2019-10-19 07:43:19",86
"2019-10-19 08:43:18",86
"2019-10-19 09:43:18",86
"2019-10-19 10:43:20",86
"2019-10-19 11:43:16",86
"2019-10-19 12:43:21",86
"2019-10-19 13:43:16",86
"2019-10-19 14:43:18",86
"2019-10-19 15:43:18",86
"2019-10-19 16:43:21",86
"2019-10-19 17:43:17",86
"2019-10-19 18:43:17",86
"2019-10-19 19:43:20",86
"2019-10-19 20:43:18",86
"2019-10-19 21:43:16",86
"2019-10-19 22:43:17",86
"2019-10-19 23:43:17",86
"2019-10-20 00:43:17",86
"2019-10-20 01:43:16",86
"2019-10-20 02:43:20",86
"2019-10-20 03:43:17",86
"2019-10-20 04:43:18",86
"2019-10-20 05:43:20",86
"2019-10-20 06:43:19",86
"2019-10-20 07:43:21",86
"2019-10-20 08:43:18",86
"2019-10-20 09:43:17",86
"2019-10-20 10:43:20",86
"2019-10-20 11:43:17",86
"2019-10-20 12:43:20",86
"2019-10-20 13:43:17",86
"2019-10-20 14:43:16",86
"2019-10-20 16:43:20",86
"2019-10-20 17:43:16",86
"2019-10-20 18:43:17",86
"2019-10-20 19:43:16",86
"2019-10-20 20:43:16",86
"2019-10-20 21:43:16",86
"2019-10-20 22:43:17",86
"2019-10-20 23:43:17",86
"2019-10-21 00:43:18",86
"2019-10-21 01:43:20",86
"2019-10-21 02:43:17",86
"2019-10-21 03:43:17",86
"2019-10-21 04:43:16",86
"2019-10-21 05:43:22",86
"2019-10-21 06:43:17",86
"2019-10-21 07:43:19",86
"2019-10-21 08:43:19",86
"2019-10-21 09:43:18",86
"2019-10-21 10:43:18",86
"2019-10-21 11:43:20",86
"2019-10-21 13:06:50",86
"2019-10-21 13:43:23",86
"2019-10-21 14:43:18",87
"2019-10-21 15:43:19",87
"2019-10-21 16:43:19",87
"2019-10-21 17:43:17",87
"2019-10-21 18:43:18",87
"2019-10-21 19:43:18",87
"2019-10-21 20:43:17",87
"2019-10-21 22:43:21",87
"2019-10-21 23:43:17",87
"2019-10-22 00:43:17",87
"2019-10-22 01:43:18",87
"2019-10-22 02:43:20",87
"2019-10-22 03:43:22",87
"2019-10-22 04:43:20",87
"2019-10-22 05:43:18",87
"2019-10-22 06:43:17",87
"2019-10-22 07:43:22",87
"2019-10-22 08:43:18",87
"2019-10-22 09:43:20",87
"2019-10-22 10:43:17",87
"2019-10-22 11:43:16",87
"2019-10-22 12:43:25",87
"2019-10-22 13:43:18",87
"2019-10-22 14:43:18",87
"2019-10-22 15:43:23",87
"2019-10-22 16:43:20",87
"2019-10-22 17:43:22",87
"2019-10-22 18:43:20",87
"2019-10-22 19:43:17",87
"2019-10-22 20:43:19",87
"2019-10-22 21:43:19",87
"2019-10-22 22:43:20",87
"2019-10-22 23:43:19",87
"2019-10-23 00:43:25",87
"2019-10-23 01:43:21",87
"2019-10-23 02:43:18",87
"2019-10-23 03:43:17",87
"2019-10-23 04:43:22",87
"2019-10-23 05:43:19",87
"2019-10-23 06:43:26",87
"2019-10-23 07:43:20",87
"2019-10-23 08:43:18",87
"2019-10-23 09:43:21",87
"2019-10-23 10:43:20",87
"2019-10-23 11:43:17",87
"2019-10-23 12:43:23",87
"2019-10-23 13:43:23",87
"2019-10-23 14:43:18",87
"2019-10-23 15:43:17",87
"2019-10-23 16:43:20",87
"2019-10-23 17:43:18",87
"2019-10-23 18:43:17",87
"2019-10-23 19:43:18",87
"2019-10-23 20:43:20",87
"2019-10-23 21:43:17",87
"2019-10-23 22:43:18",87
"2019-10-23 23:43:18",87
"2019-10-24 00:51:15",87
"2019-10-24 01:43:19",87
"2019-10-24 02:43:20",87
"2019-10-24 03:43:22",87
"2019-10-24 04:43:18",87
"2019-10-24 05:43:21",87
"2019-10-24 06:43:25",87
"2019-10-24 07:43:18",87
"2019-10-24 08:43:18",87
"2019-10-24 09:43:22",87
"2019-10-24 10:43:17",87
"2019-10-24 11:43:17",87
"2019-10-24 13:06:54",87
"2019-10-24 13:43:18",87
"2019-10-24 14:43:17",87
"2019-10-24 15:43:22",86
"2019-10-24 16:43:18",86
"2019-10-24 17:43:19",86
"2019-10-24 18:43:18",86
"2019-10-24 19:43:21",86
"2019-10-24 20:43:17",86
"2019-10-24 21:43:18",86
"2019-10-24 22:43:18",86
"2019-10-24 23:43:19",86
"2019-10-25 00:43:18",86
"2019-10-25 01:43:19",86
"2019-10-25 02:43:22",86
"2019-10-25 03:43:18",86
"2019-10-25 04:43:16",86
"2019-10-25 05:43:20",86
"2019-10-25 06:43:19",86
"2019-10-25 07:43:20",86
"2019-10-25 08:43:21",86
"2019-10-25 09:43:18",86
"2019-10-25 10:43:17",86
"2019-10-25 11:43:24",86
"2019-10-25 13:06:51",86
"2019-10-25 13:43:21",86
"2019-10-25 14:43:23",86
"2019-10-25 15:43:18",86
"2019-10-25 16:43:23",86
"2019-10-25 17:43:18",86
"2019-10-25 18:43:18",84
"2019-10-25 19:43:17",84
"2019-10-25 20:43:17",84
"2019-10-25 21:43:17",84
"2019-10-25 22:43:18",84
"2019-10-25 23:43:18",84
"2019-10-26 00:43:19",84
"2019-10-26 01:43:22",84
"2019-10-26 02:43:19",84
"2019-10-26 03:43:19",84
"2019-10-26 04:43:22",84
"2019-10-26 05:43:18",84
"2019-10-26 06:43:16",84
"2019-10-26 07:43:22",84
"2019-10-26 08:43:17",84
"2019-10-26 09:43:17",84
"2019-10-26 10:43:17",84
"2019-10-26 11:43:21",84
"2019-10-26 12:43:18",84
"2019-10-26 13:43:20",84
"2019-10-26 14:43:20",84
"2019-10-26 15:43:21",84
"2019-10-26 16:43:19",84
"2019-10-26 17:43:20",84
"2019-10-26 18:43:21",84
"2019-10-26 19:43:20",84
"2019-10-26 20:43:19",84
"2019-10-26 21:43:20",84
"2019-10-26 22:43:19",84
"2019-10-26 23:43:19",84
"2019-10-27 00:43:20",84
"2019-10-27 01:43:18",84
"2019-10-27 02:43:21",84
"2019-10-27 03:43:20",84
"2019-10-27 04:43:18",84
"2019-10-27 05:43:22",84
"2019-10-27 06:43:19",84
"2019-10-27 07:43:17",84
"2019-10-27 08:43:19",84
"2019-10-27 09:43:17",84
"2019-10-27 10:43:16",84
"2019-10-27 11:43:17",84
"2019-10-27 12:43:20",84
"2019-10-27 13:43:18",84
"2019-10-27 14:43:17",84
"2019-10-27 15:43:24",84
"2019-10-27 16:43:17",84
"2019-10-27 17:43:18",84
"2019-10-27 18:43:20",84
"2019-10-27 19:43:20",84
"2019-10-27 20:43:22",84
"2019-10-27 21:43:18",84
"2019-10-27 22:43:17",84
"2019-10-27 23:43:17",84
"2019-10-28 00:43:17",84
"2019-10-28 01:43:19",84
"2019-10-28 02:43:17",84
"2019-10-28 03:43:21",84
"2019-10-28 04:43:17",84
"2019-10-28 05:43:17",84
"2019-10-28 06:43:20",84
"2019-10-28 07:43:20",84
"2019-10-28 08:43:18",84
"2019-10-28 09:43:17",84
"2019-10-28 10:43:21",84
"2019-10-28 11:43:16",84
"2019-10-28 12:43:23",84
"2019-10-28 14:43:22",85
"2019-10-28 15:43:27",85
"2019-10-28 16:43:26",85
"2019-10-28 17:43:22",85
"2019-10-28 18:43:22",85
"2019-10-28 19:43:22",85
"2019-10-28 23:43:20",85
"2019-10-29 00:43:19",85
"2019-10-29 01:43:23",85
"2019-10-29 02:43:21",85
"2019-10-29 03:43:23",85
"2019-10-29 04:43:19",85
"2019-10-29 05:43:22",85
"2019-10-29 06:43:22",85
"2019-10-29 07:43:20",85
"2019-10-29 08:43:21",85
"2019-10-29 09:43:18",85
"2019-10-29 10:43:22",85
"2019-10-29 11:43:19",85
"2019-10-29 12:43:20",85
"2019-10-29 13:43:26",85
"2019-10-29 14:43:20",85
"2019-10-29 15:43:21",85
"2019-10-29 16:43:23",85
"2019-10-29 17:43:18",85
"2019-10-29 18:43:21",85
"2019-10-29 19:43:22",85
"2019-10-29 20:43:19",85
"2019-10-29 21:43:22",85
"2019-10-29 22:43:20",85
"2019-10-29 23:43:20",85
"2019-10-30 00:43:25",85
"2019-10-30 01:43:20",85
"2019-10-30 02:43:19",85
"2019-10-30 03:43:20",85
"2019-10-30 04:43:23",85
"2019-10-30 05:43:24",85
"2019-10-30 06:43:20",85
"2019-10-30 07:43:28",85
"2019-10-30 08:43:20",85
"2019-10-30 09:43:21",85
"2019-10-30 10:43:22",85
"2019-10-30 11:43:18",85
"2019-10-30 13:43:22",85
"2019-10-30 14:43:18",85
"2019-10-30 15:43:18",85
"2019-10-30 16:43:20",85
"2019-10-30 17:43:20",85
"2019-10-30 18:43:19",85
"2019-10-30 19:43:18",85
"2019-10-30 20:43:20",85
"2019-10-30 21:43:19",85
"2019-10-30 22:43:18",85
"2019-10-30 23:43:19",85
"2019-10-31 00:43:19",85
"2019-10-31 01:43:20",85
"2019-10-31 02:43:18",85
"2019-10-31 03:43:21",85
"2019-10-31 04:43:19",85
"2019-10-31 05:43:19",85
"2019-10-31 06:43:22",85
"2019-10-31 07:43:20",85
"2019-10-31 08:43:20",85
"2019-10-31 09:43:23",85
"2019-10-31 10:43:19",85
"2019-10-31 11:43:20",85
"2019-10-31 13:08:24",85
"2019-10-31 13:43:21",85
"2019-10-31 14:43:20",85
"2019-10-31 15:43:22",85
"2019-10-31 16:43:21",85
"2019-10-31 17:43:20",85
"2019-10-31 18:43:19",85
"2019-10-31 19:43:19",85
"2019-10-31 20:43:21",85
"2019-10-31 22:06:23",85
"2019-10-31 22:43:24",85
"2019-10-31 23:43:19",85
"2019-11-01 00:43:19",85
"2019-11-01 01:43:19",85
"2019-11-01 02:43:19",85
"2019-11-01 03:43:22",85
"2019-11-01 04:43:19",85
"2019-11-01 05:43:23",85
"2019-11-01 06:43:19",85
"2019-11-01 07:43:24",85
"2019-11-01 08:43:20",85
"2019-11-01 09:43:22",85
"2019-11-01 10:43:22",85
"2019-11-01 11:43:24",85
"2019-11-01 13:39:29",84
"2019-11-01 13:48:47",84
"2019-11-01 14:43:20",84
"2019-11-01 15:43:19",84
"2019-11-01 16:43:24",84
"2019-11-01 17:43:22",84
"2019-11-01 18:43:26",84
"2019-11-01 19:43:20",84
"2019-11-01 20:43:20",84
"2019-11-01 21:43:19",84
"2019-11-01 22:43:20",84
"2019-11-01 23:43:20",84
"2019-11-02 00:43:23",84
"2019-11-02 01:43:20",84
"2019-11-02 02:43:20",84
"2019-11-02 03:43:24",84
"2019-11-02 04:43:20",84
"2019-11-02 05:43:20",84
"2019-11-02 06:43:22",84
"2019-11-02 07:43:20",84
"2019-11-02 08:43:20",84
"2019-11-02 09:43:19",84
"2019-11-02 10:43:23",84
"2019-11-02 11:43:19",84
"2019-11-02 12:43:24",84
"2019-11-02 13:43:21",84
"2019-11-02 14:43:21",84
"2019-11-02 15:43:23",84
"2019-11-02 16:43:20",84
"2019-11-02 17:43:20",84
"2019-11-02 18:43:21",84
"2019-11-02 19:43:20",84
"2019-11-02 20:43:20",84
"2019-11-02 23:43:21",84
"2019-11-03 00:43:19",84
"2019-11-03 01:43:20",84
"2019-11-03 03:43:21",84
"2019-11-03 05:43:22",84
"2019-11-03 06:43:20",84
"2019-11-03 07:43:21",84
"2019-11-03 21:43:22",84
"2019-11-03 22:43:19",84
"2019-11-03 23:43:23",84
"2019-11-04 00:43:19",84
"2019-11-04 01:43:20",84
"2019-11-04 02:43:19",84
"2019-11-04 03:43:19",84
"2019-11-04 04:43:19",84
"2019-11-04 05:43:23",84
"2019-11-04 06:43:20",84
"2019-11-04 07:43:18",84
"2019-11-04 08:43:19",84
"2019-11-04 09:43:21",84
"2019-11-04 10:43:19",84
"2019-11-04 11:43:19",84
"2019-11-04 12:43:19",84
"2019-11-04 14:08:53",84
"2019-11-04 15:43:19",85
"2019-11-04 16:43:20",85
"2019-11-04 17:43:21",85
"2019-11-04 18:43:20",85
"2019-11-04 19:43:22",85
"2019-11-04 20:43:20",85
"2019-11-04 21:43:20",85
"2019-11-04 22:43:20",85
"2019-11-04 23:43:20",85
"2019-11-05 00:43:20",85
"2019-11-05 01:43:20",85
"2019-11-05 02:43:23",85
"2019-11-05 03:43:21",85
"2019-11-05 04:43:19",85
"2019-11-05 05:43:23",85
"2019-11-05 06:43:21",85
"2019-11-05 07:43:20",85
"2019-11-05 08:43:21",85
"2019-11-05 09:43:22",85
"2019-11-05 10:43:20",85
"2019-11-05 11:43:20",85
"2019-11-05 12:43:20",85
"2019-11-05 14:08:53",85
"2019-11-05 14:43:24",85
"2019-11-05 15:43:20",85
"2019-11-05 16:43:21",85
"2019-11-05 17:43:20",85
"2019-11-05 18:43:20",85
"2019-11-05 19:43:22",85
"2019-11-05 20:43:22",85
"2019-11-05 21:43:20",85
"2019-11-05 22:43:21",85
"2019-11-05 23:43:20",85
"2019-11-06 00:43:20",85
"2019-11-06 01:43:21",85
"2019-11-06 02:43:21",85
"2019-11-06 03:43:21",85
"2019-11-06 04:43:24",85
"2019-11-06 05:43:21",85
"2019-11-06 06:43:24",85
"2019-11-06 07:43:19",85
"2019-11-06 08:43:20",85
"2019-11-06 09:43:22",85
"2019-11-06 10:43:22",85
"2019-11-06 11:43:19",85
"2019-11-06 12:43:19",85
"2019-11-06 13:43:20",85
"2019-11-06 14:43:24",85
"2019-11-06 15:43:22",85
"2019-11-06 16:43:22",85
"2019-11-06 17:43:23",85
"2019-11-06 18:43:22",85
"2019-11-06 19:43:21",85
"2019-11-06 20:43:23",85
"2019-11-06 21:43:22",85
"2019-11-06 22:43:21",85
"2019-11-06 23:43:21",85
"2019-11-07 00:43:21",85
"2019-11-07 01:43:21",85
"2019-11-07 02:43:22",85
"2019-11-07 03:43:21",85
"2019-11-07 04:43:23",85
"2019-11-07 05:43:22",85
"2019-11-07 06:43:20",85
"2019-11-07 07:43:22",85
"2019-11-07 08:43:21",85
"2019-11-07 09:43:22",85
"2019-11-07 10:43:19",85
"2019-11-07 11:43:20",85
"2019-11-07 12:43:20",85
"2019-11-07 14:07:23",85
"2019-11-07 14:43:53",85
"2019-11-07 15:43:23",85
"2019-11-07 16:43:23",85
"2019-11-07 17:43:23",85
"2019-11-07 18:43:22",85
"2019-11-07 19:43:24",85
"2019-11-07 21:07:56",85
"2019-11-07 21:43:25",85
"2019-11-07 22:43:27",85
"2019-11-07 23:43:27",85
"2019-11-08 00:43:29",85
"2019-11-08 01:43:27",85
"2019-11-08 02:43:30",85
"2019-11-08 03:43:27",85
"2019-11-08 04:43:26",85
"2019-11-08 05:43:29",85
"2019-11-08 06:43:25",85
"2019-11-08 07:43:26",85
"2019-11-08 08:43:30",85
"2019-11-08 09:43:27",85
"2019-11-08 10:43:27",85
"2019-11-08 11:43:24",85
"2019-11-08 12:43:25",85
"2019-11-08 14:09:00",85
"2019-11-08 14:44:01",85
"2019-11-08 15:43:26",85
"2019-11-08 16:43:26",85
"2019-11-08 17:43:27",85
"2019-11-08 18:43:27",85
"2019-11-08 19:43:29",85
"2019-11-08 20:43:26",85
"2019-11-08 21:43:27",85
"2019-11-08 22:43:27",85
"2019-11-08 23:43:27",85
"2019-11-09 00:43:28",85
"2019-11-09 01:43:28",85
"2019-11-09 02:43:27",85
"2019-11-09 03:43:26",85
"2019-11-09 04:43:28",85
"2019-11-09 05:43:25",85
"2019-11-09 06:43:27",85
"2019-11-09 07:43:27",85
"2019-11-09 08:43:28",85
"2019-11-09 09:43:26",85
"2019-11-09 10:43:25",85
"2019-11-09 11:43:29",85
"2019-11-09 12:43:26",85
"2019-11-09 13:43:25",85
"2019-11-09 14:43:28",85
"2019-11-09 15:43:29",85
"2019-11-09 16:43:27",85
"2019-11-09 17:43:27",85
"2019-11-09 18:43:25",85
"2019-11-09 19:43:27",85
"2019-11-09 20:43:29",85
"2019-11-09 21:43:26",85
"2019-11-09 22:43:29",85
"2019-11-09 23:43:26",85
"2019-11-10 00:43:25",85
"2019-11-10 01:43:27",85
"2019-11-10 02:43:29",85
"2019-11-10 03:43:25",85
"2019-11-10 04:43:26",85
"2019-11-10 05:43:26",85
"2019-11-10 06:43:25",85
"2019-11-10 07:43:24",85
"2019-11-10 08:43:28",85
"2019-11-10 09:43:28",85
"2019-11-10 10:43:25",85
"2019-11-10 11:43:25",85
"2019-11-10 12:43:26",85
"2019-11-10 13:43:25",85
"2019-11-10 14:43:24",85
"2019-11-10 15:43:28",85
"2019-11-10 16:43:26",85
"2019-11-10 17:43:26",85
"2019-11-10 18:43:28",85
"2019-11-10 19:43:25",85
"2019-11-10 20:43:26",85
"2019-11-10 21:43:24",85
"2019-11-10 22:43:27",85
"2019-11-10 23:43:28",85
"2019-11-11 00:43:27",85
"2019-11-11 01:43:29",85
"2019-11-11 02:43:27",85
"2019-11-11 03:43:27",85
"2019-11-11 04:43:26",85
"2019-11-11 05:43:29",85
"2019-11-11 06:43:26",85
"2019-11-11 07:43:27",85
"2019-11-11 08:43:30",85
"2019-11-11 09:43:28",85
"2019-11-11 10:43:28",85
"2019-11-11 11:43:26",85
"2019-11-11 12:43:28",85
"2019-11-11 13:43:28",85
"2019-11-11 14:43:30",85
"2019-11-11 15:43:31",85
"2019-11-11 16:43:28",85
"2019-11-11 17:43:30",85
"2019-11-11 18:43:31",85
"2019-11-11 19:43:28",85
"2019-11-11 21:43:27",85
"2019-11-11 22:43:26",85
"2019-11-11 23:43:27",85
"2019-11-12 00:43:24",85
"2019-11-12 01:43:25",85
"2019-11-12 02:43:30",85
"2019-11-12 03:43:27",85
"2019-11-12 04:43:25",85
"2019-11-12 05:43:28",85
"2019-11-12 06:43:26",85
"2019-11-12 07:43:29",85
"2019-11-12 08:43:25",85
"2019-11-12 09:43:25",85
"2019-11-12 10:43:24",85
"2019-11-12 11:43:28",85
"2019-11-12 12:43:30",85
"2019-11-12 14:07:29",85
"2019-11-12 14:43:29",85
"2019-11-12 15:43:26",85
"2019-11-12 16:43:27",85
"2019-11-12 17:43:27",85
"2019-11-12 18:43:30",85
"2019-11-12 19:43:25",85
"2019-11-12 20:43:25",85
"2019-11-12 21:43:26",85
"2019-11-12 22:43:29",85
"2019-11-12 23:43:26",85
"2019-11-13 00:43:30",85
"2019-11-13 01:43:26",85
"2019-11-13 02:43:27",85
"2019-11-13 03:43:29",85
"2019-11-13 04:43:27",85
"2019-11-13 05:43:33",85
"2019-11-13 06:43:26",85
"2019-11-13 07:43:32",85
"2019-11-13 08:43:29",85
"2019-11-13 09:43:27",85
"2019-11-13 10:43:26",85
"2019-11-13 11:43:31",85
"2019-11-13 12:43:25",85
"2019-11-13 13:43:26",85
"2019-11-13 15:43:31",85
"2019-11-13 16:43:26",85
"2019-11-13 17:43:28",85
"2019-11-13 18:43:30",85
"2019-11-13 19:43:26",85
"2019-11-13 20:43:26",85
"2019-11-13 21:43:25",85
"2019-11-13 22:43:27",85
"2019-11-13 23:43:28",85
"2019-11-14 00:43:27",85
"2019-11-14 01:43:25",85
"2019-11-14 02:43:31",85
"2019-11-14 03:43:25",85
"2019-11-14 04:43:26",85
"2019-11-14 05:43:31",85
"2019-11-14 06:43:25",85
"2019-11-14 07:43:31",85
"2019-11-14 08:43:29",85
"2019-11-14 09:43:30",85
"2019-11-14 10:43:28",85
"2019-11-14 11:43:31",85
"2019-11-14 12:43:25",85
"2019-11-14 14:07:04",85
"2019-11-14 14:43:28",85
"2019-11-14 15:43:27",85
"2019-11-14 17:43:27",85
"2019-11-14 18:43:25",83
"2019-11-14 19:43:26",83
"2019-11-14 20:43:27",83
"2019-11-14 21:43:31",83
"2019-11-14 22:43:25",83
"2019-11-14 23:43:27",83
"2019-11-15 00:43:27",83
"2019-11-15 01:43:27",83
"2019-11-15 02:43:26",83
"2019-11-15 03:43:27",83
"2019-11-15 04:43:27",83
"2019-11-15 05:43:28",83
"2019-11-15 06:43:28",83
"2019-11-15 07:43:25",83
"2019-11-15 08:43:33",83
"2019-11-15 09:43:25",83
"2019-11-15 10:43:26",83
"2019-11-15 11:43:25",83
"2019-11-15 12:43:29",83
"2019-11-15 14:09:59",83
"2019-11-15 15:43:32",83
"2019-11-15 16:43:25",83
"2019-11-15 17:43:27",83
"2019-11-15 18:43:33",84
"2019-11-15 19:43:28",84
"2019-11-15 20:43:29",84
"2019-11-15 21:43:25",83
"2019-11-15 22:43:27",83
"2019-11-15 23:43:27",83
"2019-11-16 00:43:28",83
"2019-11-16 01:43:26",83
"2019-11-16 02:43:27",83
"2019-11-16 03:43:25",83
"2019-11-16 04:43:28",83
"2019-11-16 05:43:26",83
"2019-11-16 06:43:28",83
"2019-11-16 07:43:26",83
"2019-11-16 08:43:27",83
"2019-11-16 09:43:29",83
"2019-11-16 10:43:25",83
"2019-11-16 11:43:25",83
"2019-11-16 12:43:29",83
"2019-11-16 13:43:28",83
"2019-11-16 14:43:28",83
"2019-11-16 15:43:26",83
"2019-11-16 16:43:26",83
"2019-11-16 17:43:28",83
"2019-11-16 18:43:25",83
"2019-11-16 19:43:25",83
"2019-11-16 20:43:24",83
"2019-11-16 21:43:25",83
"2019-11-16 22:43:25",83
"2019-11-16 23:43:24",83
"2019-11-17 00:43:25",83
"2019-11-17 01:43:24",83
"2019-11-17 02:43:28",83
"2019-11-17 03:43:24",83
"2019-11-17 04:43:26",83
"2019-11-17 05:43:26",83
"2019-11-17 06:43:27",83
"2019-11-17 07:43:28",83
"2019-11-17 08:43:25",83
"2019-11-17 10:43:30",83
"2019-11-17 11:43:29",83
"2019-11-17 12:43:26",83
"2019-11-17 13:43:27",83
"2019-11-17 14:43:24",83
"2019-11-17 15:43:24",83
"2019-11-17 16:43:27",83
"2019-11-17 17:43:24",83
"2019-11-17 18:43:24",83
"2019-11-17 19:43:25",83
"2019-11-17 20:43:27",83
"2019-11-17 21:43:28",83
"2019-11-17 22:43:26",83
"2019-11-17 23:43:28",83
"2019-11-18 00:43:24",83
"2019-11-18 01:43:24",83
"2019-11-18 02:43:26",83
"2019-11-18 03:43:25",83
"2019-11-18 04:43:23",83
"2019-11-18 05:43:27",83
"2019-11-18 06:43:23",83
"2019-11-18 07:43:25",83
"2019-11-18 08:43:30",83
"2019-11-18 09:43:30",83
"2019-11-18 10:43:27",83
"2019-11-18 11:43:24",83
"2019-11-18 12:43:27",83
"2019-11-18 14:08:31",83
"2019-11-18 14:43:25",83
"2019-11-18 15:43:30",82
"2019-11-18 16:43:27",82
"2019-11-18 17:43:29",82
"2019-11-18 18:43:29",82
"2019-11-18 19:43:26",82
"2019-11-18 20:43:28",82
"2019-11-18 21:43:27",82
"2019-11-18 22:43:24",82
"2019-11-18 23:43:27",82
"2019-11-19 00:43:26",82
"2019-11-19 01:43:26",82
"2019-11-19 02:43:26",82
"2019-11-19 03:43:26",82
"2019-11-19 04:43:28",82
"2019-11-19 05:43:24",82
"2019-11-19 06:43:27",82
"2019-11-19 07:43:25",82
"2019-11-19 08:43:26",82
"2019-11-19 09:43:30",82
"2019-11-19 10:43:25",82
"2019-11-19 11:43:25",82
"2019-11-19 12:43:26",82
"2019-11-19 14:08:31",82
"2019-11-19 14:43:27",82
"2019-11-19 15:43:28",82
"2019-11-19 16:43:26",82
"2019-11-19 17:43:32",83
"2019-11-19 18:43:25",83
"2019-11-19 19:43:28",83
"2019-11-19 20:43:27",83
"2019-11-19 21:43:30",83
"2019-11-19 22:43:27",83
"2019-11-19 23:43:27",83
"2019-11-20 00:43:28",83
"2019-11-20 01:43:27",83
"2019-11-20 02:43:28",83
"2019-11-20 03:43:28",83
"2019-11-20 04:43:26",83
"2019-11-20 05:43:27",83
"2019-11-20 06:43:27",83
"2019-11-20 07:43:28",83
"2019-11-20 08:43:30",83
"2019-11-20 09:43:33",83
"2019-11-20 10:43:33",83
"2019-11-20 11:43:32",83
"2019-11-20 12:43:31",83
"2019-11-20 14:08:03",83
"2019-11-20 14:43:33",83
"2019-11-20 15:43:30",84
"2019-11-20 16:43:31",84
"2019-11-20 22:43:29",84
"2019-11-20 23:43:25",84
"2019-11-21 00:43:25",84
"2019-11-21 01:43:25",84
"2019-11-21 02:43:29",84
"2019-11-21 03:43:27",84
"2019-11-21 04:43:26",84
"2019-11-21 05:43:28",84
"2019-11-21 06:43:30",84
"2019-11-21 07:43:25",84
"2019-11-21 08:43:26",84
"2019-11-21 09:43:27",84
"2019-11-21 10:43:28",84
"2019-11-21 11:43:26",84
"2019-11-21 12:43:26",84
"2019-11-21 14:07:30",84
"2019-11-21 14:43:31",84
"2019-11-21 15:43:26",85
"2019-11-21 16:43:27",85
"2019-11-21 17:43:29",85
"2019-11-21 18:43:25",85
"2019-11-21 19:43:25",85
"2019-11-21 20:43:26",85
"2019-11-21 21:43:26",84
"2019-11-21 22:43:26",84
"2019-11-21 23:43:26",84
"2019-11-22 00:43:26",84
"2019-11-22 01:43:29",84
"2019-11-22 02:43:26",84
"2019-11-22 03:43:25",84
"2019-11-22 04:43:24",84
"2019-11-22 05:43:30",84
"2019-11-22 06:43:27",84
"2019-11-22 07:43:30",84
"2019-11-22 08:43:31",84
"2019-11-22 09:43:30",84
"2019-11-22 10:43:30",84
"2019-11-22 11:43:27",84
"2019-11-22 12:43:26",84
"2019-11-22 13:43:25",84
"2019-11-22 14:43:28",84
"2019-11-22 15:43:24",84
"2019-11-22 16:43:25",83
"2019-11-22 17:43:30",83
"2019-11-22 18:43:29",82
"2019-11-22 19:43:25",82
"2019-11-22 20:43:26",82
"2019-11-22 21:43:25",82
"2019-11-22 22:43:24",82
"2019-11-22 23:43:27",82
"2019-11-23 00:43:32",82
"2019-11-23 01:43:25",82
"2019-11-23 02:43:25",82
"2019-11-23 03:43:25",82
"2019-11-23 04:43:29",82
"2019-11-23 05:43:25",82
"2019-11-23 06:43:27",82
"2019-11-23 07:43:27",82
"2019-11-23 08:43:27",82
"2019-11-23 09:43:28",82
"2019-11-23 10:43:28",82
"2019-11-23 11:43:24",82
"2019-11-23 12:43:24",82
"2019-11-23 13:43:25",82
"2019-11-23 14:43:25",82
"2019-11-23 15:43:25",82
"2019-11-23 16:43:25",82
"2019-11-23 17:43:26",82
"2019-11-23 18:43:25",82
"2019-11-23 19:43:27",82
"2019-11-23 20:43:23",82
"2019-11-23 21:43:26",82
"2019-11-23 22:43:23",82
"2019-11-23 23:43:24",82
"2019-11-24 00:43:27",82
"2019-11-24 01:43:24",82
"2019-11-24 02:43:24",82
"2019-11-24 03:43:25",82
"2019-11-24 04:43:23",82
"2019-11-24 05:43:24",82
"2019-11-24 06:43:24",82
"2019-11-24 07:43:22",82
"2019-11-24 08:43:25",82
"2019-11-24 09:43:27",82
"2019-11-24 10:43:27",82
"2019-11-24 11:43:25",82
"2019-11-24 12:43:23",82
"2019-11-24 13:43:23",82
"2019-11-24 14:43:24",82
"2019-11-24 15:43:25",82
"2019-11-24 16:43:25",82
"2019-11-24 17:43:24",82
"2019-11-24 18:43:26",82
"2019-11-24 19:43:24",82
"2019-11-24 20:43:27",82
"2019-11-24 21:43:24",82
"2019-11-24 22:43:28",82
"2019-11-24 23:43:25",82
"2019-11-25 00:43:25",82
"2019-11-25 01:43:28",82
"2019-11-25 02:43:26",82
"2019-11-25 04:43:23",82
"2019-11-25 05:43:25",82
"2019-11-25 06:43:25",82
"2019-11-25 07:43:25",82
"2019-11-25 08:43:30",82
"2019-11-25 09:43:30",82
"2019-11-25 10:43:30",82
"2019-11-25 11:43:28",82
"2019-11-25 12:43:29",82
"2019-11-25 13:43:25",82
"2019-11-25 14:43:26",82
"2019-11-25 15:43:28",82
"2019-11-25 16:43:26",82
"2019-11-25 17:43:26",82
"2019-11-25 18:43:24",82
"2019-11-25 19:43:27",82
"2019-11-25 20:43:26",82
"2019-11-25 21:43:24",82
"2019-11-25 22:43:31",82
"2019-11-25 23:43:26",82
"2019-11-26 00:43:27",82
"2019-11-26 01:43:26",82
"2019-11-26 02:43:28",82
"2019-11-26 03:43:27",82
"2019-11-26 04:43:26",82
"2019-11-26 05:43:31",82
"2019-11-26 06:43:33",82
"2019-11-26 07:43:27",82
"2019-11-26 08:43:28",82
"2019-11-26 09:43:33",82
"2019-11-26 20:43:30",82
"2019-11-26 21:43:27",82
"2019-11-26 22:43:30",82
"2019-11-26 23:43:27",82
"2019-11-27 00:43:30",82
"2019-11-27 01:43:27",82
"2019-11-27 02:43:26",82
"2019-11-27 03:43:27",82
"2019-11-27 04:43:25",82
"2019-11-27 05:43:27",82
"2019-11-27 06:43:27",82
"2019-11-27 07:43:27",82
"2019-11-27 08:43:32",82
"2019-11-27 09:43:32",82
"2019-11-27 10:43:26",82
"2019-11-27 11:43:24",82
"2019-11-27 12:43:33",82
"2019-11-27 13:43:26",82
"2019-11-27 14:43:28",82
"2019-11-27 15:43:31",81
"2019-11-27 16:43:28",81
"2019-11-27 17:43:26",81
"2019-11-27 18:43:28",81
"2019-11-27 19:43:28",81
"2019-11-27 20:43:26",81
"2019-11-27 21:43:26",81
"2019-11-27 22:43:28",81
"2019-11-27 23:43:27",81
"2019-11-28 00:43:27",81
"2019-11-28 01:43:28",81
"2019-11-28 02:43:31",81
"2019-11-28 03:43:29",81
"2019-11-28 04:43:28",81
"2019-11-28 05:43:26",81
"2019-11-28 06:43:27",81
"2019-11-28 07:43:29",81
"2019-11-28 08:43:28",81
"2019-11-28 09:43:32",81
"2019-11-28 10:43:29",81
"2019-11-28 11:43:27",81
"2019-11-28 12:43:25",81
"2019-11-28 13:43:25",81
"2019-11-28 14:43:26",81
"2019-11-28 15:43:27",81
"2019-11-28 16:43:26",81
"2019-11-28 17:43:28",81
"2019-11-28 18:43:27",81
"2019-11-28 19:43:26",81
"2019-11-28 20:43:25",81
"2019-11-28 21:43:26",81
"2019-11-28 22:43:25",81
"2019-11-28 23:43:27",81
"2019-11-29 00:43:27",81
"2019-11-29 01:43:26",81
"2019-11-29 02:43:26",81
"2019-11-29 03:43:26",81
"2019-11-29 04:43:28",81
"2019-11-29 05:43:28",81
"2019-11-29 06:43:26",81
"2019-11-29 07:43:28",81
"2019-11-29 08:43:35",81
"2019-11-29 09:43:37",81
"2019-11-29 10:43:44",81
"2019-11-29 11:43:31",81
"2019-11-29 12:43:30",81
"2019-11-29 13:43:34",81
"2019-11-29 14:43:35",81
"2019-11-29 15:43:32",81
"2019-11-29 16:43:35",81
"2019-11-29 17:43:35",81
"2019-11-29 18:43:32",80
"2019-11-29 20:43:32",80
"2019-11-29 21:43:26",80
"2019-11-29 22:43:33",80
"2019-11-29 23:43:31",80
"2019-11-30 00:43:28",80
"2019-11-30 01:43:27",80
"2019-11-30 02:43:29",80
"2019-11-30 03:43:30",80
"2019-11-30 04:43:28",80
"2019-11-30 05:43:33",80
"2019-11-30 06:43:30",80
"2019-11-30 07:43:31",80
"2019-11-30 08:43:29",80
"2019-11-30 21:43:46",80
"2019-11-30 22:43:34",80
"2019-11-30 23:43:30",80
"2019-12-01 00:43:30",80
"2019-12-01 01:43:27",80
"2019-12-01 02:43:32",80
"2019-12-01 22:43:36",80
"2019-12-01 23:43:27",80
"2019-12-02 00:43:25",80
"2019-12-02 01:43:30",80
"2019-12-02 02:43:29",80
"2019-12-02 06:16:25",80
"2019-12-02 06:45:02",80
"2019-12-02 07:45:10",80
"2019-12-02 08:45:00",80
"2019-12-02 09:45:00",80
"2019-12-02 10:45:01",80
"2019-12-02 11:45:01",80
"2019-12-02 12:44:58",80
"2019-12-02 14:08:07",80
"2019-12-02 14:45:04",80
"2019-12-02 15:45:07",80
"2019-12-02 16:45:02",79
"2019-12-02 17:45:16",79
"2019-12-02 18:45:16",79
"2019-12-02 19:45:18",79
"2019-12-02 20:45:13",79
"2019-12-02 21:45:15",78
"2019-12-02 22:45:24",78
"2019-12-02 23:45:17",78
"2019-12-03 00:45:10",78
"2019-12-03 01:45:15",78
"2019-12-03 02:45:16",78
"2019-12-03 03:45:15",78
"2019-12-03 04:45:15",78
"2019-12-03 05:45:17",78
"2019-12-03 06:45:01",78
"2019-12-03 07:45:01",78
"2019-12-03 08:45:00",78
"2019-12-03 09:45:12",78
"2019-12-03 10:45:16",78
"2019-12-03 11:45:12",78
"2019-12-03 12:44:58",78
"2019-12-03 13:44:57",78
"2019-12-03 14:45:15",78
"2019-12-03 15:45:00",78
"2019-12-03 16:45:16",78
"2019-12-03 17:45:13",78
"2019-12-03 18:45:13",78
"2019-12-03 19:45:12",78
"2019-12-03 20:45:13",78
"2019-12-03 21:45:31",78
"2019-12-03 22:45:15",78
"2019-12-03 23:45:20",78
"2019-12-04 00:45:36",78
"2019-12-04 01:45:42",78
"2019-12-04 02:45:34",78
"2019-12-04 03:45:20",78
"2019-12-04 04:45:18",78
"2019-12-04 05:45:20",78
"2019-12-04 06:45:19",78
"2019-12-04 07:45:19",78
"2019-12-04 08:45:06",78
"2019-12-04 09:45:05",78
"2019-12-04 10:45:04",78
"2019-12-04 11:45:08",78
"2019-12-04 12:45:05",78
"2019-12-04 14:07:38",78
"2019-12-04 14:45:25",78
"2019-12-04 15:45:24",78
"2019-12-04 16:45:18",78
"2019-12-04 17:45:18",79
"2019-12-04 18:45:19",79
"2019-12-04 19:45:19",79
"2019-12-04 20:45:17",79
"2019-12-04 21:45:13",79
"2019-12-04 22:45:14",79
"2019-12-04 23:45:15",79
"2019-12-05 00:45:17",79
"2019-12-05 01:45:18",79
"2019-12-05 02:45:17",79
"2019-12-05 03:45:16",79
"2019-12-05 04:45:16",79
"2019-12-05 06:45:18",79
"2019-12-05 07:45:02",79
"2019-12-05 08:45:15",79
"2019-12-05 09:44:59",79
"2019-12-05 10:44:59",79
"2019-12-05 11:45:00",79
"2019-12-05 12:44:59",79
"2019-12-05 13:45:15",79
"2019-12-05 14:45:18",79
"2019-12-05 15:45:16",79
"2019-12-05 16:45:15",79
"2019-12-05 17:45:15",79
"2019-12-05 18:45:16",79
"2019-12-05 20:08:09",79
"2019-12-05 20:45:28",79
"2019-12-05 21:45:15",79
"2019-12-05 22:45:16",79
"2019-12-05 23:45:06",79
"2019-12-06 00:45:16",79
"2019-12-06 01:45:15",79
"2019-12-06 02:45:20",79
"2019-12-06 03:45:17",79
"2019-12-06 04:45:15",79
"2019-12-06 05:45:23",79
"2019-12-06 06:45:15",79
"2019-12-06 07:45:18",79
"2019-12-06 08:45:17",79
"2019-12-06 09:45:14",79
"2019-12-06 10:45:16",79
"2019-12-06 11:45:16",79
"2019-12-06 12:45:00",79
"2019-12-06 13:45:56",79
"2019-12-06 14:45:22",79
"2019-12-06 15:45:36",80
"2019-12-06 16:45:19",80
"2019-12-06 17:45:15",80
"2019-12-06 18:45:17",80
"2019-12-06 19:45:17",80
"2019-12-06 20:45:16",80
"2019-12-06 21:45:00",80
"2019-12-06 22:45:01",80
"2019-12-06 23:45:04",80
"2019-12-07 00:45:05",80
"2019-12-07 01:45:24",80
"2019-12-07 02:45:21",80
"2019-12-07 03:45:16",80
"2019-12-07 04:45:11",80
"2019-12-07 05:45:36",80
"2019-12-07 06:45:04",80
"2019-12-07 07:45:05",80
"2019-12-07 08:45:03",80
"2019-12-07 09:45:00",80
"2019-12-07 10:45:02",80
"2019-12-07 11:45:00",80
"2019-12-07 12:45:17",80
"2019-12-07 13:45:31",80
"2019-12-07 14:45:18",80
"2019-12-07 15:45:20",80
"2019-12-07 16:45:17",80
"2019-12-07 17:45:20",80
"2019-12-07 18:45:17",80
"2019-12-07 19:45:03",80
"2019-12-07 20:45:17",80
"2019-12-07 21:45:22",80
"2019-12-07 22:45:05",80
"2019-12-07 23:45:03",80
"2019-12-08 00:45:11",80
"2019-12-08 01:45:02",80
"2019-12-08 02:45:19",80
"2019-12-08 03:45:18",80
"2019-12-08 04:45:15",80
"2019-12-08 05:45:20",80
"2019-12-08 06:45:18",80
"2019-12-08 07:45:16",80
"2019-12-08 08:45:16",80
"2019-12-08 09:45:15",80
"2019-12-08 10:45:16",80
"2019-12-08 11:45:01",80
"2019-12-08 12:45:04",80
"2019-12-08 13:45:15",80
"2019-12-08 14:45:10",80
"2019-12-08 15:45:05",80
"2019-12-08 16:45:16",80
"2019-12-08 17:45:19",80
"2019-12-08 18:45:01",80
"2019-12-08 19:45:13",80
"2019-12-08 20:45:14",80
"2019-12-08 21:45:21",80
"2019-12-08 22:45:19",80
"2019-12-08 23:45:17",80
"2019-12-09 00:45:16",80
"2019-12-09 01:45:01",80
"2019-12-09 02:45:04",80
"2019-12-09 03:45:18",80
"2019-12-09 04:45:05",80
"2019-12-09 05:45:08",80
"2019-12-09 06:45:21",80
"2019-12-09 07:45:04",80
"2019-12-09 08:45:05",80
"2019-12-09 09:45:01",80
"2019-12-09 10:45:03",80
"2019-12-09 11:44:59",80
"2019-12-09 12:45:00",80
"2019-12-09 14:08:40",80
"2019-12-09 14:45:10",80
"2019-12-09 15:45:10",80
"2019-12-09 16:45:23",80
"2019-12-09 17:45:34",80
"2019-12-09 18:45:12",80
"2019-12-09 19:45:02",80
"2019-12-09 20:45:20",80
"2019-12-09 21:45:20",80
"2019-12-09 22:45:03",80
"2019-12-09 23:45:15",80
"2019-12-10 00:45:22",80
"2019-12-10 01:45:16",80
"2019-12-10 02:45:19",80
"2019-12-10 03:45:24",80
"2019-12-10 04:45:17",80
"2019-12-10 05:45:25",80
"2019-12-10 06:45:21",80
"2019-12-10 07:45:18",80
"2019-12-10 08:45:22",80
"2019-12-10 09:45:03",80
"2019-12-10 10:45:03",80
"2019-12-10 11:45:02",80
"2019-12-10 12:45:22",80
"2019-12-10 13:45:01",80
"2019-12-10 14:45:07",80
"2019-12-10 15:45:04",80
"2019-12-10 16:45:23",80
"2019-12-10 17:45:13",80
"2019-12-10 18:45:15",81
"2019-12-10 19:45:05",81
"2019-12-10 20:45:16",80
"2019-12-10 21:45:15",80
"2019-12-10 22:45:21",80
"2019-12-10 23:45:22",80
"2019-12-11 00:45:22",80
"2019-12-11 01:45:28",80
"2019-12-11 02:45:35",80
"2019-12-11 03:45:18",80
"2019-12-11 04:45:26",80
"2019-12-11 05:45:24",80
"2019-12-11 06:45:11",80
"2019-12-11 07:45:06",80
"2019-12-11 08:45:17",80
"2019-12-11 09:45:05",80
"2019-12-11 10:45:12",80
"2019-12-11 11:45:06",80
"2019-12-11 12:45:23",80
"2019-12-11 13:45:13",80
"2019-12-11 14:45:42",80
"2019-12-11 15:45:13",80
"2019-12-11 16:45:30",80
"2019-12-11 17:45:31",81
"2019-12-11 18:45:21",81
"2019-12-11 19:45:29",81
"2019-12-11 20:45:14",81
"2019-12-11 21:45:19",81
"2019-12-11 22:45:21",81
"2019-12-11 23:45:23",81
"2019-12-12 00:45:14",81
"2019-12-12 01:45:29",81
"2019-12-12 02:45:26",81
"2019-12-12 03:45:10",81
"2019-12-12 04:45:22",81
"2019-12-12 05:45:23",81
"2019-12-12 06:45:25",81
"2019-12-12 07:45:22",81
"2019-12-12 08:45:10",81
"2019-12-12 09:45:18",81
"2019-12-12 10:45:20",81
"2019-12-12 11:45:09",81
"2019-12-12 12:45:03",81
"2019-12-12 14:07:10",81
"2019-12-12 14:45:38",81
"2019-12-12 15:45:11",80
"2019-12-12 16:45:28",80
"2019-12-12 17:45:11",80
"2019-12-12 18:45:12",80
"2019-12-12 19:45:14",80
"2019-12-12 20:45:14",80
"2019-12-12 21:45:14",80
"2019-12-12 22:45:07",80
"2019-12-12 23:45:11",80
"2019-12-13 00:45:51",80
"2019-12-13 01:45:48",80
"2019-12-13 02:45:46",80
"2019-12-13 03:45:46",80
"2019-12-13 04:45:41",80
"2019-12-13 05:45:57",80
"2019-12-13 06:46:06",80
"2019-12-13 07:45:49",80
"2019-12-13 08:45:38",80
"2019-12-13 09:45:50",80
"2019-12-13 10:45:38",80
"2019-12-13 11:45:35",80
"2019-12-13 12:45:35",80
"2019-12-13 14:39:16",80
"2019-12-13 14:46:58",80
"2019-12-13 15:45:51",80
"2019-12-13 16:45:40",80
"2019-12-13 17:45:45",80
"2019-12-13 18:45:47",80
"2019-12-13 19:45:45",80
"2019-12-13 20:46:20",80
"2019-12-13 21:45:40",80
"2019-12-13 22:45:41",80
"2019-12-13 23:45:33",80
"2019-12-14 00:45:43",80
"2019-12-14 01:45:32",80
"2019-12-14 02:45:43",80
"2019-12-14 03:45:43",80
"2019-12-14 04:45:46",80
"2019-12-14 05:45:44",80
"2019-12-14 06:45:44",80
"2019-12-14 07:45:27",80
"2019-12-14 08:45:35",80
"2019-12-14 09:45:38",80
"2019-12-14 10:45:27",80
"2019-12-14 11:45:28",80
"2019-12-14 12:45:24",80
"2019-12-14 13:45:41",80
"2019-12-14 14:45:35",80
"2019-12-14 15:45:50",80
"2019-12-14 16:45:49",80
"2019-12-14 17:45:30",80
"2019-12-14 18:46:02",80
"2019-12-14 19:45:37",80
"2019-12-14 20:45:42",80
"2019-12-14 22:45:50",80
"2019-12-14 23:45:39",80
"2019-12-15 00:45:45",80
"2019-12-15 01:45:50",80
"2019-12-15 02:45:44",80
"2019-12-15 03:45:44",80
"2019-12-15 04:45:42",80
"2019-12-15 05:45:34",80
"2019-12-15 06:45:41",80
"2019-12-15 07:45:38",80
"2019-12-15 08:45:38",80
"2019-12-15 09:45:19",80
"2019-12-15 10:45:30",80
"2019-12-15 11:45:40",80
"2019-12-15 13:45:35",80
"2019-12-15 14:45:19",80
"2019-12-15 15:45:38",80
"2019-12-15 16:45:45",80
"2019-12-15 17:45:42",80
"2019-12-15 19:45:37",80
"2019-12-15 20:45:41",80
"2019-12-15 21:45:33",80
"2019-12-15 22:45:38",80
"2019-12-15 23:45:42",80
"2019-12-16 00:45:39",80
"2019-12-16 01:45:54",80
"2019-12-16 02:45:34",80
"2019-12-16 04:46:05",80
"2019-12-16 05:45:43",80
"2019-12-16 06:45:43",80
"2019-12-16 07:45:29",80
"2019-12-16 08:45:35",80
"2019-12-16 09:45:33",80
"2019-12-16 10:45:26",80
"2019-12-16 11:45:42",80
"2019-12-16 12:45:37",80
"2019-12-16 13:45:44",80
"2019-12-16 14:46:54",80
"2019-12-16 16:06:39",82
"2019-12-16 16:45:58",82
"2019-12-16 17:45:54",82
"2019-12-16 18:45:51",82
"2019-12-16 19:45:42",81
"2019-12-16 20:45:50",81
"2019-12-16 21:45:43",81
"2019-12-16 22:45:43",81
"2019-12-16 23:45:40",81
"2019-12-17 00:45:31",81
"2019-12-17 01:45:29",81
"2019-12-17 02:45:57",81
"2019-12-17 03:45:41",81
"2019-12-17 04:45:46",81
"2019-12-17 05:45:42",81
"2019-12-17 06:45:45",81
"2019-12-17 07:45:38",81
"2019-12-17 08:45:54",81
"2019-12-17 09:45:20",81
"2019-12-17 10:45:33",81
"2019-12-17 11:45:26",81
"2019-12-17 12:45:22",81
"2019-12-17 14:08:09",81
"2019-12-17 14:46:12",81
"2019-12-17 15:46:02",81
"2019-12-17 16:45:42",81
"2019-12-17 17:45:45",81
"2019-12-17 18:45:38",81
"2019-12-17 19:45:58",81
"2019-12-17 20:45:50",81
"2019-12-17 21:45:30",81
"2019-12-17 22:45:39",81
"2019-12-17 23:45:50",81
"2019-12-18 01:45:55",81
"2019-12-18 02:45:55",81
"2019-12-18 03:45:40",81
"2019-12-18 04:45:25",81
"2019-12-18 05:45:42",81
"2019-12-18 06:45:35",81
"2019-12-18 07:45:25",81
"2019-12-18 08:45:40",81
"2019-12-18 09:45:33",81
"2019-12-18 10:45:37",81
"2019-12-18 11:45:24",81
"2019-12-18 12:45:34",81
"2019-12-18 14:07:08",80
"2019-12-18 14:46:16",80
"2019-12-18 15:45:41",79
"2019-12-18 16:45:53",79
"2019-12-18 17:45:50",79
"2019-12-18 18:45:40",79
"2019-12-18 19:45:36",79
"2019-12-18 20:45:45",79
"2019-12-18 21:45:35",79
"2019-12-18 22:45:32",79
"2019-12-18 23:45:37",79
"2019-12-19 00:45:45",79
"2019-12-19 01:45:43",79
"2019-12-19 02:45:58",79
"2019-12-19 03:45:37",79
"2019-12-19 04:45:44",79
"2019-12-19 05:45:34",79
"2019-12-19 06:45:42",79
"2019-12-19 07:45:42",79
"2019-12-19 08:45:26",79
"2019-12-19 09:45:31",79
"2019-12-19 10:45:22",79
"2019-12-19 11:45:22",79
"2019-12-19 12:45:37",79
"2019-12-19 14:08:40",79
"2019-12-19 14:46:06",79
"2019-12-19 15:46:20",79
"2019-12-19 16:46:01",79
"2019-12-19 17:45:59",79
"2019-12-19 18:45:53",79
"2019-12-19 19:45:53",79
"2019-12-19 21:08:42",79
"2019-12-19 21:45:50",79
"2019-12-19 22:46:00",79
"2019-12-19 23:45:56",79
"2019-12-20 00:45:54",79
"2019-12-20 01:45:43",79
"2019-12-20 02:45:54",79
"2019-12-20 03:45:48",79
"2019-12-20 04:46:00",79
"2019-12-20 05:45:54",79
"2019-12-20 06:46:05",79
"2019-12-20 07:45:53",79
"2019-12-20 08:45:59",79
"2019-12-20 09:45:56",79
"2019-12-20 10:45:19",79
"2019-12-20 11:45:45",79
"2019-12-20 12:45:57",79
"2019-12-20 14:07:41",79
"2019-12-20 14:46:32",79
"2019-12-20 15:46:31",80
"2019-12-20 16:46:14",80
"2019-12-20 17:46:20",80
"2019-12-20 18:46:04",80
"2019-12-20 19:46:17",80
"2019-12-20 20:46:14",80
"2019-12-20 21:46:03",80
"2019-12-20 22:45:50",80
"2019-12-20 23:46:02",80
"2019-12-21 00:46:11",80
"2019-12-21 01:46:00",80
"2019-12-21 02:46:06",80
"2019-12-21 03:45:48",80
"2019-12-21 04:45:58",80
"2019-12-21 05:45:43",80
"2019-12-21 06:45:41",80
"2019-12-21 07:45:52",80
"2019-12-21 08:45:48",80
"2019-12-21 09:45:30",80
"2019-12-21 10:45:36",80
"2019-12-21 11:45:27",80
"2019-12-21 12:45:32",80
"2019-12-21 13:45:39",80
"2019-12-21 14:45:54",80
"2019-12-21 15:45:38",80
"2019-12-21 16:45:57",80
"2019-12-21 17:45:44",80
"2019-12-21 18:45:44",80
"2019-12-21 19:45:40",80
"2019-12-21 20:45:39",80
"2019-12-21 22:45:59",80
"2019-12-21 23:45:30",80
"2019-12-22 00:45:35",80
"2019-12-22 01:45:45",80
"2019-12-22 02:45:38",80
"2019-12-22 04:45:43",80
"2019-12-22 05:45:29",80
"2019-12-22 06:45:33",80
"2019-12-22 07:45:40",80
"2019-12-22 08:45:35",80
"2019-12-22 09:45:26",80
"2019-12-22 10:45:33",80
"2019-12-22 11:45:36",80
"2019-12-22 12:45:44",80
"2019-12-22 13:45:27",80
"2019-12-22 14:45:45",80
"2019-12-22 15:45:54",80
"2019-12-22 16:45:39",80
"2019-12-22 17:45:38",80
"2019-12-22 18:45:42",80
"2019-12-22 19:45:45",80
"2019-12-22 20:45:57",80
"2019-12-22 22:45:44",80
"2019-12-22 23:45:52",80
"2019-12-23 00:45:50",80
"2019-12-23 01:45:58",80
"2019-12-23 02:45:51",80
"2019-12-23 03:45:51",80
"2019-12-23 04:45:54",80
"2019-12-23 05:45:55",80
"2019-12-23 06:45:53",80
"2019-12-23 07:45:35",80
"2019-12-23 08:45:32",80
"2019-12-23 09:45:26",80
"2019-12-23 10:45:33",80
"2019-12-23 11:45:36",80
"2019-12-23 12:45:33",80
"2019-12-23 14:08:45",80
"2019-12-23 14:46:32",80
"2019-12-23 15:45:55",81
"2019-12-23 16:45:44",81
"2019-12-23 17:46:04",81
"2019-12-23 18:46:05",81
"2019-12-23 19:46:01",81
"2019-12-23 20:46:11",81
"2019-12-23 21:45:54",81
"2019-12-23 22:45:37",81
"2019-12-23 23:45:54",81
"2019-12-24 00:45:46",81
"2019-12-24 01:45:47",81
"2019-12-24 02:45:58",81
"2019-12-24 03:46:05",81
"2019-12-24 04:46:12",81
"2019-12-24 05:45:38",81
"2019-12-24 06:46:08",81
"2019-12-24 07:45:34",81
"2019-12-24 08:45:36",81
"2019-12-24 09:45:36",81
"2019-12-24 10:45:21",81
"2019-12-24 11:45:40",81
"2019-12-24 12:45:29",81
"2019-12-24 13:45:29",81
"2019-12-24 14:46:18",81
"2019-12-24 15:45:52",81
"2019-12-24 16:45:40",82
"2019-12-24 17:45:43",82
"2019-12-24 18:45:41",82
"2019-12-24 19:45:51",82
"2019-12-24 20:45:35",82
"2019-12-24 21:45:29",82
"2019-12-24 22:45:55",82
"2019-12-24 23:45:53",82
"2019-12-25 00:45:53",82
"2019-12-25 01:45:40",82
"2019-12-25 02:45:25",82
"2019-12-25 03:45:46",82
"2019-12-25 04:45:52",82
"2019-12-25 05:45:55",82
"2019-12-25 06:45:34",82
"2019-12-25 07:45:43",82
"2019-12-25 08:45:59",82
"2019-12-25 09:45:41",82
"2019-12-25 10:45:38",82
"2019-12-25 11:45:25",82
"2019-12-25 12:45:34",82
"2019-12-25 13:45:30",82
"2019-12-25 14:45:43",82
"2019-12-25 15:45:57",82
"2019-12-25 16:45:40",82
"2019-12-25 17:45:53",82
"2019-12-25 18:45:33",82
"2019-12-25 19:45:32",82
"2019-12-25 20:45:40",82
"2019-12-25 21:45:40",82
"2019-12-25 22:45:42",82
"2019-12-25 23:45:41",82
"2019-12-26 00:45:53",82
"2019-12-26 01:45:52",82
"2019-12-26 02:45:58",82
"2019-12-26 03:45:58",82
"2019-12-26 04:46:03",82
"2019-12-26 05:45:37",82
"2019-12-26 06:45:48",82
"2019-12-26 07:45:43",82
"2019-12-26 08:45:30",82
"2019-12-26 09:45:36",82
"2019-12-26 10:45:35",82
"2019-12-26 11:45:29",82
"2019-12-26 12:45:27",82
"2019-12-26 13:45:39",82
"2019-12-26 14:46:11",82
"2019-12-26 15:46:04",84
"2019-12-26 16:45:55",84
"2019-12-26 17:46:07",84
"2019-12-26 18:45:51",85
"2019-12-26 19:45:44",85
"2019-12-26 20:46:14",86
"2019-12-26 21:45:56",88
"2019-12-26 22:46:13",88
"2019-12-26 23:45:55",88
"2019-12-27 00:45:39",88
"2019-12-27 01:45:58",88
"2019-12-27 02:46:05",88
"2019-12-27 03:45:41",88
"2019-12-27 04:46:06",88
"2019-12-27 05:45:54",88
"2019-12-27 06:46:11",88
"2019-12-27 07:45:36",88
"2019-12-27 08:45:52",88
"2019-12-27 09:45:37",88
"2019-12-27 10:45:23",88
"2019-12-27 11:45:32",88
"2019-12-27 12:45:39",88
"2019-12-27 14:08:42",88
"2019-12-27 14:46:09",88
"2019-12-27 15:45:57",86
"2019-12-27 16:45:50",85
"2019-12-27 17:45:52",85
"2019-12-27 18:45:59",86
"2019-12-27 19:46:27",85
"2019-12-27 20:45:55",85
"2019-12-27 21:46:11",85
"2019-12-27 22:45:59",85
"2019-12-27 23:45:39",85
"2019-12-28 00:45:54",85
"2019-12-28 01:45:44",85
"2019-12-28 02:45:56",85
"2019-12-28 03:45:39",85
"2019-12-28 04:46:00",85
"2019-12-28 05:46:01",85
"2019-12-28 06:45:55",85
"2019-12-28 07:45:35",85
"2019-12-28 08:45:58",85
"2019-12-28 09:45:39",85
"2019-12-28 10:45:45",85
"2019-12-28 11:45:33",85
"2019-12-28 12:45:22",85
"2019-12-28 13:45:41",85
"2019-12-28 14:45:52",85
"2019-12-28 15:46:00",85
"2019-12-28 16:45:41",85
"2019-12-28 17:46:07",85
"2019-12-28 18:45:50",85
"2019-12-28 19:45:43",85
"2019-12-28 20:45:58",85
"2019-12-28 21:45:34",85
"2019-12-28 22:45:51",85
"2019-12-28 23:45:59",85
"2019-12-29 00:45:42",85
"2019-12-29 01:46:05",85
"2019-12-29 02:45:51",85
"2019-12-29 03:46:08",85
"2019-12-29 04:45:55",85
"2019-12-29 05:46:00",85
"2019-12-29 06:46:08",85
"2019-12-29 07:45:48",85
"2019-12-29 08:46:02",85
"2019-12-29 09:45:43",85
"2019-12-29 10:45:47",85
"2019-12-29 11:45:44",85
"2019-12-29 12:45:39",85
"2019-12-29 13:45:42",85
"2019-12-29 14:45:44",85
"2019-12-29 15:45:44",85
"2019-12-29 16:45:58",85
"2019-12-29 17:45:43",85
"2019-12-29 18:45:47",85
"2019-12-29 19:45:52",85
"2019-12-29 20:45:36",85
"2019-12-29 21:46:14",85
"2019-12-29 22:45:50",85
"2019-12-29 23:45:33",85
"2019-12-30 00:45:45",85
"2019-12-30 01:46:06",85
"2019-12-30 02:46:11",85
"2019-12-30 03:45:44",85
"2019-12-30 04:46:14",85
"2019-12-30 05:45:51",85
"2019-12-30 06:45:26",85
"2019-12-30 07:45:29",85
"2019-12-30 08:45:41",85
"2019-12-30 09:45:50",85
"2019-12-30 10:45:24",85
"2019-12-30 11:45:48",85
"2019-12-30 12:45:36",85
"2019-12-30 14:08:40",85
"2019-12-30 14:46:37",85
"2019-12-30 15:45:58",85
"2019-12-30 16:45:57",85
"2019-12-30 17:45:56",84
"2019-12-30 18:46:04",84
"2019-12-30 19:45:57",84
"2019-12-30 20:45:47",84
"2019-12-30 21:45:44",84
"2019-12-30 22:45:38",84
"2019-12-30 23:45:42",84
"2019-12-31 00:45:45",84
"2019-12-31 01:45:39",84
"2019-12-31 02:45:55",84
"2019-12-31 03:46:00",84
"2019-12-31 04:45:45",84
"2019-12-31 05:45:37",84
"2019-12-31 06:45:47",84
"2019-12-31 07:45:38",84
"2019-12-31 08:45:56",84
"2019-12-31 09:45:50",84
"2019-12-31 10:46:03",84
"2019-12-31 11:45:49",84
"2019-12-31 12:45:38",84
"2019-12-31 14:09:42",84
"2019-12-31 14:46:33",84
"2019-12-31 15:46:09",82
"2019-12-31 16:45:55",82
"2019-12-31 17:45:39",82
"2019-12-31 18:45:46",83
"2019-12-31 19:45:53",83
"2019-12-31 20:45:54",83
"2019-12-31 21:45:37",83
"2019-12-31 22:45:40",83
"2019-12-31 23:45:40",83
"2020-01-01 00:45:49",83
"2020-01-01 01:45:42",83
"2020-01-01 02:45:38",83
"2020-01-01 03:45:45",83
"2020-01-01 04:45:30",83
"2020-01-01 05:46:04",83
"2020-01-01 06:46:04",83
"2020-01-01 07:45:44",83
"2020-01-01 08:45:39",83
"2020-01-01 09:45:38",83
"2020-01-01 10:45:24",83
"2020-01-01 11:45:29",83
"2020-01-01 12:45:41",83
"2020-01-01 13:45:32",83
"2020-01-01 14:45:33",83
"2020-01-01 15:45:40",83
"2020-01-01 16:45:43",83
"2020-01-01 17:45:47",83
"2020-01-01 18:45:42",83
"2020-01-01 19:45:28",83
"2020-01-01 20:45:46",83
"2020-01-01 21:45:44",83
"2020-01-01 22:45:51",83
"2020-01-01 23:46:14",83
"2020-01-02 00:46:00",83
"2020-01-02 01:45:49",83
"2020-01-02 02:46:17",83
"2020-01-02 03:45:54",83
"2020-01-02 04:45:46",83
"2020-01-02 05:45:43",83
"2020-01-02 06:45:38",83
"2020-01-02 07:45:38",83
"2020-01-02 08:45:41",83
"2020-01-02 09:45:36",83
"2020-01-02 10:45:36",83
"2020-01-02 11:45:36",83
"2020-01-02 12:45:38",83
"2020-01-02 14:10:11",83
"2020-01-02 14:47:18",83
"2020-01-02 15:46:06",83
"2020-01-02 16:45:54",83
"2020-01-02 17:45:55",83
"2020-01-02 18:46:04",83
"2020-01-02 19:45:52",83
"2020-01-02 20:46:01",83
"2020-01-02 21:45:44",83
"2020-01-02 22:46:32",83
"2020-01-02 23:45:34",83
"2020-01-03 00:45:59",83
"2020-01-03 01:45:56",83
"2020-01-03 02:46:03",83
"2020-01-03 03:45:53",83
"2020-01-03 04:45:45",83
"2020-01-03 05:46:00",83
"2020-01-03 06:45:45",83
"2020-01-03 07:45:43",83
"2020-01-03 08:45:51",83
"2020-01-03 09:45:40",83
"2020-01-03 10:45:39",83
"2020-01-03 11:45:37",83
"2020-01-03 12:45:39",83
"2020-01-03 14:10:11",83
"2020-01-03 14:49:55",83
"2020-01-03 15:45:49",83
"2020-01-03 16:46:00",83
"2020-01-03 17:46:40",83
"2020-01-03 18:46:02",83
"2020-01-03 19:45:53",83
"2020-01-03 20:45:58",83
"2020-01-03 21:45:38",82
"2020-01-03 22:45:44",82
"2020-01-03 23:45:40",82
"2020-01-04 00:45:53",82
"2020-01-04 01:45:40",82
"2020-01-04 02:45:41",82
"2020-01-04 03:45:58",82
"2020-01-04 04:45:50",82
"2020-01-04 05:45:45",82
"2020-01-04 06:45:51",82
"2020-01-04 07:45:31",82
"2020-01-04 08:45:43",82
"2020-01-04 09:45:38",82
"2020-01-04 10:45:37",82
"2020-01-04 11:45:33",82
"2020-01-04 12:45:42",82
"2020-01-04 13:45:35",82
"2020-01-04 14:45:36",82
"2020-01-04 15:45:46",82
"2020-01-04 16:45:48",82
"2020-01-04 17:45:53",82
"2020-01-04 18:45:43",82
"2020-01-04 19:45:47",82
"2020-01-04 20:45:49",82
"2020-01-04 21:46:25",82
"2020-01-04 22:45:46",82
"2020-01-04 23:45:59",82
"2020-01-05 00:45:44",82
"2020-01-05 01:46:15",82
"2020-01-05 02:46:02",82
"2020-01-05 03:45:58",82
"2020-01-05 04:45:40",82
"2020-01-05 05:45:41",82
"2020-01-05 06:45:32",82
"2020-01-05 07:45:30",82
"2020-01-05 08:45:23",82
"2020-01-05 09:45:25",82
"2020-01-05 10:45:22",82
"2020-01-05 11:45:44",82
"2020-01-05 12:45:24",82
"2020-01-05 13:45:43",82
"2020-01-05 14:45:31",82
"2020-01-05 15:45:35",82
"2020-01-05 16:45:44",82
"2020-01-05 17:46:32",82
"2020-01-05 18:45:57",82
"2020-01-05 20:45:51",82
"2020-01-05 21:46:06",82
"2020-01-05 22:45:41",82
"2020-01-05 23:45:48",82
"2020-01-06 00:45:53",82
"2020-01-06 01:45:53",82
"2020-01-06 02:46:10",82
"2020-01-06 03:46:07",82
"2020-01-06 04:46:06",82
"2020-01-06 05:45:57",82
"2020-01-06 06:45:49",82
"2020-01-06 07:45:40",82
"2020-01-06 08:45:51",82
"2020-01-16 06:45:39",82
"2020-01-16 07:45:35",82
"2020-01-16 08:45:38",82
"2020-01-16 09:45:29",82
"2020-01-16 10:45:29",82
"2020-01-16 11:45:32",82
"2020-01-16 12:45:33",82
"2020-01-16 14:10:12",82
"2020-01-16 15:45:38",82
"2020-01-16 16:45:47",82
"2020-01-16 17:45:49",83
"2020-01-16 18:45:33",83
"2020-01-16 19:45:37",83
"2020-01-16 20:45:40",83
"2020-01-16 21:45:33",83
"2020-01-16 22:45:40",83
"2020-01-16 23:45:30",83
"2020-01-17 00:45:56",83
"2020-01-17 01:46:03",83
"2020-01-17 02:45:33",83
"2020-01-17 03:45:30",83
"2020-01-17 04:45:28",83
"2020-01-17 05:45:24",83
"2020-01-17 06:45:32",83
"2020-01-17 07:45:20",83
"2020-01-17 08:45:19",83
"2020-01-17 09:46:05",83
"2020-01-17 10:45:10",83
"2020-01-17 11:45:13",83
"2020-01-17 12:45:21",83
"2020-01-17 14:08:14",83
"2020-01-17 14:45:39",83
"2020-01-17 15:45:35",84
"2020-01-17 16:45:39",84
"2020-01-17 17:45:30",84
"2020-01-17 18:45:34",84
"2020-01-17 19:45:29",84
"2020-01-17 20:45:28",84
"2020-01-17 21:45:19",84
"2020-01-17 22:45:27",84
"2020-01-17 23:45:24",84
"2020-01-18 00:45:51",84
"2020-01-18 01:45:22",84
"2020-01-18 02:45:26",84
"2020-01-18 03:45:29",84
"2020-01-18 04:45:30",84
"2020-01-18 05:45:33",84
"2020-01-18 06:45:15",84
"2020-01-18 07:45:27",84
"2020-01-18 08:45:24",84
"2020-01-18 09:45:18",84
"2020-01-18 10:45:22",84
"2020-01-18 11:45:14",84
"2020-01-18 12:45:23",84
"2020-01-18 13:45:25",84
"2020-01-18 14:45:26",84
"2020-01-18 15:45:31",84
"2020-01-18 16:45:13",84
"2020-01-18 17:45:35",84
"2020-01-18 18:45:29",84
"2020-01-18 19:45:56",84
"2020-01-18 20:45:30",84
"2020-01-18 21:45:35",84
"2020-01-18 22:45:22",84
"2020-01-18 23:45:23",84
"2020-01-19 00:45:13",84
"2020-01-19 01:45:28",84
"2020-01-19 02:45:30",84
"2020-01-19 03:45:34",84
"2020-01-19 04:45:26",84
"2020-01-19 05:45:24",84
"2020-01-19 06:45:23",84
"2020-01-19 07:45:15",84
"2020-01-19 08:45:45",84
"2020-01-19 09:45:22",84
"2020-01-19 10:45:13",84
"2020-01-19 11:45:15",84
"2020-01-19 12:45:29",84
"2020-01-19 13:45:20",84
"2020-01-19 14:45:47",84
"2020-01-19 15:46:01",84
"2020-01-19 16:45:18",84
"2020-01-19 17:45:23",84
"2020-01-19 18:45:16",84
"2020-01-19 19:46:07",84
"2020-01-19 20:45:26",84
"2020-01-19 21:45:30",84
"2020-01-19 22:45:28",84
"2020-01-19 23:46:14",84
"2020-01-20 00:46:04",84
"2020-01-20 01:46:00",84
"2020-01-20 02:45:40",84
"2020-01-20 03:46:00",84
"2020-01-20 04:45:53",84
"2020-01-20 05:45:19",84
"2020-01-20 06:46:03",84
"2020-01-20 07:45:17",84
"2020-01-20 08:45:59",84
"2020-01-20 09:53:05",84
"2020-01-20 10:45:39",84
"2020-01-20 11:45:15",84
"2020-01-20 12:45:19",84
"2020-01-20 13:45:49",84
"2020-01-20 14:45:47",84
"2020-01-20 15:46:00",84
"2020-01-20 16:45:27",84
"2020-01-20 17:45:53",84
"2020-01-20 18:45:25",84
"2020-01-20 19:45:53",84
"2020-01-20 20:46:01",84
"2020-01-20 21:46:08",84
"2020-01-20 22:46:00",84
"2020-01-20 23:45:56",84
"2020-01-21 00:46:00",84
"2020-01-21 01:45:52",84
"2020-01-21 02:45:58",84
"2020-01-21 03:45:22",84
"2020-01-21 04:45:29",84
"2020-01-21 05:45:22",84
"2020-01-21 06:45:22",84
"2020-01-21 07:45:15",84
"2020-01-21 08:45:30",84
"2020-01-21 10:01:36",84
"2020-01-21 10:45:57",84
"2020-01-21 11:45:23",84
"2020-01-21 12:45:20",84
"2020-01-21 13:45:26",84
"2020-01-21 15:46:16",84
"2020-01-21 16:45:34",84
"2020-01-21 17:46:04",84
"2020-01-21 18:45:39",84
"2020-01-21 19:45:59",84
"2020-01-21 20:45:36",82
"2020-01-21 21:46:04",82
"2020-01-21 22:45:54",82
"2020-01-21 23:45:24",82
"2020-01-22 00:45:30",82
"2020-01-22 01:45:31",82
"2020-01-22 02:45:58",82
"2020-01-22 03:45:34",82
"2020-01-22 04:45:35",82
"2020-01-22 05:45:36",82
"2020-01-22 06:45:26",82
"2020-01-22 07:45:26",82
"2020-01-22 08:45:35",82
"2020-01-22 09:57:46",82
"2020-01-22 10:45:13",82
"2020-01-22 11:45:17",82
"2020-01-22 12:45:48",82
"2020-01-22 13:45:55",82
"2020-01-22 14:45:54",82
"2020-01-22 15:45:36",82
"2020-01-22 16:46:07",82
"2020-01-22 17:45:54",82
"2020-01-22 18:45:52",82
"2020-01-22 19:46:08",82
"2020-01-22 20:46:02",82
"2020-01-22 21:46:08",82
"2020-01-22 22:45:45",82
"2020-01-22 23:45:59",82
"2020-01-23 00:46:05",82
"2020-01-23 01:46:05",82
"2020-01-23 02:45:36",82
"2020-01-23 03:45:32",82
"2020-01-23 04:45:42",82
"2020-01-23 05:45:20",82
"2020-01-23 06:45:27",82
"2020-01-23 07:45:25",82
"2020-01-23 08:45:24",82
"2020-01-23 10:45:17",82
"2020-01-23 11:45:27",82
"2020-01-23 12:45:23",82
"2020-01-23 14:09:44",82
"2020-01-23 14:45:56",82
"2020-01-23 15:45:40",82
"2020-01-23 16:45:30",82
"2020-01-23 17:45:29",82
"2020-01-23 18:45:39",82
"2020-01-23 19:45:29",82
"2020-01-23 20:45:39",82
"2020-01-23 21:45:41",82
"2020-01-23 22:45:29",82
"2020-01-23 23:45:34",82
"2020-01-24 00:45:27",82
"2020-01-24 01:45:31",82
"2020-01-24 02:46:02",82
"2020-01-24 03:45:24",82
"2020-01-24 04:45:25",82
"2020-01-24 05:45:39",82
"2020-01-24 06:45:12",82
"2020-01-24 07:45:35",82
"2020-01-24 08:45:19",82
"2020-01-24 09:55:51",82
"2020-01-24 10:45:22",82
"2020-01-24 11:45:13",82
"2020-01-24 12:45:23",82
"2020-01-24 14:08:43",82
"2020-01-24 14:45:41",82
"2020-01-24 15:45:37",82
"2020-01-24 16:45:33",82
"2020-01-24 17:45:31",82
"2020-01-24 18:45:29",82
"2020-01-24 19:45:41",82
"2020-01-24 20:45:36",82
"2020-01-24 21:45:30",82
"2020-01-24 22:45:23",82
"2020-01-24 23:45:32",82
"2020-01-25 00:45:27",82
"2020-01-25 01:45:33",82
"2020-01-25 02:45:42",82
"2020-01-25 03:45:39",82
"2020-01-25 04:45:29",82
"2020-01-25 05:45:38",82
"2020-01-25 06:45:25",82
"2020-01-25 07:45:30",82
"2020-01-25 08:45:28",82
"2020-01-25 09:56:18",82
"2020-01-25 10:45:20",82
"2020-01-25 11:45:21",82
"2020-01-25 12:45:31",82
"2020-01-25 14:45:20",82
"2020-01-25 15:45:22",82
"2020-01-25 16:45:31",82
"2020-01-25 17:45:33",82
"2020-01-25 18:45:32",82
"2020-01-25 19:45:29",82
"2020-01-25 20:45:28",82
"2020-01-25 21:45:24",82
"2020-01-25 22:45:30",82
"2020-01-25 23:45:25",82
"2020-01-26 00:45:30",82
"2020-01-26 01:45:29",82
"2020-01-26 02:45:33",82
"2020-01-26 03:45:31",82
"2020-01-26 04:45:24",82
"2020-01-26 06:45:18",82
"2020-01-26 07:45:19",82
"2020-01-27 02:45:34",82
"2020-01-27 03:45:29",82
"2020-01-27 04:45:35",82
"2020-01-27 05:45:38",82
"2020-01-27 06:45:38",82
"2020-01-27 07:45:25",82
"2020-01-27 08:45:26",82
"2020-01-27 09:45:38",82
"2020-01-27 10:45:24",82
"2020-01-27 11:45:30",82
"2020-01-27 12:45:13",82
"2020-01-27 13:45:33",82
"2020-01-27 14:46:28",81
"2020-01-27 15:46:01",81
"2020-01-27 16:45:41",81
"2020-01-27 17:45:46",81
"2020-01-27 18:45:42",81
"2020-01-27 19:45:54",81
"2020-01-27 20:45:40",81
"2020-01-27 21:45:46",81
"2020-01-27 22:46:11",81
"2020-01-27 23:45:47",81
"2020-01-28 00:45:23",81
"2020-01-28 01:45:45",81
"2020-01-28 02:45:47",81
"2020-01-28 03:45:33",81
"2020-01-28 04:45:36",81
"2020-01-28 05:45:36",81
"2020-01-28 06:45:22",81
"2020-01-28 07:45:25",81
"2020-01-28 08:45:36",81
"2020-01-28 09:45:55",81
"2020-01-28 10:45:20",81
"2020-01-28 11:45:23",81
"2020-01-28 12:45:23",81
"2020-01-28 14:09:17",81
"2020-01-28 14:46:06",81
"2020-01-28 15:45:45",81
"2020-01-28 16:45:54",81
"2020-01-28 17:45:42",81
"2020-01-28 18:45:43",81
"2020-01-28 19:45:44",81
"2020-01-28 21:46:03",81
"2020-01-28 22:45:44",81
"2020-01-28 23:45:32",82
"2020-01-29 00:45:32",82
"2020-01-29 01:45:46",82
"2020-01-29 02:45:58",82
"2020-01-29 03:45:44",82
"2020-01-29 04:45:42",82
"2020-01-29 05:45:37",82
"2020-01-29 06:45:29",82
"2020-01-29 07:45:17",82
"2020-01-29 08:45:32",82
"2020-01-29 09:45:41",82
"2020-01-29 10:45:22",82
"2020-01-29 11:45:20",82
"2020-01-29 12:45:30",82
"2020-01-29 13:45:47",82
"2020-01-29 14:45:57",82
"2020-01-29 15:45:55",82
"2020-01-29 16:45:45",82
"2020-01-29 17:46:02",82
"2020-01-29 18:45:46",82
"2020-01-29 19:45:53",82
"2020-01-29 20:45:52",82
"2020-01-29 21:45:42",82
"2020-01-29 22:45:35",82
"2020-01-29 23:45:30",82
"2020-01-30 00:45:45",82
"2020-01-30 01:45:55",82
"2020-01-30 02:45:53",82
"2020-01-30 03:45:34",82
"2020-01-30 04:45:58",82
"2020-01-30 05:46:00",82
"2020-01-30 06:45:48",82
"2020-01-30 07:45:24",82
"2020-01-30 08:45:30",82
"2020-01-30 09:45:39",82
"2020-01-30 10:45:14",82
"2020-01-30 11:45:26",82
"2020-01-30 12:45:31",82
"2020-01-30 13:45:28",82
"2020-01-30 14:46:03",82
"2020-01-30 15:45:53",82
"2020-01-30 16:45:57",82
"2020-01-30 17:45:51",82
"2020-01-30 18:45:44",82
"2020-01-30 19:45:53",82
"2020-01-30 20:45:32",82
"2020-01-30 21:45:52",82
"2020-01-30 22:45:21",82
"2020-01-30 23:45:25",82
"2020-01-31 00:45:32",82
"2020-01-31 01:45:50",82
"2020-01-31 02:45:38",82
"2020-01-31 03:45:44",82
"2020-01-31 04:45:34",82
"2020-01-31 05:45:30",82
"2020-01-31 06:45:18",82
"2020-01-31 07:45:27",82
"2020-01-31 08:45:49",82
"2020-01-31 09:45:43",82
"2020-01-31 10:45:29",82
"2020-01-31 11:45:23",82
"2020-01-31 12:45:24",82
"2020-01-31 13:45:41",82
"2020-01-31 14:45:46",82
"2020-01-31 15:45:40",82
"2020-01-31 16:45:33",82
"2020-01-31 17:45:32",82
"2020-01-31 18:45:40",82
"2020-01-31 19:45:39",82
"2020-01-31 20:45:39",82
"2020-01-31 21:45:24",82
"2020-01-31 22:45:28",82
"2020-01-31 23:45:35",82
"2020-02-01 00:45:24",82
"2020-02-01 01:45:48",82
"2020-02-01 02:45:26",82
"2020-02-01 03:45:28",82
"2020-02-01 04:45:41",82
"2020-02-01 05:45:45",82
"2020-02-01 06:45:43",82
"2020-02-01 07:45:30",82
"2020-02-01 08:45:27",82
"2020-02-01 09:45:39",82
"2020-02-01 10:45:18",82
"2020-02-01 11:45:26",82
"2020-02-01 12:45:21",82
"2020-02-01 13:45:27",82
"2020-02-01 14:45:41",82
"2020-02-01 15:45:33",82
"2020-02-01 16:45:31",82
"2020-02-01 17:45:35",82
"2020-02-01 18:45:30",82
"2020-02-01 19:45:37",82
"2020-02-01 20:45:35",82
"2020-02-01 21:45:53",82
"2020-02-01 22:45:38",82
"2020-02-01 23:45:44",82
"2020-02-02 00:45:44",82
"2020-02-02 01:45:51",82
"2020-02-02 02:45:42",82
"2020-02-02 03:45:42",82
"2020-02-02 04:45:37",82
"2020-02-02 05:45:39",82
"2020-02-02 06:45:38",82
"2020-02-02 07:45:36",82
"2020-02-02 08:45:44",82
"2020-02-02 09:45:39",82
"2020-02-02 10:45:31",82
"2020-02-02 11:45:34",82
"2020-02-02 12:45:42",82
"2020-02-02 13:45:39",82
"2020-02-02 14:45:38",82
"2020-02-02 15:45:36",82
"2020-02-02 16:45:38",82
"2020-02-02 17:45:53",82
"2020-02-02 18:45:35",82
"2020-02-02 19:45:45",82
"2020-02-02 20:45:47",82
"2020-02-02 21:45:42",82
"2020-02-02 22:45:41",82
"2020-02-02 23:45:59",82
"2020-02-03 00:46:09",82
"2020-02-03 01:45:53",82
"2020-02-03 02:45:43",82
"2020-02-03 03:45:44",82
"2020-02-03 04:45:46",82
"2020-02-03 05:45:50",82
"2020-02-03 06:45:33",82
"2020-02-03 07:45:39",82
"2020-02-03 08:45:43",82
"2020-02-03 09:45:47",82
"2020-02-03 10:45:31",82
"2020-02-03 11:45:35",82
"2020-02-03 12:45:27",82
"2020-02-03 14:45:56",82
"2020-02-03 14:53:41",82
"2020-02-03 15:46:00",82
"2020-02-03 16:45:51",83
"2020-02-03 17:45:51",83
"2020-02-03 18:46:00",83
"2020-02-03 19:45:54",83
"2020-02-03 20:45:52",83
"2020-02-03 21:45:47",83
"2020-02-03 22:45:39",83
"2020-02-03 23:45:45",83
"2020-02-04 00:45:46",83
"2020-02-04 01:45:48",83
"2020-02-04 02:45:55",83
"2020-02-04 03:45:52",83
"2020-02-04 04:45:50",83
"2020-02-04 05:45:57",83
"2020-02-04 06:45:47",83
"2020-02-04 07:45:50",83
"2020-02-04 08:45:29",83
"2020-02-04 09:45:49",83
"2020-02-04 10:45:32",83
"2020-02-04 11:45:47",83
"2020-02-04 12:45:41",83
"2020-02-04 14:12:50",83
"2020-02-04 15:45:51",83
"2020-02-04 16:45:48",83
"2020-02-04 17:45:53",83
"2020-02-04 18:45:48",83
"2020-02-04 19:45:42",84
"2020-02-04 20:45:41",84
"2020-02-04 21:45:48",84
"2020-02-04 22:45:46",84
"2020-02-04 23:45:49",84
"2020-02-05 00:45:48",84
"2020-02-05 01:45:45",84
"2020-02-05 02:45:49",84
"2020-02-05 03:45:49",84
"2020-02-05 04:46:15",84
"2020-02-05 05:45:43",84
"2020-02-05 06:45:56",84
"2020-02-05 07:45:49",84
"2020-02-05 08:45:45",84
"2020-02-05 09:45:43",84
"2020-02-05 10:45:47",84
"2020-02-05 11:45:41",84
"2020-02-05 12:45:47",84
"2020-02-05 14:06:49",84
"2020-02-05 14:46:03",84
"2020-02-05 15:46:02",84
"2020-02-05 16:45:54",84
"2020-02-05 17:45:47",83
"2020-02-05 18:45:44",83
"2020-02-05 19:45:54",84
"2020-02-05 20:46:00",84
"2020-02-05 21:45:44",84
"2020-02-05 22:45:48",84
"2020-02-05 23:45:45",84
"2020-02-06 00:45:54",84
"2020-02-06 01:45:53",84
"2020-02-06 02:45:58",84
"2020-02-06 03:46:11",84
"2020-02-06 04:46:05",84
"2020-02-06 05:45:53",84
"2020-02-06 06:45:40",84
"2020-02-06 07:45:49",84
"2020-02-06 08:45:45",84
"2020-02-06 09:45:45",84
"2020-02-06 10:45:31",84
"2020-02-06 11:45:37",84
"2020-02-06 12:45:42",84
"2020-02-06 13:45:38",84
"2020-02-06 14:45:53",84
"2020-02-06 15:46:04",84
"2020-02-06 16:45:45",84
"2020-02-06 17:45:46",84
"2020-02-06 18:45:52",84
"2020-02-06 19:45:59",84
"2020-02-06 20:45:57",84
"2020-02-06 21:45:48",84
"2020-02-06 22:45:54",84
"2020-02-06 23:45:46",84
"2020-02-07 00:45:49",84
"2020-02-07 01:46:04",84
"2020-02-07 02:45:47",84
"2020-02-07 03:45:53",84
"2020-02-07 04:45:58",84
"2020-02-07 05:46:02",84
"2020-02-07 06:46:07",84
"2020-02-07 07:45:56",84
"2020-02-07 08:45:54",84
"2020-02-07 09:45:56",84
"2020-02-07 10:45:45",84
"2020-02-07 11:45:48",84
"2020-02-07 12:45:40",84
"2020-02-07 14:08:20",84
"2020-02-07 14:46:06",84
"2020-02-07 15:45:57",83
"2020-02-07 16:46:00",83
"2020-02-07 17:46:04",83
"2020-02-07 18:45:49",83
"2020-02-07 19:46:02",83
"2020-02-07 20:45:57",83
"2020-02-07 21:45:47",83
"2020-02-07 22:45:58",83
"2020-02-07 23:45:41",83
"2020-02-08 00:45:44",83
"2020-02-08 01:45:42",83
"2020-02-08 02:45:53",83
"2020-02-08 03:45:53",83
"2020-02-08 04:45:49",83
"2020-02-08 05:45:48",83
"2020-02-08 06:45:44",83
"2020-02-08 07:45:49",83
"2020-02-08 08:45:38",83
"2020-02-08 09:45:44",83
"2020-02-08 10:45:34",83
"2020-02-08 11:45:40",83
"2020-02-08 12:45:37",83
"2020-02-08 13:45:41",83
"2020-02-08 14:45:58",83
"2020-02-08 15:45:52",83
"2020-02-08 16:45:53",83
"2020-02-08 17:45:54",83
"2020-02-08 18:48:32",83
"2020-02-08 19:45:45",83
"2020-02-08 20:45:55",83
"2020-02-08 21:45:52",83
"2020-02-08 22:45:49",83
"2020-02-08 23:45:50",83
"2020-02-09 00:45:43",83
"2020-02-09 01:45:53",83
"2020-02-09 02:45:56",83
"2020-02-09 03:45:52",83
"2020-02-09 04:45:39",83
"2020-02-09 05:45:44",83
"2020-02-09 06:45:41",83
"2020-02-09 07:45:42",83
"2020-02-09 08:45:43",83
"2020-02-09 09:45:49",83
"2020-02-09 10:45:49",83
"2020-02-09 11:45:49",83
"2020-02-09 12:45:43",83
"2020-02-09 13:45:40",83
"2020-02-09 14:45:44",83
"2020-02-09 15:45:52",83
"2020-02-09 16:45:49",83
"2020-02-09 17:45:53",83
"2020-02-09 18:45:45",83
"2020-02-09 19:45:52",83
"2020-02-09 20:45:47",83
"2020-02-09 21:46:00",83
"2020-02-09 22:45:49",83
"2020-02-09 23:46:26",83
"2020-02-10 00:45:59",83
"2020-02-10 01:45:45",83
"2020-02-10 02:45:49",83
"2020-02-10 03:45:53",83
"2020-02-10 04:45:46",83
"2020-02-10 05:46:00",83
"2020-02-10 06:45:53",83
"2020-02-10 07:45:51",83
"2020-02-10 08:45:47",83
"2020-02-10 09:45:56",83
"2020-02-10 10:45:44",83
"2020-02-10 11:45:41",83
"2020-02-10 12:45:40",83
"2020-02-10 13:45:45",83
"2020-02-10 14:45:59",83
"2020-02-10 15:46:05",82
"2020-02-10 16:46:03",82
"2020-02-10 17:45:51",82
"2020-02-10 18:45:54",82
"2020-02-10 19:45:54",82
"2020-02-10 20:46:00",82
"2020-02-10 21:45:56",82
"2020-02-10 22:45:55",82
"2020-02-10 23:45:46",82
"2020-02-11 00:45:55",82
"2020-02-11 01:46:15",82
"2020-02-11 02:45:50",82
"2020-02-11 03:45:54",82
"2020-02-11 04:45:49",82
"2020-02-11 05:45:49",82
"2020-02-11 06:45:55",82
"2020-02-11 07:45:48",82
"2020-02-11 08:45:50",82
"2020-02-11 09:45:54",82
"2020-02-11 10:45:37",82
"2020-02-11 11:45:41",82
"2020-02-11 12:45:34",82
"2020-02-11 14:08:49",82
"2020-02-11 14:46:08",82
"2020-02-11 15:46:02",82
"2020-02-11 16:46:06",82
"2020-02-11 17:45:54",81
"2020-02-11 18:45:53",81
"2020-02-11 19:45:59",81
"2020-02-11 20:46:00",81
"2020-02-11 21:48:24",81
"2020-02-11 22:46:12",81
"2020-02-11 23:45:44",81
"2020-02-12 00:46:13",81
"2020-02-12 01:45:57",81
"2020-02-12 02:46:21",81
"2020-02-12 03:45:50",81
"2020-02-12 04:46:01",81
"2020-02-12 05:45:49",81
"2020-02-12 06:45:58",81
"2020-02-12 07:45:45",81
"2020-02-12 08:45:46",81
"2020-02-12 09:45:58",81
"2020-02-12 10:45:41",81
"2020-02-12 11:45:43",81
"2020-02-12 12:45:42",81
"2020-02-12 14:08:49",81
"2020-02-12 14:46:08",81
"2020-02-12 15:45:57",81
"2020-02-12 16:45:54",81
"2020-02-12 17:45:55",81
"2020-02-12 18:46:01",81
"2020-02-12 19:45:55",81
"2020-02-12 20:46:04",81
"2020-02-12 21:45:58",81
"2020-02-12 22:45:35",81
"2020-02-12 23:45:25",81
"2020-02-13 00:45:57",81
"2020-02-13 01:45:41",81
"2020-02-13 02:46:05",81
"2020-02-13 03:45:57",81
"2020-02-13 04:45:52",81
"2020-02-13 05:45:53",81
"2020-02-13 06:45:56",81
"2020-02-13 07:45:38",81
"2020-02-13 08:45:49",81
"2020-02-13 09:45:36",81
"2020-02-13 10:45:28",81
"2020-02-13 11:45:49",81
"2020-02-13 12:45:36",81
"2020-02-13 14:08:47",81
"2020-02-13 14:45:53",81
"2020-02-13 15:45:50",81
"2020-02-13 16:45:48",82
"2020-02-13 17:46:06",82
"2020-02-13 18:46:06",82
"2020-02-13 19:45:53",82
"2020-02-13 20:45:42",82
"2020-02-13 21:45:51",82
"2020-02-13 22:45:32",82
"2020-02-13 23:45:38",82
"2020-02-14 00:45:30",82
"2020-02-14 01:45:52",82
"2020-02-14 02:45:51",82
"2020-02-14 03:45:38",82
"2020-02-14 04:45:46",82
"2020-02-14 05:45:42",82
"2020-02-14 06:45:23",82
"2020-02-14 07:45:22",82
"2020-02-14 08:45:40",82
"2020-02-14 09:45:36",82
"2020-02-14 10:45:32",82
"2020-02-14 11:45:27",82
"2020-02-14 12:45:35",82
"2020-02-14 13:45:41",82
"2020-02-14 14:45:57",82
"2020-02-14 15:46:03",82
"2020-02-14 16:45:46",82
"2020-02-14 17:45:47",82
"2020-02-14 18:45:34",82
"2020-02-14 19:45:42",82
"2020-02-14 20:45:54",82
"2020-02-14 21:45:37",82
"2020-02-14 22:45:32",82
"2020-02-14 23:45:49",82
"2020-02-15 00:45:32",82
"2020-02-15 01:45:48",82
"2020-02-15 02:45:48",82
"2020-02-15 03:45:40",82
"2020-02-15 04:45:39",82
"2020-02-15 05:45:07",82
"2020-02-15 06:45:23",82
"2020-02-15 07:45:12",82
"2020-02-15 08:45:09",82
"2020-02-15 09:45:13",82
"2020-02-15 10:45:06",82
"2020-02-15 11:45:10",82
"2020-02-15 12:45:19",82
"2020-02-15 13:45:09",82
"2020-02-15 14:45:12",82
"2020-02-15 15:45:14",82
"2020-02-15 16:45:08",82
"2020-02-15 17:45:10",82
"2020-02-15 18:45:28",82
"2020-02-15 19:45:09",82
"2020-02-15 20:45:10",82
"2020-02-15 21:45:09",82
"2020-02-15 22:45:11",82
"2020-02-15 23:45:10",82
"2020-02-16 00:45:09",82
"2020-02-16 01:45:10",82
"2020-02-16 02:45:09",82
"2020-02-16 03:45:09",82
"2020-02-16 04:45:13",82
"2020-02-16 05:45:12",82
"2020-02-16 06:45:09",82
"2020-02-16 07:45:08",82
"2020-02-16 08:45:09",82
"2020-02-16 09:45:11",82
"2020-02-16 10:45:09",82
"2020-02-16 11:45:10",82
"2020-02-16 12:45:11",82
"2020-02-16 13:45:08",82
"2020-02-16 14:45:12",82
"2020-02-16 15:45:27",82
"2020-02-16 16:45:23",82
"2020-02-16 17:45:11",82
"2020-02-16 18:45:13",82
"2020-02-16 19:45:09",82
"2020-02-16 20:45:11",82
"2020-02-16 21:45:10",82
"2020-02-16 22:45:11",82
"2020-02-16 23:45:11",82
"2020-02-17 00:45:10",82
"2020-02-17 01:45:07",82
"2020-02-17 02:45:15",82
"2020-02-17 03:45:08",82
"2020-02-17 04:45:11",82
"2020-02-17 05:45:11",82
"2020-02-17 06:45:13",82
"2020-02-17 07:45:08",82
"2020-02-17 08:45:12",82
"2020-02-17 09:45:12",82
"2020-02-17 10:45:09",82
"2020-02-17 11:45:07",82
"2020-02-17 12:45:21",82
"2020-02-17 13:45:07",82
"2020-02-17 14:45:04",82
"2020-02-17 15:45:10",82
"2020-02-17 16:45:20",82
"2020-02-17 17:45:09",82
"2020-02-17 18:45:09",82
"2020-02-17 19:45:07",82
"2020-02-17 20:45:09",82
"2020-02-17 22:45:18",82
"2020-02-17 23:45:24",82
"2020-02-18 00:45:07",82
"2020-02-18 01:45:09",82
"2020-02-18 02:45:15",82
"2020-02-18 03:45:11",82
"2020-02-18 04:45:11",82
"2020-02-18 05:45:44",82
"2020-02-18 06:45:25",82
"2020-02-18 07:45:29",82
"2020-02-18 08:45:39",82
"2020-02-18 09:45:35",82
"2020-02-18 10:45:28",82
"2020-02-18 11:45:28",82
"2020-02-18 12:45:51",82
"2020-02-18 14:09:17",82
"2020-02-18 14:45:56",82
"2020-02-18 15:45:55",82
"2020-02-18 16:45:52",82
"2020-02-18 17:45:38",82
"2020-02-18 18:45:39",82
"2020-02-18 19:45:45",82
"2020-02-18 20:45:43",82
"2020-02-18 21:45:31",82
"2020-02-18 22:45:31",82
"2020-02-18 23:45:41",82
"2020-02-19 01:45:36",82
"2020-02-19 02:45:37",82
"2020-02-19 03:45:49",82
"2020-02-19 04:45:36",82
"2020-02-19 05:45:28",82
"2020-02-19 06:45:45",82
"2020-02-19 07:45:36",82
"2020-02-19 08:45:27",82
"2020-02-19 09:45:42",82
"2020-02-19 10:45:24",82
"2020-02-19 11:45:24",82
"2020-02-19 12:45:35",82
"2020-02-19 14:10:48",82
"2020-02-19 14:45:51",82
"2020-02-19 15:45:54",82
"2020-02-19 16:45:35",82
"2020-02-19 17:45:43",82
"2020-02-19 18:45:43",82
"2020-02-19 19:45:29",82
"2020-02-19 20:45:34",82
"2020-02-19 21:45:57",82
"2020-02-19 22:45:44",82
"2020-02-19 23:45:33",82
"2020-02-20 00:45:37",82
"2020-02-20 01:45:44",82
"2020-02-20 02:45:48",82
"2020-02-20 03:45:37",82
"2020-02-20 04:45:46",82
"2020-02-20 05:45:37",82
"2020-02-20 06:45:54",82
"2020-02-20 07:45:46",82
"2020-02-20 08:45:48",82
"2020-02-20 09:45:36",82
"2020-02-20 10:45:38",82
"2020-02-20 11:45:44",82
"2020-02-20 12:45:47",82
"2020-02-20 13:45:51",82
"2020-02-20 14:45:22",82
"2020-02-20 15:45:33",82
"2020-02-20 16:45:26",82
"2020-02-20 17:45:41",82
"2020-02-20 18:45:58",82
"2020-02-20 19:46:11",82
"2020-02-20 20:46:03",82
"2020-02-20 21:45:59",82
"2020-02-20 22:46:01",82
"2020-02-20 23:45:51",82
"2020-02-21 00:45:56",82
"2020-02-21 01:45:57",82
"2020-02-21 02:46:10",82
"2020-02-21 03:46:28",82
"2020-02-21 04:46:28",82
"2020-02-21 05:46:05",82
"2020-02-21 06:46:03",82
"2020-02-21 07:46:11",82
"2020-02-21 08:45:59",82
"2020-02-21 09:46:33",82
"2020-02-21 10:47:05",82
"2020-02-21 11:46:24",82
"2020-02-21 12:46:25",82
"2020-02-21 13:46:28",82
"2020-02-21 14:46:26",82
"2020-02-21 15:46:44",82
"2020-02-21 16:47:06",83
"2020-02-21 17:47:01",83
"2020-02-21 18:46:33",83
"2020-02-21 19:46:07",83
"2020-02-21 20:46:03",83
"2020-02-21 21:46:34",83
"2020-02-21 22:46:10",83
"2020-02-21 23:47:58",83
"2020-02-22 00:46:54",83
"2020-02-22 01:46:20",83
"2020-02-22 02:46:17",83
"2020-02-22 03:46:45",83
"2020-02-22 04:46:28",83
"2020-02-22 05:45:58",83
"2020-02-22 06:45:31",83
"2020-02-22 07:45:55",83
"2020-02-22 08:46:23",83
"2020-02-22 09:45:31",83
"2020-02-22 10:45:48",83
"2020-02-22 11:45:30",83
"2020-02-22 12:46:04",83
"2020-02-22 13:47:29",83
"2020-02-22 14:45:30",83
"2020-02-22 15:45:43",83
"2020-02-22 16:46:46",83
"2020-02-22 17:46:14",83
"2020-02-22 18:45:38",83
"2020-02-22 19:45:35",83
"2020-02-22 20:46:04",83
"2020-02-22 21:47:04",83
"2020-02-22 22:46:21",83
"2020-02-22 23:45:30",83
"2020-02-23 00:45:39",83
"2020-02-23 01:45:46",83
"2020-02-23 02:45:57",83
"2020-02-23 03:45:40",83
"2020-02-23 04:46:05",83
"2020-02-23 05:46:03",83
"2020-02-23 06:45:39",83
"2020-02-23 07:45:45",83
"2020-02-23 08:46:22",83
"2020-02-23 09:45:40",83
"2020-02-23 10:45:42",83
"2020-02-23 11:45:43",83
"2020-02-23 12:45:41",83
"2020-02-23 13:45:41",83
"2020-02-23 14:46:07",83
"2020-02-23 15:45:40",83
"2020-02-23 16:45:45",83
"2020-02-23 17:45:32",83
"2020-02-23 18:45:43",83
"2020-02-23 19:45:42",83
"2020-02-23 20:45:40",83
"2020-02-23 21:46:07",83
"2020-02-23 22:45:26",83
"2020-02-23 23:45:44",83
"2020-02-24 00:46:17",83
"2020-02-24 01:45:33",83
"2020-02-24 02:46:11",83
"2020-02-24 03:45:40",83
"2020-02-24 04:45:49",83
"2020-02-24 05:46:43",83
"2020-02-24 06:46:10",83
"2020-02-24 07:46:00",83
"2020-02-24 08:46:10",83
"2020-02-24 09:57:12",83
"2020-02-24 10:45:53",83
"2020-02-24 11:46:32",83
"2020-02-24 12:46:02",83
"2020-02-24 13:46:19",83
"2020-02-24 14:47:03",83
"2020-02-24 15:46:08",83
"2020-02-24 16:46:41",83
"2020-02-24 17:46:12",83
"2020-02-24 18:46:22",82
"2020-02-24 19:46:43",82
"2020-02-24 20:46:42",82
"2020-02-24 21:46:35",82
"2020-02-24 22:46:34",82
"2020-02-24 23:46:02",82
"2020-02-25 00:46:03",82
"2020-02-25 01:45:59",82
"2020-02-25 02:46:20",82
"2020-02-25 03:46:10",82
"2020-02-25 04:46:12",82
"2020-02-25 05:46:59",82
"2020-02-25 06:46:18",82
"2020-02-25 07:46:19",82
"2020-02-25 08:46:31",82
"2020-02-25 09:57:56",82
"2020-02-25 10:46:26",82
"2020-02-25 11:46:05",82
"2020-02-25 12:46:19",82
"2020-02-25 14:10:13",82
"2020-02-25 14:46:22",82
"2020-02-25 15:46:18",83
"2020-02-25 16:46:15",83
"2020-02-25 17:46:13",83
"2020-02-25 18:46:36",83
"2020-02-25 19:46:07",83
"2020-02-25 20:46:45",83
"2020-02-25 21:46:41",83
"2020-02-25 22:46:06",83
"2020-02-25 23:46:11",83
"2020-02-26 00:46:09",83
"2020-02-26 01:46:12",83
"2020-02-26 02:46:15",83
"2020-02-26 03:46:07",83
"2020-02-26 04:46:50",83
"2020-02-26 05:46:40",83
"2020-02-26 06:46:40",83
"2020-02-26 07:47:03",83
"2020-02-26 08:46:30",83
"2020-02-26 09:46:20",83
"2020-02-26 10:46:10",83
"2020-02-26 11:46:30",83
"2020-02-26 12:46:04",83
"2020-02-26 13:46:37",83
"2020-02-26 14:47:03",83
"2020-02-26 15:46:41",83
"2020-02-26 16:46:13",83
"2020-02-26 17:46:20",83
"2020-02-26 18:46:17",83
"2020-02-26 19:46:36",83
"2020-02-26 20:46:33",83
"2020-02-26 21:46:32",83
"2020-02-26 22:46:31",83
"2020-02-26 23:46:33",83
"2020-02-27 00:46:06",83
"2020-02-27 01:46:14",83
"2020-02-27 02:46:00",83
"2020-02-27 03:46:52",83
"2020-02-27 04:46:07",83
"2020-02-27 05:46:09",83
"2020-02-27 06:46:10",83
"2020-02-27 07:46:00",83
"2020-02-27 08:46:28",83
"2020-02-27 09:46:11",83
"2020-02-27 10:46:44",83
"2020-02-27 11:46:17",83
"2020-02-27 12:46:34",83
"2020-02-27 14:08:46",83
"2020-02-27 14:47:07",83
"2020-02-27 15:46:41",82
"2020-02-27 16:46:44",82
"2020-02-27 17:46:26",82
"2020-02-27 18:46:36",82
"2020-02-27 19:46:05",82
"2020-02-27 20:46:26",82
"2020-02-27 21:46:09",82
"2020-02-27 22:46:35",82
"2020-02-27 23:46:16",82
"2020-02-28 00:46:51",82
"2020-02-28 01:46:05",82
"2020-02-28 02:46:06",82
"2020-02-28 03:46:43",82
"2020-02-28 04:46:56",82
"2020-02-28 05:46:37",82
"2020-02-28 06:46:31",82
"2020-02-28 07:46:38",82
"2020-02-28 08:46:45",82
"2020-02-28 09:46:45",82
"2020-02-28 10:46:02",82
"2020-02-28 11:46:18",82
"2020-02-28 12:46:33",82
"2020-02-28 14:09:20",82
"2020-02-28 14:46:19",82
"2020-02-28 15:46:14",82
"2020-02-28 16:46:21",82
"2020-02-28 17:46:19",82
"2020-02-28 18:46:20",82
"2020-02-28 19:46:50",82
"2020-02-28 20:46:10",82
"2020-02-28 21:46:05",82
"2020-02-28 22:46:37",82
"2020-02-28 23:46:10",82
"2020-02-29 00:46:16",82
"2020-02-29 01:46:11",82
"2020-02-29 02:46:14",82
"2020-02-29 03:46:03",82
"2020-02-29 04:46:22",82
"2020-02-29 05:46:21",82
"2020-02-29 06:46:04",82
"2020-02-29 07:47:04",82
"2020-02-29 08:47:35",82
"2020-02-29 09:47:05",82
"2020-02-29 10:45:39",82
"2020-02-29 11:45:34",82
"2020-02-29 12:47:08",82
"2020-02-29 13:47:04",82
"2020-02-29 14:45:43",82
"2020-02-29 15:45:41",82
"2020-02-29 16:46:14",82
"2020-02-29 17:46:06",82
"2020-02-29 18:45:44",82
"2020-02-29 19:45:41",82
"2020-02-29 20:45:36",82
"2020-02-29 21:45:55",82
"2020-02-29 22:47:37",82
"2020-02-29 23:46:59",82
"2020-03-01 00:47:02",82
"2020-03-01 01:47:03",82
"2020-03-01 02:45:45",82
"2020-03-01 03:47:04",82
"2020-03-01 04:45:39",82
"2020-03-01 05:46:08",82
"2020-03-01 06:45:41",82
"2020-03-01 07:46:01",82
"2020-03-01 08:45:34",82
"2020-03-01 09:47:03",82
"2020-03-01 10:46:57",82
"2020-03-01 11:45:59",82
"2020-03-01 12:46:07",82
"2020-03-01 13:45:37",82
"2020-03-01 14:45:31",82
"2020-03-01 15:47:06",82
"2020-03-01 16:46:12",82
"2020-03-01 17:46:59",82
"2020-03-01 18:47:08",82
"2020-03-01 19:47:09",82
"2020-03-01 20:47:07",82
"2020-03-01 21:45:39",82
"2020-03-01 22:45:40",82
"2020-03-01 23:47:06",82
"2020-03-02 00:45:30",82
"2020-03-02 01:46:11",82
"2020-03-02 02:47:01",82
"2020-03-02 03:47:36",82
"2020-03-02 04:46:14",82
"2020-03-02 05:47:35",82
"2020-03-02 07:46:14",82
"2020-03-02 08:47:39",82
"2020-03-02 09:47:25",82
"2020-03-02 10:46:27",82
"2020-03-02 11:46:07",82
"2020-03-02 12:46:33",82
"2020-03-02 13:47:42",82
"2020-03-02 18:47:36",82
"2020-03-03 00:46:32",82
"2020-03-03 01:46:51",82
"2020-03-03 02:46:39",82
"2020-03-03 03:47:07",82
"2020-03-03 04:47:39",82
"2020-03-03 06:48:03",82
"2020-03-03 07:46:33",82
"2020-03-03 08:48:09",82
"2020-03-03 09:48:17",82
"2020-03-03 10:46:37",82
"2020-03-03 11:48:40",82
"2020-03-03 12:46:34",82
"2020-03-03 13:48:17",82
"2020-03-03 14:47:56",82
"2020-03-03 16:48:48",83
"2020-03-03 17:48:24",83
"2020-03-03 18:46:12",83
"2020-03-03 19:46:09",83
"2020-03-03 20:46:47",83
"2020-03-03 21:46:37",83
"2020-03-03 22:48:58",83
"2020-03-03 23:47:33",83
"2020-03-04 00:48:01",83
"2020-03-04 01:47:38",83
"2020-03-04 02:46:15",83
"2020-03-04 03:46:31",83
"2020-03-04 04:48:10",83
"2020-03-04 05:46:20",83
"2020-03-04 06:48:03",83
"2020-03-04 07:46:35",83
"2020-03-04 08:47:37",83
"2020-03-04 09:46:34",83
"2020-03-04 10:46:01",83
"2020-03-04 11:48:05",83
"2020-03-04 12:47:55",83
"2020-03-04 13:48:12",83
"2020-03-04 14:46:12",83
"2020-03-04 15:48:14",83
"2020-03-04 16:46:17",83
"2020-03-04 17:46:34",83
"2020-03-04 18:47:36",83
"2020-03-04 19:47:42",83
"2020-03-04 20:47:45",83
"2020-03-04 21:46:03",83
"2020-03-04 22:47:37",83
"2020-03-04 23:46:19",83
"2020-03-05 00:46:30",83
"2020-03-05 01:46:38",83
"2020-03-05 02:46:16",83
"2020-03-05 03:46:18",83
"2020-03-05 04:46:39",83
"2020-03-05 05:46:43",83
"2020-03-05 06:46:21",83
"2020-03-05 07:46:06",83
"2020-03-05 08:47:43",83
"2020-03-05 09:46:43",83
"2020-03-05 10:46:09",83
"2020-03-05 11:47:33",83
"2020-03-05 12:46:32",83
"2020-03-05 13:46:38",83
"2020-03-05 14:47:45",83
"2020-03-05 15:46:42",83
"2020-03-05 16:47:40",83
"2020-03-05 17:46:13",83
"2020-03-05 18:46:23",84
"2020-03-05 19:46:14",84
"2020-03-05 20:46:13",84
"2020-03-05 21:46:07",84
"2020-03-05 22:47:37",84
"2020-03-05 23:47:38",84
"2020-03-06 00:46:02",84
"2020-03-06 01:46:17",84
"2020-03-06 02:48:08",84
"2020-03-06 03:47:39",84
"2020-03-06 04:47:44",84
"2020-03-06 05:47:45",84
"2020-03-06 06:48:12",84
"2020-03-06 07:47:31",84
"2020-03-06 08:46:27",84
"2020-03-06 09:47:48",84
"2020-03-06 10:46:10",84
"2020-03-06 11:48:01",84
"2020-03-06 12:46:15",84
"2020-03-06 13:45:55",84
"2020-03-06 14:48:24",84
"2020-03-06 15:46:44",84
"2020-03-06 16:46:42",84
"2020-03-06 17:46:23",84
"2020-03-06 18:46:06",84
"2020-03-06 19:46:31",84
"2020-03-06 20:46:16",84
"2020-03-06 21:46:07",84
"2020-03-06 22:46:11",84
"2020-03-06 23:46:40",84
"2020-03-07 00:46:02",84
"2020-03-07 01:46:38",84
"2020-03-07 02:46:09",84
"2020-03-07 03:48:04",84
"2020-03-07 04:48:13",84
"2020-03-07 05:47:45",84
"2020-03-07 06:47:39",84
"2020-03-07 07:46:41",84
"2020-03-07 08:47:34",84
"2020-03-07 09:46:29",84
"2020-03-07 10:46:37",84
"2020-03-07 11:47:34",84
"2020-03-07 12:46:33",84
"2020-03-07 13:46:05",84
"2020-03-07 14:46:22",84
"2020-03-07 15:46:12",84
"2020-03-07 16:46:15",84
"2020-03-07 17:46:40",84
"2020-03-07 18:46:20",84
"2020-03-07 19:46:17",84
"2020-03-07 20:47:43",84
"2020-03-07 21:48:13",84
"2020-03-07 22:47:43",84
"2020-03-07 23:47:40",84
"2020-03-08 00:46:18",84
"2020-03-08 01:46:36",84
"2020-03-08 02:46:40",84
"2020-03-08 03:47:47",84
"2020-03-08 04:47:41",84
"2020-03-08 05:47:41",84
"2020-03-08 06:47:01",84
"2020-03-08 07:47:38",84
"2020-03-08 08:47:45",84
"2020-03-08 09:46:39",84
"2020-03-08 10:47:46",84
"2020-03-08 11:46:38",84
"2020-03-08 12:48:05",84
"2020-03-08 13:48:14",84
"2020-03-08 14:46:12",84
"2020-03-08 15:47:46",84
"2020-03-08 16:46:11",84
"2020-03-08 17:46:16",84
"2020-03-08 18:48:14",84
"2020-03-08 19:47:05",84
"2020-03-08 20:46:47",84
"2020-03-08 21:46:03",84
"2020-03-08 22:47:37",84
"2020-03-08 23:46:20",84
"2020-03-09 00:47:56",84
"2020-03-09 01:46:17",84
"2020-03-09 02:47:57",84
"2020-03-09 03:47:51",84
"2020-03-09 04:47:42",84
"2020-03-09 05:46:07",84
"2020-03-09 06:46:07",84
"2020-03-09 07:46:16",84
"2020-03-09 08:46:06",84
"2020-03-09 09:46:34",84
"2020-03-09 10:47:30",84
"2020-03-09 11:47:36",84
"2020-03-09 12:46:59",84
"2020-03-09 13:45:55",84
"2020-03-09 14:47:37",84
"2020-03-09 15:46:35",84
"2020-03-09 16:46:16",84
"2020-03-09 17:45:41",84
"2020-03-09 18:45:48",84
"2020-03-09 19:46:11",84
"2020-03-09 20:46:17",84
"2020-03-09 21:47:35",84
"2020-03-09 22:47:31",84
"2020-03-09 23:48:10",84
"2020-03-10 00:45:58",84
"2020-03-10 01:47:38",84
"2020-03-10 02:46:35",84
"2020-03-10 03:48:03",84
"2020-03-10 04:46:33",84
"2020-03-10 06:48:03",84
"2020-03-10 07:47:54",84
"2020-03-10 08:46:21",84
"2020-03-10 09:47:31",84
"2020-03-10 10:47:18",84
"2020-03-10 11:47:33",84
"2020-03-10 12:46:34",84
"2020-03-10 13:46:53",84
"2020-03-10 14:48:12",84
"2020-03-10 15:48:15",84
"2020-03-10 16:46:07",84
"2020-03-10 17:47:48",84
"2020-03-10 18:47:47",84
"2020-03-10 19:47:50",84
"2020-03-10 20:49:27",84
"2020-03-10 21:48:07",84
"2020-03-10 22:47:43",84
"2020-03-10 23:46:37",84
"2020-03-11 00:47:55",84
"2020-03-11 01:47:59",84
"2020-03-11 02:48:13",84
"2020-03-11 03:46:40",84
"2020-03-11 04:46:47",84
"2020-03-11 05:48:05",84
"2020-03-11 06:47:41",84
"2020-03-11 07:46:12",84
"2020-03-11 08:46:48",84
"2020-03-11 09:46:02",84
"2020-03-11 10:46:10",84
"2020-03-11 11:47:45",84
"2020-03-11 12:48:01",84
"2020-03-11 13:47:45",84
"2020-03-11 14:46:42",84
"2020-03-11 15:46:16",84
"2020-03-11 16:48:09",84
"2020-03-11 17:46:42",84
"2020-03-11 18:46:16",84
"2020-03-11 19:48:10",84
"2020-03-11 20:48:13",83
"2020-03-11 21:46:40",83
"2020-03-11 22:46:44",83
"2020-03-11 23:47:00",83
"2020-03-12 00:46:08",83
"2020-03-12 01:47:45",83
"2020-03-12 02:46:34",83
"2020-03-12 03:47:44",83
"2020-03-12 04:48:06",83
"2020-03-12 05:46:47",83
"2020-03-12 06:46:30",83
"2020-03-12 07:46:36",83
"2020-03-12 08:47:53",83
"2020-03-12 09:47:07",83
"2020-03-12 10:47:42",83
"2020-03-12 11:47:41",83
"2020-03-12 12:47:39",83
"2020-03-12 13:48:21",83
"2020-03-12 14:46:06",82
"2020-03-12 15:46:10",82
"2020-03-12 16:46:23",82
"2020-03-12 17:46:14",82
"2020-03-12 18:48:07",81
"2020-03-12 19:46:46",81
"2020-03-12 20:46:22",81
"2020-03-12 21:48:22",81
"2020-03-12 22:46:08",81
"2020-03-12 23:48:12",81
"2020-03-13 00:48:16",81
"2020-03-13 01:46:09",81
"2020-03-13 02:47:45",81
"2020-03-13 03:47:51",81
"2020-03-13 04:46:36",81
"2020-03-13 05:46:57",81
"2020-03-13 06:48:39",81
"2020-03-13 07:48:27",81
"2020-03-13 08:48:35",81
"2020-03-13 09:48:43",81
"2020-03-13 10:46:44",81
"2020-03-13 11:47:34",81
"2020-03-13 13:08:50",81
"2020-03-13 13:46:58",81
"2020-03-13 14:46:55",81
"2020-03-13 15:46:49",81
"2020-03-13 16:47:50",81
"2020-03-13 17:47:43",81
"2020-03-13 18:48:17",81
"2020-03-13 19:47:45",81
"2020-03-13 20:46:19",81
"2020-03-13 21:46:42",81
"2020-03-13 22:46:19",81
"2020-03-13 23:47:40",81
"2020-03-14 00:46:43",81
"2020-03-14 01:48:09",81
"2020-03-14 02:47:50",81
"2020-03-14 03:46:41",81
"2020-03-14 04:48:11",81
"2020-03-14 05:47:51",81
"2020-03-14 06:46:48",81
"2020-03-14 07:48:06",81
"2020-03-14 08:47:43",81
"2020-03-14 09:47:51",81
"2020-03-14 10:46:28",81
"2020-03-14 11:46:27",81
"2020-03-14 12:46:34",81
"2020-03-14 13:46:17",81
"2020-03-14 14:47:50",81
"2020-03-14 15:46:16",81
"2020-03-14 16:47:38",81
"2020-03-14 17:46:38",81
"2020-03-14 18:47:48",81
"2020-03-14 19:46:47",81
"2020-03-14 20:47:59",81
"2020-03-14 21:47:43",81
"2020-03-14 22:48:17",81
"2020-03-14 23:47:36",81
"2020-03-15 00:46:32",81
"2020-03-15 01:46:36",81
"2020-03-15 02:48:06",81
"2020-03-15 03:48:09",81
"2020-03-15 04:46:23",81
"2020-03-15 05:48:10",81
"2020-03-15 06:46:48",81
"2020-03-15 07:48:18",81
"2020-03-15 09:01:40",81
"2020-03-15 09:47:07",81
"2020-03-15 10:47:37",81
"2020-03-15 11:48:16",81
"2020-03-15 12:47:41",81
"2020-03-15 13:46:20",81
"2020-03-15 14:47:05",81
"2020-03-15 15:46:35",81
"2020-03-15 16:47:39",81
"2020-03-15 17:46:48",81
"2020-03-15 18:48:09",81
"2020-03-15 19:47:45",81
"2020-03-15 20:46:43",81
"2020-03-15 21:46:46",81
"2020-03-15 22:47:44",81
"2020-03-15 23:47:40",81
"2020-03-16 00:46:18",81
"2020-03-16 01:46:19",81
"2020-03-16 02:46:14",81
"2020-03-16 03:47:21",81
"2020-03-16 04:47:48",81
"2020-03-16 05:48:13",81
"2020-03-16 06:46:37",81
"2020-03-16 07:48:07",81
"2020-03-16 09:00:16",81
"2020-03-16 09:47:40",81
"2020-03-16 10:46:43",81
"2020-03-16 11:47:38",81
"2020-03-16 13:10:27",81
"2020-03-16 13:47:57",81
"2020-03-16 14:46:32",81
"2020-03-16 15:47:39",81
"2020-03-16 16:46:24",82
"2020-03-16 17:46:50",82
"2020-03-16 18:46:21",82
"2020-03-16 19:48:10",82
"2020-03-16 20:46:09",82
"2020-03-16 21:46:50",82
"2020-03-16 22:46:27",82
"2020-03-16 23:47:54",82
"2020-03-17 00:47:51",82
"2020-03-17 01:46:29",82
"2020-03-17 02:47:48",82
"2020-03-17 20:12:16",85
"2020-03-17 20:20:03",85
"2020-03-17 20:46:48",85
"2020-03-17 21:46:32",85
"2020-03-17 22:46:21",85
"2020-03-17 23:46:32",85
"2020-03-18 00:46:41",85
"2020-03-18 01:46:54",85
"2020-03-18 02:46:50",85
"2020-03-18 03:46:58",85
"2020-03-18 04:46:48",85
"2020-03-18 05:46:58",85
"2020-03-18 06:46:33",85
"2020-03-18 07:46:55",85
"2020-03-18 08:46:11",85
"2020-03-18 09:46:42",84
"2020-03-18 10:46:21",84
"2020-03-18 11:46:16",84
"2020-03-18 13:10:23",84
"2020-03-18 13:47:03",84
"2020-03-18 14:46:30",86
"2020-03-18 15:46:38",86
"2020-03-18 16:46:32",85
"2020-03-18 17:46:58",86
"2020-03-18 18:46:27",85
"2020-03-18 19:46:44",85
"2020-03-18 20:46:28",86
"2020-03-18 21:46:29",86
"2020-03-18 22:46:21",86
"2020-03-18 23:46:41",86
"2020-03-19 00:46:32",86
"2020-03-19 01:46:42",86
"2020-03-19 02:46:18",86
"2020-03-19 03:46:13",86
"2020-03-19 04:46:21",86
"2020-03-19 05:48:21",86
"2020-03-19 06:46:31",86
"2020-03-19 07:46:34",86
"2020-03-19 08:46:24",86
"2020-03-19 09:46:39",86
"2020-03-19 10:46:11",86
"2020-03-19 11:46:21",86
"2020-03-19 12:46:17",86
"2020-03-19 13:46:26",86
"2020-03-19 14:46:31",88
"2020-03-19 15:46:33",89
"2020-03-19 16:46:32",90
"2020-03-19 17:46:28",91
"2020-03-19 18:46:15",90
"2020-03-19 19:46:39",90
"2020-03-19 20:47:00",91
"2020-03-19 21:46:43",91
"2020-03-19 22:46:20",91
"2020-03-19 23:47:16",91
"2020-03-20 00:46:20",91
"2020-03-20 01:46:21",91
"2020-03-20 02:47:18",91
"2020-03-20 03:46:32",91
"2020-03-20 04:46:30",91
"2020-03-20 06:46:52",91
"2020-03-20 07:46:32",91
"2020-03-20 08:47:18",91
"2020-03-20 09:46:48",91
"2020-03-20 10:46:27",91
"2020-03-20 11:46:22",91
"2020-03-20 13:09:18",91
"2020-03-20 13:47:04",91
"2020-03-20 14:46:31",94
"2020-03-20 15:46:20",95
"2020-03-20 16:46:26",93
"2020-03-20 17:46:30",95
"2020-03-20 18:46:17",95
"2020-03-20 19:46:30",96
"2020-03-20 20:46:25",96
"2020-03-20 21:46:18",96
"2020-03-20 22:46:54",96
"2020-03-20 23:46:55",96
"2020-03-21 00:46:32",96
"2020-03-21 01:46:27",96
"2020-03-21 02:46:45",96
"2020-03-21 03:46:53",96
"2020-03-21 04:46:20",96
"2020-03-21 05:46:19",96
"2020-03-21 06:46:25",96
"2020-03-21 07:46:43",96
"2020-03-21 09:11:45",96
"2020-03-21 09:46:22",96
"2020-03-21 10:46:30",96
"2020-03-21 11:46:36",96
"2020-03-21 12:46:13",96
"2020-03-21 13:46:23",96
"2020-03-21 14:47:09",96
"2020-03-21 15:46:47",96
"2020-03-21 16:46:40",96
"2020-03-21 17:46:56",96
"2020-03-21 18:46:30",96
"2020-03-21 19:46:31",96
"2020-03-21 20:46:11",96
"2020-03-21 21:46:34",96
"2020-03-21 22:46:17",96
"2020-03-21 23:46:23",96
"2020-03-22 00:46:15",96
"2020-03-22 01:46:46",96
"2020-03-22 02:46:19",96
"2020-03-22 03:47:03",96
"2020-03-22 04:46:31",96
"2020-03-22 05:46:32",96
"2020-03-22 06:46:53",96
"2020-03-22 07:46:49",96
"2020-03-22 09:16:00",96
"2020-03-22 09:46:28",96
"2020-03-22 10:46:44",96
"2020-03-22 11:46:18",96
"2020-03-22 12:46:42",96
"2020-03-22 21:56:22",96
"2020-03-22 22:46:47",96
"2020-03-22 23:46:26",96
"2020-03-23 00:47:09",96
"2020-03-23 01:46:48",96
"2020-03-23 02:46:19",96
"2020-03-23 03:46:24",96
"2020-03-23 04:46:58",96
"2020-03-23 05:46:50",96
"2020-03-23 06:46:43",96
"2020-03-23 07:46:23",96
"2020-03-23 08:46:30",96
"2020-03-23 09:46:51",96
"2020-03-23 10:46:24",96
"2020-03-23 11:46:50",96
"2020-03-23 13:08:47",96
"2020-03-23 13:46:29",96
"2020-03-23 14:46:53",98
"2020-03-23 15:46:36",101
"2020-03-23 16:46:56",102
"2020-03-23 17:46:28",102
"2020-03-23 18:46:21",102
"2020-03-23 19:46:46",102
"2020-03-23 20:46:49",103
"2020-03-23 21:46:32",103
"2020-03-23 22:46:25",103
"2020-03-23 23:46:22",103
"2020-03-24 00:46:24",103
"2020-03-24 01:46:23",103
"2020-03-24 02:46:17",103
"2020-03-24 03:46:30",103
"2020-03-24 04:46:52",103
"2020-03-24 05:48:14",103
"2020-03-24 06:46:53",103
"2020-03-24 07:47:03",103
"2020-03-24 09:10:18",103
"2020-03-24 09:46:09",103
"2020-03-24 10:46:10",103
"2020-03-24 11:46:21",103
"2020-03-24 12:46:03",103
"2020-03-24 13:47:22",104
"2020-03-24 14:47:38",106
"2020-03-24 15:47:09",111
"2020-03-24 16:47:24",110
"2020-03-24 17:46:50",113
"2020-03-24 18:46:48",112
"2020-03-24 19:46:33",113
"2020-03-24 20:46:14",111
"2020-03-24 21:46:12",111
"2020-03-24 22:46:47",111
"2020-03-24 23:46:42",111
"2020-03-25 00:46:22",111
"2020-03-25 01:46:26",111
"2020-03-25 02:46:16",111
"2020-03-25 03:46:18",111
"2020-03-25 04:46:07",111
"2020-03-25 06:46:57",111
"2020-03-25 07:46:20",111
"2020-03-25 09:47:35",111
"2020-03-25 10:46:25",111
"2020-03-25 11:46:41",111
"2020-03-25 12:46:48",111
"2020-03-25 13:46:57",111
"2020-03-25 14:47:03",111
"2020-03-25 15:47:16",111
"2020-03-25 16:46:56",115
"2020-03-25 17:47:46",118
"2020-03-25 18:46:23",122
"2020-03-25 19:46:24",123
"2020-03-25 20:46:34",125
"2020-03-25 21:46:16",125
"2020-03-25 22:46:19",125
"2020-03-25 23:46:28",125
"2020-03-26 02:07:09",125
"2020-03-26 02:46:25",125
"2020-03-26 03:46:41",125
"2020-03-26 04:47:21",125
"2020-03-26 05:46:36",125
"2020-03-26 06:46:34",125
"2020-03-26 07:46:36",125
"2020-03-26 08:46:19",125
"2020-03-26 09:46:44",125
"2020-03-26 10:46:11",125
"2020-03-26 11:46:29",125
"2020-03-26 12:46:28",125
"2020-03-26 13:46:32",125
"2020-03-26 14:46:42",125
"2020-03-26 15:46:37",127
"2020-03-26 16:46:31",128
"2020-03-26 17:46:45",126
"2020-03-26 18:46:24",126
"2020-03-26 19:46:24",126
"2020-03-26 20:46:25",126
"2020-03-26 21:46:39",126
"2020-03-26 22:46:16",127
"2020-03-26 23:46:49",127
"2020-03-27 00:46:33",127
"2020-03-27 01:46:38",127
"2020-03-27 02:46:50",127
"2020-03-27 03:46:28",127
"2020-03-27 04:46:36",127
"2020-03-27 05:46:23",127
"2020-03-27 06:46:49",127
"2020-03-27 07:46:52",127
"2020-03-27 08:48:29",127
"2020-03-27 09:47:09",127
"2020-03-27 10:46:35",127
"2020-03-27 11:46:20",127
"2020-03-27 12:46:17",127
"2020-03-27 13:46:47",127
"2020-03-27 14:46:27",126
"2020-03-27 15:46:29",125
"2020-03-27 16:46:41",126
"2020-03-27 17:46:26",126
"2020-03-27 18:46:56",127
"2020-03-27 19:46:25",128
"2020-03-27 20:46:22",127
"2020-03-27 21:46:55",127
"2020-03-27 22:46:27",127
"2020-03-27 23:46:38",127
"2020-03-28 00:46:43",127
"2020-03-28 01:46:10",127
"2020-03-28 02:46:13",127
"2020-03-28 03:46:29",127
"2020-03-28 04:46:21",127
"2020-03-28 05:47:14",127
"2020-03-28 06:46:30",127
"2020-03-28 07:46:12",127
"2020-03-28 08:46:24",127
"2020-03-28 09:46:41",127
"2020-03-28 10:46:55",127
"2020-03-28 11:46:21",127
"2020-03-28 12:46:45",127
"2020-03-28 13:46:44",127
"2020-03-28 14:46:26",127
"2020-03-28 15:46:22",127
"2020-03-28 16:46:16",127
"2020-03-28 17:46:29",127
"2020-03-28 18:46:30",127
"2020-03-28 19:46:15",127
"2020-03-28 20:46:29",127
"2020-03-28 21:46:14",127
"2020-03-28 22:47:09",127
"2020-03-28 23:46:29",127
"2020-03-29 00:46:38",127
"2020-03-29 01:46:48",127
"2020-03-29 02:47:11",127
"2020-03-29 03:47:18",127
"2020-03-29 04:46:43",127
"2020-03-29 05:46:39",127
"2020-03-29 06:47:24",127
"2020-03-29 07:46:44",127
"2020-03-29 08:46:31",127
"2020-03-29 09:46:27",127
"2020-03-29 10:47:04",127
"2020-03-29 11:46:26",127
"2020-03-29 12:46:21",127
"2020-03-29 13:46:19",127
"2020-03-29 14:46:19",127
"2020-03-29 15:46:25",127
"2020-03-29 16:46:29",127
"2020-03-29 17:46:48",127
"2020-03-29 18:46:21",127
"2020-03-29 19:46:22",127
"2020-03-29 20:46:20",127
"2020-03-29 21:47:09",127
"2020-03-29 22:46:30",127
"2020-03-29 23:46:31",127
"2020-03-30 00:46:27",127
"2020-03-30 01:46:25",127
"2020-03-30 02:46:59",127
"2020-03-30 03:46:27",127
"2020-03-30 04:46:56",127
"2020-03-30 05:46:16",127
"2020-03-30 06:46:34",127
"2020-03-30 07:46:47",127
"2020-03-30 08:46:26",127
"2020-03-30 09:46:14",127
"2020-03-30 10:46:19",127
"2020-03-30 11:46:06",127
"2020-03-30 12:46:19",127
"2020-03-30 13:47:02",127
"2020-03-30 14:46:23",126
"2020-03-30 15:46:53",127
"2020-03-30 16:46:31",127
"2020-03-30 17:46:47",127
"2020-03-30 18:46:34",126
"2020-03-30 19:46:51",126
"2020-03-30 20:46:27",127
"2020-03-30 21:46:43",127
"2020-03-30 22:46:18",127
"2020-03-30 23:46:13",127
"2020-03-31 00:46:08",127
"2020-03-31 01:46:24",127
"2020-03-31 02:46:20",127
"2020-03-31 03:46:39",127
"2020-03-31 04:46:19",127
"2020-03-31 05:46:22",127
"2020-03-31 06:46:17",127
"2020-03-31 07:46:29",127
"2020-03-31 08:46:24",127
"2020-03-31 09:46:25",127
"2020-03-31 10:46:19",127
"2020-03-31 11:46:51",127
"2020-03-31 13:07:49",127
"2020-03-31 13:46:28",127
"2020-03-31 14:47:03",127
"2020-03-31 15:46:23",127
"2020-03-31 16:47:03",127
"2020-03-31 17:46:29",127
"2020-03-31 18:46:47",129
"2020-03-31 19:46:24",129
"2020-03-31 20:46:47",129
"2020-03-31 21:46:21",129
"2020-03-31 22:46:26",129
"2020-03-31 23:46:12",129
"2020-04-01 00:45:51",129
"2020-04-01 01:45:52",129
"2020-04-01 02:45:49",129
"2020-04-01 03:45:55",129
"2020-04-01 04:46:10",129
"2020-04-01 05:46:27",129
"2020-04-01 06:46:00",129
"2020-04-01 07:46:19",129
"2020-04-01 08:45:49",129
"2020-04-01 09:46:02",129
"2020-04-01 10:45:39",129
"2020-04-01 11:46:33",129
"2020-04-01 13:10:50",130
"2020-04-01 13:45:54",130
"2020-04-01 14:46:35",130
"2020-04-01 15:46:14",131
"2020-04-01 16:45:43",132
"2020-04-01 17:45:41",131
"2020-04-01 18:45:44",131
"2020-04-01 19:45:49",130
"2020-04-01 20:45:53",130
"2020-04-01 21:45:42",130
"2020-04-01 22:45:42",130
"2020-04-01 23:46:17",130
"2020-04-02 00:45:48",130
"2020-04-02 01:46:16",130
"2020-04-02 02:45:49",130
"2020-04-02 03:46:13",130
"2020-04-02 04:45:51",130
"2020-04-02 05:45:58",130
"2020-04-02 06:45:35",130
"2020-04-02 07:46:15",130
"2020-04-02 08:46:47",130
"2020-04-02 09:46:13",130
"2020-04-02 10:45:51",130
"2020-04-02 11:45:46",130
"2020-04-02 13:11:51",130
"2020-04-02 13:46:22",130
"2020-04-02 14:45:40",130
"2020-04-02 15:45:57",130
"2020-04-02 16:45:36",131
"2020-04-02 17:45:43",131
"2020-04-02 18:46:55",134
"2020-04-02 19:45:44",135
"2020-04-02 20:46:07",135
"2020-04-02 21:46:39",135
"2020-04-02 22:46:21",135
"2020-04-02 23:45:43",135
"2020-04-03 00:45:56",135
"2020-04-03 01:46:13",135
"2020-04-03 02:45:50",135
"2020-04-03 03:45:43",135
"2020-04-03 04:46:06",135
"2020-04-03 05:46:15",135
"2020-04-03 06:45:50",135
"2020-04-03 08:45:51",135
"2020-04-03 09:45:50",135
"2020-04-03 10:46:12",135
"2020-04-03 11:45:44",135
"2020-04-03 13:12:52",135
"2020-04-03 13:45:58",135
"2020-04-03 14:46:00",138
"2020-04-03 15:46:18",139
"2020-04-03 16:46:15",142
"2020-04-03 17:46:16",142
"2020-04-03 18:46:17",145
"2020-04-03 19:45:46",146
"2020-04-03 20:45:45",146
"2020-04-03 21:45:55",146
"2020-04-03 22:46:34",146
"2020-04-03 23:45:51",146
"2020-04-04 00:45:41",146
"2020-04-04 01:46:14",146
"2020-04-04 02:45:55",146
"2020-04-04 03:45:59",146
"2020-04-04 04:46:06",146
"2020-04-04 05:46:13",146
"2020-04-04 06:45:44",146
"2020-04-04 07:46:21",146
"2020-04-04 08:46:10",146
"2020-04-04 09:46:07",146
"2020-04-04 10:45:50",146
"2020-04-04 11:45:51",146
"2020-04-04 12:45:49",146
"2020-04-04 13:45:47",146
"2020-04-04 14:46:04",146
"2020-04-04 15:45:41",146
"2020-04-04 16:45:50",146
"2020-04-04 17:45:50",146
"2020-04-04 18:45:47",146
"2020-04-04 19:45:50",146
"2020-04-04 20:45:44",146
"2020-04-04 21:45:45",146
"2020-04-04 22:46:20",146
"2020-04-04 23:45:45",146
"2020-04-05 00:46:32",146
"2020-04-05 01:46:13",146
"2020-04-05 02:45:43",146
"2020-04-05 03:45:51",146
"2020-04-05 04:46:13",146
"2020-04-05 05:46:06",146
"2020-04-05 06:46:10",146
"2020-04-05 07:45:52",146
"2020-04-05 08:45:57",146
"2020-04-05 09:45:47",146
"2020-04-05 10:46:20",146
"2020-04-05 11:46:13",146
"2020-04-05 12:45:44",146
"2020-04-05 13:46:17",146
"2020-04-05 14:45:50",146
"2020-04-05 15:45:41",146
"2020-04-05 16:46:16",146
"2020-04-05 17:45:39",146
"2020-04-05 18:45:52",146
"2020-04-05 19:45:44",146
"2020-04-05 20:45:51",146
"2020-04-05 21:45:54",146
"2020-04-05 22:46:09",146
"2020-04-05 23:45:44",146
"2020-04-06 00:45:42",146
"2020-04-06 01:45:52",146
"2020-04-06 02:46:10",146
"2020-04-06 03:46:42",146
"2020-04-06 04:45:35",146
"2020-04-06 05:45:59",146
"2020-04-06 06:46:00",146
"2020-04-06 07:45:48",146
"2020-04-06 08:46:11",146
"2020-04-06 09:45:45",146
"2020-04-06 10:45:59",146
"2020-04-06 11:45:36",146
"2020-04-06 12:45:58",146
"2020-04-06 13:45:52",146
"2020-04-06 14:45:48",147
"2020-04-06 15:45:49",149
"2020-04-06 16:45:42",154
"2020-04-06 17:45:42",154
"2020-04-06 18:48:17",154
"2020-04-06 19:46:10",155
"2020-04-06 20:45:44",157
"2020-04-06 21:45:38",157
"2020-04-06 22:45:49",157
"2020-04-06 23:46:01",157
"2020-04-07 00:45:50",157
"2020-04-07 01:45:59",157
"2020-04-07 02:45:50",157
"2020-04-07 03:45:43",157
"2020-04-07 04:45:42",157
"2020-04-07 05:45:36",157
"2020-04-07 06:45:55",157
"2020-04-07 07:45:49",157
"2020-04-07 08:46:07",157
"2020-04-07 09:45:43",157
"2020-04-07 10:45:33",157
"2020-04-07 11:45:40",157
"2020-04-07 12:45:43",157
"2020-04-07 13:45:48",157
"2020-04-07 14:45:31",166
"2020-04-07 15:45:40",169
"2020-04-07 16:45:52",168
"2020-04-07 17:45:34",171
"2020-04-07 18:45:37",173
"2020-04-07 19:45:36",173
"2020-04-07 20:45:46",174
"2020-04-07 21:45:52",174
"2020-04-07 22:45:39",174
"2020-04-07 23:45:44",174
"2020-04-08 00:45:51",174
"2020-04-08 01:45:38",174
"2020-04-08 02:45:28",174
"2020-04-08 03:45:52",174
"2020-04-08 04:45:33",174
"2020-04-08 06:45:47",174
"2020-04-08 07:45:55",174
"2020-04-08 08:46:01",174
"2020-04-08 09:45:45",174
"2020-04-08 10:45:39",174
"2020-04-08 11:45:36",174
"2020-04-08 12:45:36",174
"2020-04-08 13:45:42",174
"2020-04-08 14:45:32",176
"2020-04-08 15:45:46",176
"2020-04-08 16:45:37",180
"2020-04-08 17:45:56",180
"2020-04-08 18:45:36",182
"2020-04-08 19:45:54",183
"2020-04-08 20:45:44",184
"2020-04-08 21:45:38",184
"2020-04-08 22:45:32",184
"2020-04-08 23:45:41",184
"2020-04-09 00:45:36",184
"2020-04-09 02:45:40",184
"2020-04-09 03:45:36",184
"2020-04-09 04:46:00",184
"2020-04-09 05:45:48",184
"2020-04-09 06:46:03",184
"2020-04-09 07:45:31",184
"2020-04-09 08:45:34",184
"2020-04-09 09:45:32",184
"2020-04-09 10:45:40",184
"2020-04-09 11:45:37",184
"2020-04-09 12:45:35",184
"2020-04-09 13:45:50",184
"2020-04-09 14:45:47",186
"2020-04-09 15:45:26",185
"2020-04-09 16:45:39",188
"2020-04-09 17:45:38",189
"2020-04-09 18:45:25",189
"2020-04-09 19:45:55",188
"2020-04-09 20:45:37",190
"2020-04-09 21:45:36",190
"2020-04-09 22:45:34",190
"2020-04-09 23:45:32",190
"2020-04-10 00:45:38",190
"2020-04-10 01:45:31",190
"2020-04-10 02:45:44",190
"2020-04-10 03:45:41",190
"2020-04-10 04:45:34",190
"2020-04-10 05:45:45",190
"2020-04-10 06:45:34",190
"2020-04-10 07:45:37",190
"2020-04-10 08:45:45",190
"2020-04-10 09:45:37",190
"2020-04-10 10:45:42",190
"2020-04-10 11:45:39",190
"2020-04-10 12:45:37",190
"2020-04-10 13:45:41",190
"2020-04-10 14:45:51",190
"2020-04-10 15:45:39",190
"2020-04-10 16:45:31",190
"2020-04-10 17:45:38",190
"2020-04-10 18:45:38",190
"2020-04-10 19:45:37",190
"2020-04-10 20:46:00",190
"2020-04-10 21:45:21",190
"2020-04-10 22:45:18",190
"2020-04-10 23:45:20",190
"2020-04-11 00:45:25",190
"2020-04-11 01:45:15",190
"2020-04-11 02:45:20",190
"2020-04-11 03:45:20",190
"2020-04-11 04:45:25",190
"2020-04-11 05:45:17",190
"2020-04-11 06:45:19",190
"2020-04-11 07:45:18",190
"2020-04-11 08:45:12",190
"2020-04-11 09:45:14",190
"2020-04-11 10:45:25",190
"2020-04-11 11:45:13",190
"2020-04-11 12:45:18",190
"2020-04-11 13:45:25",190
"2020-04-11 14:45:13",190
"2020-04-11 15:45:26",190
"2020-04-11 16:45:23",190
"2020-04-11 17:45:22",190
"2020-04-11 18:45:22",190
"2020-04-11 19:45:17",190
"2020-04-11 20:45:12",190
"2020-04-11 21:45:19",190
"2020-04-11 22:45:18",190
"2020-04-11 23:45:19",190
"2020-04-12 00:45:27",190
"2020-04-12 01:45:17",190
"2020-04-12 02:45:17",190
"2020-04-12 03:45:15",190
"2020-04-12 04:45:30",190
"2020-04-12 05:45:23",190
"2020-04-12 06:45:21",190
"2020-04-12 07:45:16",190
"2020-04-12 08:45:17",190
"2020-04-12 09:45:21",190
"2020-04-12 10:45:20",190
"2020-04-12 11:45:15",190
"2020-04-12 12:45:19",190
"2020-04-12 13:45:25",190
"2020-04-12 14:45:22",190
"2020-04-12 15:45:20",190
"2020-04-12 16:45:18",190
"2020-04-12 17:45:14",190
"2020-04-12 18:45:20",190
"2020-04-12 19:45:18",190
"2020-04-12 20:45:34",190
"2020-04-12 21:45:23",190
"2020-04-12 22:45:27",190
"2020-04-12 23:45:32",190
"2020-04-13 00:45:41",190
"2020-04-13 01:45:28",190
"2020-04-13 02:45:31",190
"2020-04-13 03:45:46",190
"2020-04-13 04:45:35",190
"2020-04-13 05:45:37",190
"2020-04-13 06:45:20",190
"2020-04-13 07:45:13",190
"2020-04-13 08:45:23",190
"2020-04-13 09:45:17",190
"2020-04-13 10:45:17",190
"2020-04-13 11:45:25",190
"2020-04-13 13:09:46",190
"2020-04-13 13:45:16",190
"2020-04-13 14:45:15",206
"2020-04-13 15:45:20",208
"2020-04-13 16:45:22",208
"2020-04-13 17:45:30",208
"2020-04-13 18:45:14",211
"2020-04-13 19:45:16",210
"2020-04-13 20:45:21",210
"2020-04-13 21:45:28",210
"2020-04-13 22:45:16",210
"2020-04-13 23:45:21",210
"2020-04-14 00:45:45",210
"2020-04-14 01:45:39",210
"2020-04-14 02:45:34",210
"2020-04-14 03:45:34",210
"2020-04-14 04:45:35",210
"2020-04-14 05:45:41",210
"2020-04-14 06:45:26",210
"2020-04-14 07:45:20",210
"2020-04-14 08:45:23",210
"2020-04-14 09:45:22",210
"2020-04-14 10:45:22",210
"2020-04-14 11:45:22",210
"2020-04-14 12:45:20",210
"2020-04-14 13:45:24",210
"2020-04-14 14:45:32",214
"2020-04-14 15:45:34",215
"2020-04-14 16:45:41",216
"2020-04-14 17:45:15",217
"2020-04-14 18:45:38",217
"2020-04-14 19:45:21",217
"2020-04-14 20:45:20",216
"2020-04-14 21:45:22",216
"2020-04-14 22:45:20",216
"2020-04-14 23:45:35",216
"2020-04-15 00:45:32",216
"2020-04-15 01:45:33",216
"2020-04-15 02:45:27",216
"2020-04-15 03:45:32",216
"2020-04-15 04:45:33",216
"2020-04-15 05:45:17",216
"2020-04-15 06:45:16",216
"2020-04-15 07:45:21",216
"2020-04-15 08:45:24",215
"2020-04-15 09:45:20",215
"2020-04-15 10:45:15",215
"2020-04-15 11:45:14",215
"2020-04-15 13:12:50",215
"2020-04-15 14:45:21",215
"2020-04-15 15:45:16",216
"2020-04-15 16:45:31",218
"2020-04-15 17:45:18",219
"2020-04-15 18:45:19",219
"2020-04-15 19:45:28",219
"2020-04-15 20:45:19",219
"2020-04-15 21:45:25",219
"2020-04-15 22:45:27",219
"2020-04-15 23:45:26",219
"2020-04-16 00:45:33",219
"2020-04-16 01:45:37",219
"2020-04-16 02:45:40",219
"2020-04-16 03:45:39",219
"2020-04-16 04:45:41",219
"2020-04-16 05:45:26",219
"2020-04-16 06:45:37",219
"2020-04-16 07:45:23",219
"2020-04-16 08:45:22",219
"2020-04-16 09:45:18",219
"2020-04-16 10:45:22",219
"2020-04-16 11:45:22",219
"2020-04-16 12:45:23",219
"2020-04-16 13:45:25",219
"2020-04-16 14:45:20",219
"2020-04-16 15:45:39",221
"2020-04-16 16:45:40",221
"2020-04-16 17:45:24",222
"2020-04-16 18:45:35",222
"2020-04-16 19:45:20",222
"2020-04-16 20:45:22",222
"2020-04-16 21:45:43",222
"2020-04-16 22:45:24",222
"2020-04-16 23:45:40",222
"2020-04-17 00:45:35",222
"2020-04-17 01:45:31",222
"2020-04-17 02:45:39",222
"2020-04-17 03:45:27",222
"2020-04-17 04:45:24",222
"2020-04-17 05:45:27",222
"2020-04-17 06:45:29",222
"2020-04-17 07:45:42",222
"2020-04-17 08:45:27",222
"2020-04-17 09:45:23",222
"2020-04-17 10:45:24",222
"2020-04-17 11:45:17",222
"2020-04-17 13:09:49",222
"2020-04-17 13:45:36",222
"2020-04-17 14:45:25",228
"2020-04-17 15:45:29",230
"2020-04-17 16:45:17",231
"2020-04-17 17:45:21",232
"2020-04-17 18:45:39",233
"2020-04-17 19:45:33",233
"2020-04-17 20:45:38",235
"2020-04-17 21:45:34",235
"2020-04-17 22:45:29",235
"2020-04-17 23:45:36",235
"2020-04-18 00:45:34",235
"2020-04-18 01:45:31",235
"2020-04-18 02:45:29",235
"2020-04-18 03:45:28",235
"2020-04-18 04:45:37",235
"2020-04-18 05:45:36",235
"2020-04-18 06:45:25",235
"2020-04-18 07:45:19",235
"2020-04-18 08:45:36",235
"2020-04-18 09:45:14",235
"2020-04-18 10:45:22",235
"2020-04-18 11:45:25",235
"2020-04-18 12:45:14",235
"2020-04-18 13:45:31",235
"2020-04-18 14:45:23",235
"2020-04-18 15:45:21",235
"2020-04-18 16:45:15",235
"2020-04-18 17:45:29",235
"2020-04-18 18:45:25",235
"2020-04-18 19:45:15",235
"2020-04-18 20:45:29",235
"2020-04-18 21:45:20",235
"2020-04-18 22:45:29",235
"2020-04-18 23:45:44",235
"2020-04-19 00:45:41",235
"2020-04-19 01:45:51",235
"2020-04-19 02:45:37",235
"2020-04-19 03:45:37",235
"2020-04-19 04:45:52",235
"2020-04-19 05:45:33",235
"2020-04-19 06:45:36",235
"2020-04-19 07:45:32",235
"2020-04-19 08:45:23",235
"2020-04-19 09:45:23",235
"2020-04-19 10:45:22",235
"2020-04-19 11:45:15",235
"2020-04-19 12:45:18",235
"2020-04-19 13:45:35",235
"2020-04-19 14:45:15",235
"2020-04-19 15:45:26",235
"2020-04-19 16:45:27",235
"2020-04-19 17:45:46",235
"2020-04-19 18:45:24",235
"2020-04-19 19:45:21",235
"2020-04-19 20:45:16",235
"2020-04-19 21:45:48",235
"2020-04-19 22:45:41",235
"2020-04-19 23:45:32",235
"2020-04-20 00:45:47",235
"2020-04-20 01:45:41",235
"2020-04-20 02:45:50",235
"2020-04-20 03:45:50",235
"2020-04-20 04:45:42",235
"2020-04-20 05:45:51",235
"2020-04-20 06:45:38",235
"2020-04-20 07:45:22",235
"2020-04-20 08:45:21",235
"2020-04-20 09:45:22",235
"2020-04-20 10:45:20",235
"2020-04-20 11:45:21",235
"2020-04-20 12:45:22",235
"2020-04-20 13:45:20",235
"2020-04-20 14:45:43",238
"2020-04-20 15:45:25",238
"2020-04-20 16:45:31",238
"2020-04-20 17:45:27",240
"2020-04-20 18:45:37",243
"2020-04-20 20:46:09",245
"2020-04-20 21:46:02",245
"2020-04-20 22:46:15",244
"2020-04-20 23:45:39",244
"2020-04-21 00:45:45",244
"2020-04-21 01:45:40",244
"2020-04-21 02:45:38",244
"2020-04-21 03:47:00",244
"2020-04-21 04:47:18",244
"2020-04-21 05:47:18",244
"2020-04-21 06:45:40",244
"2020-04-21 07:45:31",244
"2020-04-21 08:45:28",244
"2020-04-21 09:45:25",244
"2020-04-21 10:45:24",244
"2020-04-21 11:45:23",244
"2020-04-21 12:45:23",244
"2020-04-21 13:45:43",244
"2020-04-21 14:45:40",244
"2020-04-21 15:45:16",246
"2020-04-21 16:45:15",247
"2020-04-21 17:45:37",247
"2020-04-21 18:45:16",250
"2020-04-21 19:45:22",250
"2020-04-21 20:45:42",251
"2020-04-21 21:45:46",251
"2020-04-21 22:45:45",251
"2020-04-21 23:45:20",251
"2020-04-22 00:45:34",251
"2020-04-22 01:45:42",251
"2020-04-22 02:45:43",251
"2020-04-22 03:45:32",251
"2020-04-22 04:45:20",251
"2020-04-22 05:45:22",251
"2020-04-22 06:45:33",251
"2020-04-22 07:45:30",251
"2020-04-22 08:45:18",251
"2020-04-22 09:45:26",251
"2020-04-22 10:45:47",251
"2020-04-22 11:45:17",251
"2020-04-22 12:45:22",251
"2020-04-22 13:45:15",251
"2020-04-22 14:45:26",253
"2020-04-22 15:45:19",253
"2020-04-22 16:45:41",252
"2020-04-22 17:45:48",252
"2020-04-22 18:45:35",250
"2020-04-22 19:45:20",250
"2020-04-22 20:45:22",248
"2020-04-22 21:45:37",248
"2020-04-22 22:45:28",248
"2020-04-22 23:45:37",248
"2020-04-23 00:45:21",248
"2020-04-23 01:45:34",248
"2020-04-23 02:45:40",248
"2020-04-23 03:45:39",248
"2020-04-23 04:45:35",248
"2020-04-23 05:45:15",248
"2020-04-23 06:45:22",248
"2020-04-23 07:45:26",248
"2020-04-23 08:45:22",248
"2020-04-23 09:45:14",248
"2020-04-23 10:45:20",248
"2020-04-23 11:45:34",248
"2020-04-23 12:45:16",248
"2020-04-23 13:45:16",248
"2020-04-23 14:45:19",248
"2020-04-23 15:45:22",248
"2020-04-23 16:45:35",248
"2020-04-23 17:45:18",248
"2020-04-23 18:45:26",250
"2020-04-23 19:45:17",250
"2020-04-23 20:45:41",249
"2020-04-23 21:45:26",249
"2020-04-23 22:45:20",249
"2020-04-23 23:45:25",249
"2020-04-24 00:45:35",249
"2020-04-24 01:46:02",249
"2020-04-24 02:45:15",249
"2020-04-24 03:45:42",249
"2020-04-24 04:45:26",249
"2020-04-24 05:45:18",249
"2020-04-24 06:45:20",249
"2020-04-24 07:45:14",249
"2020-04-24 08:45:31",249
"2020-04-24 09:45:20",249
"2020-04-24 10:45:19",249
"2020-04-24 11:45:15",249
"2020-04-24 13:10:51",249
"2020-04-24 13:45:46",249
"2020-04-24 14:45:28",248
"2020-04-24 15:45:20",248
"2020-04-24 16:45:21",249
"2020-04-24 17:45:25",249
"2020-04-24 18:45:29",248
"2020-04-24 19:45:21",248
"2020-04-24 20:45:28",250
"2020-04-24 21:45:43",250
"2020-04-24 22:45:47",250
"2020-04-24 23:45:28",250
"2020-04-25 00:45:49",250
"2020-04-25 01:45:44",250
"2020-04-25 02:45:40",250
"2020-04-25 03:45:36",250
"2020-04-25 04:45:41",250
"2020-04-25 05:45:48",250
"2020-04-25 06:45:29",250
"2020-04-25 07:45:22",250
"2020-04-25 08:45:29",250
"2020-04-25 09:45:25",250
"2020-04-25 10:45:19",250
"2020-04-25 11:45:24",250
"2020-04-25 12:45:22",250
"2020-04-25 13:45:34",250
"2020-04-25 14:45:25",250
"2020-04-25 15:45:29",250
"2020-04-25 16:45:31",250
"2020-04-25 17:45:29",250
"2020-04-25 18:45:21",250
"2020-04-25 19:45:29",250
"2020-04-25 20:45:24",250
"2020-04-25 21:45:22",250
"2020-04-25 22:45:27",250
"2020-04-25 23:45:33",250
"2020-04-26 00:45:24",250
"2020-04-26 01:45:37",250
"2020-04-26 02:45:36",250
"2020-04-26 03:45:43",250
"2020-04-26 04:45:19",250
"2020-04-26 05:45:51",250
"2020-04-26 06:45:30",250
"2020-04-26 07:45:27",250
"2020-04-26 08:45:23",250
"2020-04-26 09:45:24",250
"2020-04-26 10:45:19",250
"2020-04-26 11:45:28",250
"2020-04-26 12:45:23",250
"2020-04-26 13:45:16",250
"2020-04-26 14:45:21",250
"2020-04-26 15:45:27",250
"2020-04-26 16:45:25",250
"2020-04-26 17:45:24",250
"2020-04-26 18:45:24",250
"2020-04-26 19:45:19",250
"2020-04-26 20:45:20",250
"2020-04-26 21:45:22",250
"2020-04-26 22:45:36",250
"2020-04-26 23:45:50",250
"2020-04-27 00:45:49",250
"2020-04-27 01:45:48",250
"2020-04-27 02:45:41",250
"2020-04-27 03:45:43",250
"2020-04-27 04:45:46",250
"2020-04-27 05:45:30",250
"2020-04-27 06:45:27",250
"2020-04-27 07:45:21",250
"2020-04-27 08:45:28",250
"2020-04-27 09:45:28",250
"2020-04-27 10:45:28",250
"2020-04-27 11:45:15",250
"2020-04-27 12:45:22",250
"2020-04-27 13:45:50",250
"2020-04-27 14:45:31",258
"2020-04-27 15:45:26",259
"2020-04-27 16:45:16",260
"2020-04-27 17:45:24",262
"2020-04-27 18:45:22",261
"2020-04-27 19:45:21",263
"2020-04-27 20:45:22",263
"2020-04-27 21:45:36",263
"2020-04-27 22:45:23",263
"2020-04-27 23:45:39",263
"2020-04-28 00:46:06",263
"2020-04-28 01:45:28",263
"2020-04-28 02:45:51",263
"2020-04-28 03:45:45",263
"2020-04-28 04:45:43",263
"2020-04-28 05:45:23",263
"2020-04-28 06:45:22",263
"2020-04-28 07:45:49",263
"2020-04-28 08:45:43",263
"2020-04-28 09:45:27",263
"2020-04-28 10:45:16",263
"2020-04-28 11:45:26",263
"2020-04-28 12:45:28",263
"2020-04-28 13:45:24",263
"2020-04-28 14:45:50",263
"2020-04-28 15:45:42",270
"2020-04-28 16:45:20",272
"2020-04-28 17:45:27",273
"2020-04-28 18:45:25",278
"2020-04-28 19:45:22",278
"2020-04-28 20:45:24",280
"2020-04-28 21:45:28",280
"2020-04-28 22:45:18",280
"2020-04-28 23:45:19",280
"2020-04-29 00:45:52",280
"2020-04-29 01:45:55",280
"2020-04-29 02:45:45",280
"2020-04-29 03:45:22",280
"2020-04-29 04:45:30",280
"2020-04-29 05:45:19",280
"2020-04-29 06:45:29",280
"2020-04-29 07:45:27",280
"2020-04-29 08:45:22",280
"2020-04-29 09:45:39",280
"2020-04-29 10:45:28",280
"2020-04-29 11:45:15",280
"2020-04-29 13:08:46",280
"2020-04-29 13:45:28",280
"2020-04-29 14:45:19",284
"2020-04-29 15:45:16",289
"2020-04-29 16:45:28",296
"2020-04-29 17:45:27",303
"2020-04-29 18:45:50",311
"2020-04-29 19:45:49",315
"2020-04-29 20:45:24",317
"2020-04-29 21:45:50",317
"2020-04-29 22:45:48",317
"2020-04-29 23:45:34",317
"2020-04-30 00:45:48",317
"2020-04-30 01:45:48",317
"2020-04-30 02:46:13",317
"2020-04-30 03:46:06",317
"2020-04-30 04:45:39",317
"2020-04-30 05:45:34",317
"2020-04-30 06:45:26",317
"2020-04-30 07:45:25",317
"2020-04-30 08:45:28",317
"2020-04-30 09:45:23",317
"2020-04-30 10:45:16",317
"2020-04-30 11:45:39",317
"2020-04-30 12:45:20",317
"2020-04-30 13:45:23",317
"2020-04-30 14:45:40",315
"2020-04-30 15:45:26",316
"2020-04-30 16:45:21",314
"2020-04-30 17:47:56",311
"2020-04-30 18:45:34",312
"2020-04-30 20:45:25",313
"2020-04-30 21:45:27",313
"2020-04-30 22:45:30",313
"2020-04-30 23:45:26",313
"2020-05-01 00:45:47",313
"2020-05-01 01:45:46",313
"2020-05-01 02:45:25",313
"2020-05-01 03:45:20",313
"2020-05-01 04:45:30",313
"2020-05-01 05:45:34",313
"2020-05-01 06:45:30",313
"2020-05-01 07:45:31",313
"2020-05-01 08:45:26",313
"2020-05-01 09:45:28",313
"2020-05-01 10:45:22",313
"2020-05-01 11:45:24",313
"2020-05-01 13:09:49",313
"2020-05-01 13:45:54",313
"2020-05-01 14:45:20",317
"2020-05-01 15:45:21",315
"2020-05-01 16:45:22",315
"2020-05-01 17:45:23",316
"2020-05-01 18:45:20",316
"2020-05-01 19:45:29",318
"2020-05-01 20:45:16",318
"2020-05-01 21:45:48",318
"2020-05-01 22:45:23",318
"2020-05-01 23:45:22",318
"2020-05-02 00:45:24",318
"2020-05-02 01:45:42",318
"2020-05-02 02:45:37",318
"2020-05-02 03:45:35",318
"2020-05-02 04:45:24",318
"2020-05-02 05:45:37",318
"2020-05-02 06:45:26",318
"2020-05-02 07:45:33",318
"2020-05-02 08:45:28",318
"2020-05-02 09:45:25",318
"2020-05-02 10:45:18",318
"2020-05-02 11:45:25",318
"2020-05-02 12:45:18",318
"2020-05-02 13:45:27",318
"2020-05-02 14:45:28",318
"2020-05-02 15:45:31",318
"2020-05-02 16:45:27",318
"2020-05-02 17:45:25",318
"2020-05-02 18:45:38",318
"2020-05-02 19:45:28",318
"2020-05-02 20:45:29",318
"2020-05-02 21:45:26",318
"2020-05-02 22:45:17",318
"2020-05-02 23:45:42",318
"2020-05-03 00:45:26",318
"2020-05-03 01:45:45",318
"2020-05-03 02:45:42",318
"2020-05-03 03:45:41",318
"2020-05-03 04:45:34",318
"2020-05-03 05:45:23",318
"2020-05-03 06:45:22",318
"2020-05-03 07:45:30",318
"2020-05-03 08:45:26",318
"2020-05-03 09:45:52",318
"2020-05-03 10:45:27",318
"2020-05-03 11:45:26",318
"2020-05-03 12:45:23",318
"2020-05-03 13:45:26",318
"2020-05-03 14:45:32",318
"2020-05-03 15:45:28",318
"2020-05-03 16:45:44",318
"2020-05-03 17:45:49",318
"2020-05-03 18:45:21",318
"2020-05-03 19:46:06",318
"2020-05-03 20:45:46",318
"2020-05-03 21:45:40",318
"2020-05-03 22:45:45",318
"2020-05-03 23:45:47",318
"2020-05-04 00:45:44",318
"2020-05-04 01:45:46",318
"2020-05-04 02:45:45",318
"2020-05-04 03:45:46",318
"2020-05-04 04:45:25",318
"2020-05-04 05:45:28",318
"2020-05-04 06:45:33",318
"2020-05-04 09:31:28",318
"2020-05-04 10:49:53",318
"2020-05-04 10:57:39",318
"2020-05-04 11:05:14",318
"2020-05-04 11:45:37",318
"2020-05-04 13:08:53",318
"2020-05-04 13:45:26",318
"2020-05-04 14:45:32",318
"2020-05-04 15:45:27",322
"2020-05-04 16:45:28",322
"2020-05-04 17:45:26",322
"2020-05-04 18:45:51",322
"2020-05-04 19:45:47",321
"2020-05-04 20:45:44",320
"2020-05-04 21:45:45",320
"2020-05-04 22:45:22",320
"2020-05-04 23:45:25",320
"2020-05-05 00:45:22",320
"2020-05-05 01:45:41",320
"2020-05-05 02:45:20",320
"2020-05-05 03:45:49",320
"2020-05-05 04:45:26",320
"2020-05-05 05:45:27",320
"2020-05-05 06:45:29",320
"2020-05-05 07:45:36",320
"2020-05-05 08:45:48",320
"2020-05-05 09:45:20",320
"2020-05-05 10:45:21",320
"2020-05-05 11:45:47",320
"2020-05-05 12:45:31",320
"2020-05-05 13:45:29",320
"2020-05-05 14:45:28",323
"2020-05-05 15:45:25",324
"2020-05-05 16:45:32",326
"2020-05-05 17:45:24",325
"2020-05-05 18:45:22",325
"2020-05-05 19:45:50",324
"2020-05-05 20:45:32",324
"2020-05-05 21:45:17",325
"2020-05-05 22:45:19",325
"2020-05-05 23:45:48",325
"2020-05-06 00:45:29",325
"2020-05-06 01:45:32",325
"2020-05-06 02:45:24",325
"2020-05-06 03:45:18",325
"2020-05-06 04:45:29",325
"2020-05-06 05:45:28",325
"2020-05-06 06:45:19",325
"2020-05-06 17:45:45",319
"2020-05-06 18:45:56",320
"2020-05-06 19:45:23",319
"2020-05-06 20:45:40",322
"2020-05-06 21:45:47",322
"2020-05-06 22:45:49",322
"2020-05-06 23:45:52",322
"2020-05-07 00:45:32",322
"2020-05-07 01:45:32",322
"2020-05-07 02:45:17",322
"2020-05-07 03:45:28",322
"2020-05-07 04:45:33",322
"2020-05-07 05:45:22",322
"2020-05-07 06:45:28",322
"2020-05-07 08:45:32",322
"2020-05-07 09:45:26",322
"2020-05-07 10:45:42",322
"2020-05-07 11:45:31",322
"2020-05-07 12:45:29",322
"2020-05-07 13:45:37",322
"2020-05-07 14:45:43",322
"2020-05-07 15:45:25",322
"2020-05-07 16:45:32",323
"2020-05-07 17:45:24",322
"2020-05-07 18:45:20",320
"2020-05-07 19:45:57",320
"2020-05-07 20:45:19",319
"2020-05-07 21:45:18",319
"2020-05-07 22:45:18",319
"2020-05-07 23:45:30",319
"2020-05-08 00:45:25",319
"2020-05-08 01:45:18",319
"2020-05-08 02:45:23",319
"2020-05-08 03:45:29",319
"2020-05-08 04:45:20",319
"2020-05-08 05:45:21",319
"2020-05-08 06:45:22",319
"2020-05-08 07:45:27",319
"2020-05-08 08:45:35",319
"2020-05-08 09:45:28",319
"2020-05-08 10:45:25",319
"2020-05-08 11:45:29",319
"2020-05-08 13:08:49",319
"2020-05-08 13:45:33",319
"2020-05-08 14:45:26",321
"2020-05-08 15:45:28",321
"2020-05-08 16:45:46",321
"2020-05-08 17:45:44",321
"2020-05-08 18:45:31",322
"2020-05-08 19:45:21",322
"2020-05-08 20:45:30",325
"2020-05-08 21:45:26",325
"2020-05-08 22:45:32",325
"2020-05-08 23:45:27",325
"2020-05-09 00:45:23",325
"2020-05-09 01:45:40",325
"2020-05-09 02:45:28",325
"2020-05-09 03:45:53",325
"2020-05-09 04:45:25",325
"2020-05-09 05:45:30",325
"2020-05-09 06:45:36",325
"2020-05-09 07:45:22",325
"2020-05-09 08:45:36",325
"2020-05-09 09:45:28",325
"2020-05-09 10:45:28",325
"2020-05-09 11:45:21",325
"2020-05-09 12:45:23",325
"2020-05-09 13:45:25",325
"2020-05-09 14:45:22",325
"2020-05-09 15:45:27",325
"2020-05-09 16:45:21",325
"2020-05-09 17:45:28",325
"2020-05-09 18:45:29",325
"2020-05-09 19:45:26",325
"2020-05-09 20:45:22",325
"2020-05-09 21:45:33",325
"2020-05-09 22:45:30",325
"2020-05-09 23:45:25",325
"2020-05-10 00:45:45",325
"2020-05-10 01:45:26",325
"2020-05-10 02:45:52",325
"2020-05-10 03:45:33",325
"2020-05-10 04:45:34",325
"2020-05-10 05:45:39",325
"2020-05-10 06:45:27",325
"2020-05-10 07:45:35",325
"2020-05-10 08:45:30",325
"2020-05-10 09:45:32",325
"2020-05-10 10:45:32",325
"2020-05-10 11:45:35",325
"2020-05-10 12:45:27",325
"2020-05-10 13:45:32",325
"2020-05-10 14:45:22",325
"2020-05-10 15:45:29",325
"2020-05-10 16:45:27",325
"2020-05-10 17:45:25",325
"2020-05-10 18:45:31",325
"2020-05-10 19:45:27",325
"2020-05-10 20:45:37",325
"2020-05-10 21:45:29",325
"2020-05-10 22:45:29",325
"2020-05-10 23:45:31",325
"2020-05-11 00:45:31",325
"2020-05-11 01:45:22",325
"2020-05-11 02:45:30",325
"2020-05-11 03:45:54",325
"2020-05-11 04:45:28",325
"2020-05-11 05:45:26",325
"2020-05-11 06:45:28",325
"2020-05-11 07:45:34",325
"2020-05-11 08:45:39",325
"2020-05-11 09:46:18",325
"2020-05-11 10:45:26",325
"2020-05-11 11:45:20",325
"2020-05-11 13:07:49",325
"2020-05-11 13:45:38",325
"2020-05-11 14:45:32",326
"2020-05-11 15:45:50",327
"2020-05-11 16:45:31",329
"2020-05-11 17:45:33",329
"2020-05-11 18:45:31",330
"2020-05-11 19:45:24",331
"2020-05-11 20:45:25",331
"2020-05-11 21:45:27",331
"2020-05-11 22:45:18",331
"2020-05-11 23:45:35",331
"2020-05-12 00:45:29",331
"2020-05-12 01:45:29",331
"2020-05-12 02:45:25",331
"2020-05-12 03:45:21",331
"2020-05-12 04:45:25",331
"2020-05-12 05:45:23",331
"2020-05-12 06:45:34",331
"2020-05-12 07:45:25",331
"2020-05-12 08:45:25",331
"2020-05-12 09:46:44",331
"2020-05-12 10:45:31",331
"2020-05-12 11:45:21",331
"2020-05-12 13:13:49",331
"2020-05-12 17:45:21",337
"2020-05-12 18:45:22",340
"2020-05-12 19:45:41",342
"2020-05-12 20:45:48",342
"2020-05-12 21:45:39",342
"2020-05-12 22:45:20",342
"2020-05-12 23:45:21",342
"2020-05-13 00:45:42",342
"2020-05-13 01:45:50",342
"2020-05-13 02:45:45",342
"2020-05-13 03:45:48",342
"2020-05-13 06:45:25",342
"2020-05-13 07:45:45",342
"2020-05-13 08:45:38",342
"2020-05-13 09:45:19",342
"2020-05-13 10:45:22",342
"2020-05-13 11:45:20",342
"2020-05-13 12:45:21",342
"2020-05-13 13:45:20",342
"2020-05-13 14:45:21",341
"2020-05-13 15:45:27",342
"2020-05-13 16:45:43",342
"2020-05-13 17:45:23",343
"2020-05-13 18:45:37",345
"2020-05-13 19:45:24",346
"2020-05-13 20:45:23",347
"2020-05-13 21:45:21",347
"2020-05-13 22:45:26",347
"2020-05-13 23:45:30",347
"2020-05-14 00:45:24",347
"2020-05-14 01:45:28",347
"2020-05-14 02:45:22",347
"2020-05-14 03:45:28",347
"2020-05-14 04:45:23",347
"2020-05-14 05:45:28",347
"2020-05-14 06:45:33",347
"2020-05-14 07:45:25",347
"2020-05-14 08:45:33",347
"2020-05-14 09:45:21",347
"2020-05-14 10:45:28",347
"2020-05-14 11:45:32",347
"2020-05-14 12:45:27",347
"2020-05-14 13:45:31",347
"2020-05-14 14:45:29",348
"2020-05-14 15:45:25",348
"2020-05-14 16:45:19",351
"2020-05-14 17:45:22",351
"2020-05-14 18:45:36",350
"2020-05-14 19:45:35",350
"2020-05-14 20:45:22",351
"2020-05-14 21:45:25",351
"2020-05-14 22:45:42",351
"2020-05-14 23:45:30",351
"2020-05-15 00:45:42",351
"2020-05-15 01:45:49",351
"2020-05-15 02:45:45",351
"2020-05-15 03:45:45",351
"2020-05-15 04:45:46",351
"2020-05-15 05:45:27",351
"2020-05-15 06:45:42",351
"2020-05-15 07:45:21",351
"2020-05-15 08:45:30",351
"2020-05-15 09:45:37",351
"2020-05-15 10:45:21",351
"2020-05-15 11:45:25",351
"2020-05-15 12:45:24",351
"2020-05-15 13:45:28",351
"2020-05-15 14:45:20",356
"2020-05-15 15:45:26",357
"2020-05-15 16:45:20",358
"2020-05-15 17:45:40",360
"2020-05-15 18:45:21",360
"2020-05-15 19:45:31",360
"2020-05-15 20:45:25",361
"2020-05-15 21:45:27",361
"2020-05-15 22:45:20",361
"2020-05-15 23:45:18",361
"2020-05-16 00:45:39",361
"2020-05-16 01:45:42",361
"2020-05-16 02:45:49",361
"2020-05-16 03:45:33",361
"2020-05-16 04:45:25",361
"2020-05-16 05:45:24",361
"2020-05-16 06:45:47",361
"2020-05-16 07:45:45",361
"2020-05-16 08:45:24",361
"2020-05-16 09:45:32",361
"2020-05-16 10:45:22",361
"2020-05-16 11:45:19",361
"2020-05-16 12:45:29",361
"2020-05-16 13:45:25",361
"2020-05-16 14:45:20",361
"2020-05-16 15:45:29",361
"2020-05-16 16:45:25",361
"2020-05-16 17:45:22",361
"2020-05-16 18:45:25",361
"2020-05-16 19:45:22",361
"2020-05-16 20:45:28",361
"2020-05-16 21:45:26",361
"2020-05-16 22:45:29",361
"2020-05-16 23:45:27",361
"2020-05-17 00:45:29",361
"2020-05-17 01:45:32",361
"2020-05-18 09:05:17",361
"2020-05-18 09:13:21",361
"2020-05-18 09:17:07",361
"2020-05-18 09:17:51",361
"2020-05-18 09:17:58",361
"2020-05-18 09:18:09",361
"2020-05-18 09:18:16",361
"2020-05-18 09:18:21",361
"2020-05-18 09:18:59",361
"2020-05-18 09:19:02",361
"2020-05-18 09:19:07",361
"2020-05-18 09:19:34",361
"2020-05-18 09:20:29",361
"2020-05-18 09:20:44",361
"2020-05-18 09:21:05",361
"2020-05-18 09:21:56",361
"2020-05-18 09:23:52",361
"2020-05-18 10:00:13",361
"2020-05-18 10:07:38",361
"2020-05-18 10:09:26",361
"2020-05-18 10:57:09",361
"2020-05-18 10:57:36",361
"2020-05-18 11:02:42",361
"2020-05-18 11:07:36",361
"2020-05-18 11:10:41",361
"2020-05-18 11:13:58",361
"2020-05-18 11:17:50",361
"2020-05-18 11:22:57",361
"2020-05-18 11:27:14",361
"2020-05-18 11:28:49",361
"2020-05-18 11:45:30",361
"2020-05-18 11:53:06",361
"2020-05-18 12:00:43",361
"2020-05-18 12:08:20",361
"2020-05-18 13:08:19",360
"2020-05-18 13:45:34",360
"2020-05-18 14:45:26",364
"2020-05-18 15:45:52",365
"2020-05-18 16:46:00",366
"2020-05-18 17:45:25",367
"2020-05-18 18:45:45",368
"2020-05-18 19:45:40",369
"2020-05-18 20:45:29",369
"2020-05-18 21:45:47",369
"2020-05-18 22:45:50",369
"2020-05-18 23:45:53",369
"2020-05-19 01:45:23",369
"2020-05-19 02:45:34",369
"2020-05-19 03:45:31",369
"2020-05-19 04:45:30",369
"2020-05-19 05:45:30",369
"2020-05-19 06:45:30",369
"2020-05-19 07:45:32",369
"2020-05-19 08:45:40",369
"2020-05-19 09:45:59",369
"2020-05-19 10:45:29",369
"2020-05-19 11:45:46",369
"2020-05-19 13:08:51",369
"2020-05-19 13:45:31",369
"2020-05-19 14:45:26",368
"2020-05-19 15:45:24",366
"2020-05-19 16:45:32",366
"2020-05-19 17:45:23",366
"2020-05-19 18:45:31",366
"2020-05-19 19:45:28",365
"2020-05-19 20:45:32",366
"2020-05-19 21:45:33",366
"2020-05-19 22:45:52",366
"2020-05-19 23:45:27",366
"2020-05-20 00:45:51",366
"2020-05-20 01:45:57",366
"2020-05-20 02:45:49",366
"2020-05-20 03:45:49",366
"2020-05-20 04:45:35",366
"2020-05-20 05:45:29",366
"2020-05-20 06:45:26",366
"2020-05-20 07:45:38",366
"2020-05-20 08:45:25",366
"2020-05-20 09:45:32",366
"2020-05-20 10:45:23",366
"2020-05-20 11:45:26",366
"2020-05-20 12:45:22",366
"2020-05-20 13:45:32",366
"2020-05-20 14:45:27",369
"2020-05-20 15:45:48",368
"2020-05-20 16:45:26",369
"2020-05-20 17:45:48",369
"2020-05-20 18:45:30",368
"2020-05-20 19:45:30",368
"2020-05-20 20:45:22",370
"2020-05-20 21:45:31",370
"2020-05-20 22:45:19",370
"2020-05-20 23:45:27",370
"2020-05-21 00:45:47",370
"2020-05-21 01:45:22",370
"2020-05-21 02:45:29",370
"2020-05-21 03:45:29",370
"2020-05-21 04:45:24",370
"2020-05-21 05:45:26",370
"2020-05-21 06:45:33",370
"2020-05-21 07:45:24",370
"2020-05-21 08:45:31",370
"2020-05-21 09:45:24",370
"2020-05-21 10:45:28",370
"2020-05-21 11:45:31",370
"2020-05-21 12:45:26",370
"2020-05-21 13:45:31",370
"2020-05-21 14:45:21",373
"2020-05-21 15:45:23",372
"2020-05-21 16:45:39",373
"2020-05-21 17:45:32",373
"2020-05-21 18:45:29",370
"2020-05-21 19:45:24",369
"2020-05-21 20:45:29",367
"2020-05-21 21:45:30",368
"2020-05-21 22:45:33",368
"2020-05-21 23:45:50",368
"2020-05-22 00:46:40",368
"2020-05-22 01:45:30",368
"2020-05-22 02:45:32",368
"2020-05-22 03:45:51",368
"2020-05-22 04:45:33",368
"2020-05-22 05:45:35",368
"2020-05-22 06:45:26",368
"2020-05-22 07:45:30",368
"2020-05-22 08:45:40",368
"2020-05-22 09:45:33",368
"2020-05-22 10:45:28",368
"2020-05-22 11:45:25",368
"2020-05-22 12:45:31",368
"2020-05-22 13:45:36",368
"2020-05-22 14:45:26",372
"2020-05-22 15:45:26",374
"2020-05-22 16:45:28",374
"2020-05-22 17:45:29",380
"2020-05-22 18:45:47",384
"2020-05-22 19:45:29",383
"2020-05-22 20:45:22",383
"2020-05-22 21:45:24",383
"2020-05-22 22:45:27",383
"2020-05-22 23:45:24",383
"2020-05-23 00:45:30",383
"2020-05-23 01:45:25",383
"2020-05-23 02:45:38",383
"2020-05-23 03:45:33",383
"2020-05-23 04:45:45",383
"2020-05-23 05:45:28",383
"2020-05-23 06:45:39",383
"2020-05-23 07:45:37",383
"2020-05-23 08:45:36",383
"2020-05-23 09:45:31",383
"2020-05-23 10:45:27",383
"2020-05-23 11:45:38",383
"2020-05-23 12:45:30",383
"2020-05-23 13:45:33",383
"2020-05-23 14:45:31",383
"2020-05-23 15:45:25",383
"2020-05-23 16:45:36",383
"2020-05-23 17:45:32",383
"2020-05-23 18:45:40",383
"2020-05-23 19:45:26",383
"2020-05-23 20:45:23",383
"2020-05-23 21:45:23",383
"2020-05-23 22:45:28",383
"2020-05-23 23:45:30",383
"2020-05-24 00:45:40",383
"2020-05-24 01:45:27",383
"2020-05-24 02:45:25",383
"2020-05-24 03:45:30",383
"2020-05-24 04:45:28",383
"2020-05-24 05:45:25",383
"2020-05-24 06:45:26",383
"2020-05-24 07:45:26",383
"2020-05-24 08:45:34",383
"2020-05-24 09:45:24",383
"2020-05-24 10:45:36",383
"2020-05-24 11:45:32",383
"2020-05-24 12:45:29",383
"2020-05-24 13:45:33",383
"2020-05-24 14:45:32",383
"2020-05-24 15:45:22",383
"2020-05-24 16:45:36",383
"2020-05-24 17:45:33",383
"2020-05-24 18:45:35",383
"2020-05-24 19:45:32",383
"2020-05-24 20:45:31",383
"2020-05-24 21:45:38",383
"2020-05-24 22:45:35",383
"2020-05-24 23:45:24",383
"2020-05-25 00:45:27",383
"2020-05-25 01:45:41",383
"2020-05-25 02:45:32",383
"2020-05-25 03:45:49",383
"2020-05-25 04:45:31",383
"2020-05-25 06:46:24",383
"2020-05-25 07:45:33",383
"2020-05-25 08:45:39",383
"2020-05-25 09:45:31",383
"2020-05-25 10:45:27",383
"2020-05-25 11:45:45",383
"2020-05-25 12:45:29",383
"2020-05-25 13:45:24",383
"2020-05-25 14:45:37",383
"2020-05-25 15:45:27",383
"2020-05-25 16:45:21",383
"2020-05-25 17:45:28",383
"2020-05-25 18:45:29",383
"2020-05-25 19:45:32",383
"2020-05-25 20:45:33",383
"2020-05-25 21:45:22",383
"2020-05-25 22:45:22",383
"2020-05-25 23:45:24",383
"2020-05-26 00:45:33",383
"2020-05-26 01:45:24",383
"2020-05-26 02:45:21",383
"2020-05-26 03:45:33",383
"2020-05-26 04:45:36",383
"2020-05-26 05:45:27",383
"2020-05-26 06:45:31",383
"2020-05-26 07:45:34",383
"2020-05-26 08:45:36",383
"2020-05-26 09:45:30",383
"2020-05-26 10:45:29",383
"2020-05-26 11:45:35",383
"2020-05-26 12:45:28",383
"2020-05-26 13:45:33",383
"2020-05-26 14:45:30",387
"2020-05-26 15:45:27",387
"2020-05-26 16:45:26",388
"2020-05-26 17:45:30",389
"2020-05-26 18:45:23",389
"2020-05-26 19:45:27",389
"2020-05-26 20:45:29",387
"2020-05-26 21:45:44",387
"2020-05-26 22:45:24",387
"2020-05-26 23:45:26",387
"2020-05-27 00:45:57",387
"2020-05-27 01:45:25",387
"2020-05-27 02:45:26",387
"2020-05-27 03:45:29",387
"2020-05-27 04:45:30",387
"2020-05-27 05:45:26",387
"2020-05-27 06:45:33",387
"2020-05-27 07:45:32",387
"2020-05-27 08:45:25",387
"2020-05-27 09:45:23",387
"2020-05-27 10:45:24",387
"2020-05-27 11:45:21",387
"2020-05-27 13:09:20",387
"2020-05-27 13:45:38",387
"2020-05-27 14:45:30",389
"2020-05-27 15:45:22",389
"2020-05-27 16:45:25",396
"2020-05-27 17:45:23",397
"2020-05-27 18:45:23",398
"2020-05-27 19:45:32",396
"2020-05-27 20:45:29",396
"2020-05-27 21:45:27",397
"2020-05-27 22:45:27",397
"2020-05-27 23:45:24",397
"2020-05-28 00:45:31",397
"2020-05-28 01:45:34",397
"2020-05-28 02:45:27",397
"2020-05-28 03:45:25",397
"2020-05-28 04:45:27",397
"2020-05-28 05:45:23",397
"2020-05-28 06:45:27",397
"2020-05-28 07:45:37",397
"2020-05-28 08:45:32",397
"2020-05-28 09:45:23",397
"2020-05-28 10:45:35",397
"2020-05-28 11:45:38",397
"2020-05-28 13:09:54",397
"2020-05-28 13:45:32",397
"2020-05-28 14:45:37",399
"2020-05-28 15:45:31",397
"2020-05-28 16:45:36",398
"2020-05-28 17:45:31",397
"2020-05-28 18:45:29",396
"2020-05-28 19:45:27",396
"2020-05-28 20:45:40",400
"2020-05-28 21:45:46",400
"2020-05-28 22:45:28",400
"2020-05-28 23:45:41",400
"2020-05-29 00:45:34",400
"2020-05-29 01:45:33",400
"2020-05-29 02:45:53",400
"2020-05-29 03:45:29",400
"2020-05-29 04:45:34",400
"2020-05-29 05:45:49",400
"2020-05-29 06:45:41",400
"2020-05-29 07:45:43",400
"2020-05-29 08:45:41",400
"2020-05-29 09:52:19",400
"2020-05-29 10:45:35",400
"2020-05-29 11:45:31",400
"2020-05-29 12:45:48",400
"2020-05-29 13:45:40",400
"2020-05-29 14:45:36",406
"2020-05-29 15:45:30",405
"2020-05-29 16:45:24",405
"2020-05-29 17:45:35",412
"2020-05-29 18:45:34",413
"2020-05-29 19:45:31",415
"2020-05-29 20:45:42",414
"2020-05-29 21:45:28",415
"2020-05-29 22:45:31",415
"2020-05-29 23:45:41",415
"2020-05-30 00:45:25",415
"2020-05-30 01:45:27",415
"2020-05-30 02:45:31",415
"2020-05-30 03:45:32",415
"2020-05-30 04:45:31",415
"2020-05-30 05:45:36",415
"2020-05-30 06:45:37",415
"2020-05-30 07:45:56",415
"2020-05-30 08:45:37",415
"2020-05-30 09:45:31",415
"2020-05-30 10:45:37",415
"2020-05-30 11:45:33",415
"2020-05-30 12:45:32",415
"2020-05-30 13:45:32",415
"2020-05-30 14:45:28",415
"2020-05-30 15:45:31",415
"2020-05-30 16:45:46",415
"2020-05-30 17:45:34",415
"2020-05-30 18:45:33",415
"2020-05-30 19:45:38",415
"2020-05-30 20:45:31",415
"2020-05-30 21:45:39",415
"2020-05-30 22:45:32",415
"2020-05-30 23:45:40",415
"2020-05-31 00:45:38",415
"2020-05-31 01:45:38",415
"2020-05-31 02:45:36",415
"2020-05-31 03:45:36",415
"2020-05-31 04:45:32",415
"2020-05-31 05:45:38",415
"2020-05-31 06:45:37",415
"2020-05-31 07:45:39",415
"2020-05-31 09:30:22",415
"2020-05-31 09:45:34",415
"2020-05-31 13:10:21",415
"2020-05-31 13:12:33",415
"2020-05-31 13:19:47",415
"2020-06-01 05:05:03",415
"2020-06-01 05:25:58",415
"2020-06-01 05:26:36",415
"2020-06-01 05:27:40",415
"2020-06-01 05:37:31",415
"2020-06-01 05:49:02",415
"2020-06-01 05:49:50",415
"2020-06-01 05:50:23",415
"2020-06-01 05:54:38",415
"2020-06-01 05:56:56",415
"2020-06-01 06:00:06",415
"2020-06-01 06:00:30",415
"2020-06-01 06:02:55",415
"2020-06-01 06:03:11",415
"2020-06-01 06:11:19",415
"2020-06-01 06:38:58",415
"2020-06-01 06:46:33",415
"2020-06-01 06:54:09",415
"2020-06-01 07:45:30",415
"2020-06-01 08:45:42",415
"2020-06-01 09:45:43",415
"2020-06-01 10:45:29",415
"2020-06-01 11:45:31",415
"2020-06-01 13:07:54",415
"2020-06-01 13:46:07",415
"2020-06-01 14:45:38",413
"2020-06-01 15:45:35",416
"2020-06-01 16:45:59",414
"2020-06-01 17:45:54",416
"2020-06-01 18:45:54",416
"2020-06-01 19:45:38",415
"2020-06-01 20:45:36",414
"2020-06-01 21:45:33",414
"2020-06-01 22:45:29",413
"2020-06-01 23:45:37",413
"2020-06-02 00:45:39",413
"2020-06-02 01:45:30",413
"2020-06-02 02:45:28",413
"2020-06-02 03:45:34",413
"2020-06-02 04:45:29",413
"2020-06-02 05:45:31",413
"2020-06-02 06:45:34",413
"2020-06-02 07:45:34",413
"2020-06-02 08:45:40",413
"2020-06-02 09:45:30",413
"2020-06-02 10:45:36",413
"2020-06-02 11:45:31",413
"2020-06-02 12:45:42",413
"2020-06-02 13:45:41",413
"2020-06-02 14:46:00",413
"2020-06-02 15:46:00",407
"2020-06-02 16:45:33",405
"2020-06-02 17:45:57",406
"2020-06-02 18:45:31",407
"2020-06-02 19:45:54",407
"2020-06-02 20:45:58",405
"2020-06-02 21:45:26",405
"2020-06-02 22:45:35",405
"2020-06-02 23:45:29",405
"2020-06-03 00:45:41",405
"2020-06-03 01:45:59",405
"2020-06-03 02:45:26",405
"2020-06-03 03:45:52",405
"2020-06-03 04:45:47",405
"2020-06-03 05:45:27",405
"2020-06-03 06:45:33",405
"2020-06-03 07:45:54",405
"2020-06-03 08:45:36",405
"2020-06-03 09:45:35",405
"2020-06-03 10:45:34",405
"2020-06-03 11:45:34",405
"2020-06-03 13:11:27",406
"2020-06-03 13:45:36",406
"2020-06-03 14:45:29",410
"2020-06-03 15:45:59",410
"2020-06-03 16:45:53",409
"2020-06-03 17:45:57",409
"2020-06-03 18:46:05",411
"2020-06-03 19:45:58",410
"2020-06-03 20:45:32",410
"2020-06-03 21:45:34",411
"2020-06-03 22:45:33",411
"2020-06-03 23:45:27",411
"2020-06-04 00:45:54",411
"2020-06-04 01:45:38",411
"2020-06-04 02:45:33",411
"2020-06-04 03:45:38",411
"2020-06-04 04:45:38",411
"2020-06-04 05:45:34",411
"2020-06-04 06:45:34",411
"2020-06-04 07:45:45",411
"2020-06-04 08:45:49",411
"2020-06-04 09:45:41",411
"2020-06-04 10:45:34",411
"2020-06-04 11:45:34",411
"2020-06-04 12:45:33",411
"2020-06-04 13:45:53",411
"2020-06-04 14:46:16",416
"2020-06-04 15:46:01",416
"2020-06-04 17:09:58",417
"2020-06-04 17:45:37",417
"2020-06-04 18:45:54",419
"2020-06-04 19:45:28",418
"2020-06-04 20:45:57",417
"2020-06-04 21:45:56",417
"2020-06-04 22:45:34",417
"2020-06-04 23:45:37",417
"2020-06-05 00:45:39",417
"2020-06-05 01:45:31",417
"2020-06-05 02:45:30",417
"2020-06-05 03:45:33",417
"2020-06-05 04:45:38",417
"2020-06-05 05:45:41",417
"2020-06-05 06:45:37",417
"2020-06-05 07:45:37",417
"2020-06-05 08:45:39",417
"2020-06-05 09:45:31",417
"2020-06-05 10:45:31",417
"2020-06-05 11:45:33",417
"2020-06-05 13:12:26",417
"2020-06-05 13:45:57",417
"2020-06-05 14:45:38",429
"2020-06-05 15:45:38",433
"2020-06-05 16:46:04",434
"2020-06-05 17:45:38",434
"2020-06-05 18:45:38",433
"2020-06-05 19:45:38",431
"2020-06-05 20:46:01",431
"2020-06-05 21:45:38",431
"2020-06-05 22:45:37",431
"2020-06-05 23:45:38",431
"2020-06-06 00:45:43",431
"2020-06-06 01:45:31",431
"2020-06-06 02:45:33",431
"2020-06-06 03:45:42",431
"2020-06-06 04:45:44",431
"2020-06-06 05:45:47",431
"2020-06-06 06:45:37",431
"2020-06-06 07:46:07",431
"2020-06-06 08:45:42",431
"2020-06-06 09:55:41",431
"2020-06-06 10:45:31",431
"2020-06-06 11:45:36",431
"2020-06-06 12:45:38",431
"2020-06-06 13:45:32",431
"2020-06-06 14:46:00",431
"2020-06-06 15:45:35",431
"2020-06-06 16:45:55",431
"2020-06-06 18:45:38",431
"2020-06-06 19:45:29",431
"2020-06-06 20:45:35",431
"2020-06-06 21:45:33",431
"2020-06-06 22:45:35",431
"2020-06-06 23:45:42",431
"2020-06-07 00:45:44",431
"2020-06-07 01:45:33",431
"2020-06-07 02:45:35",431
"2020-06-07 03:45:35",431
"2020-06-07 04:45:36",431
"2020-06-07 05:45:36",431
"2020-06-07 06:45:33",431
"2020-06-07 07:45:41",431
"2020-06-07 08:45:39",431
"2020-06-08 04:45:30",431
"2020-06-08 05:45:27",431
"2020-06-08 06:45:52",431
"2020-06-08 07:45:25",431
"2020-06-08 08:45:37",431
"2020-06-08 09:45:31",431
"2020-06-08 10:45:30",431
"2020-06-08 11:45:34",431
"2020-06-08 12:46:00",431
"2020-06-08 13:45:37",431
"2020-06-08 14:46:14",438
"2020-06-08 15:45:33",442
"2020-06-08 16:45:47",448
"2020-06-08 17:45:45",452
"2020-06-08 18:46:09",450
"2020-06-08 19:46:04",451
"2020-06-08 20:45:50",453
"2020-06-08 21:45:41",455
"2020-06-08 22:45:40",456
"2020-06-08 23:45:38",456
"2020-06-09 00:45:42",456
"2020-06-09 01:45:51",456
"2020-06-09 02:45:51",456
"2020-06-09 03:45:34",456
"2020-06-09 04:46:00",456
"2020-06-09 05:46:13",456
"2020-06-09 06:46:09",456
"2020-06-09 07:45:49",456
"2020-06-09 08:45:50",456
