timestamp,users_holding
"2018-07-17 23:40:20",0
"2018-07-18 00:40:20",0
"2018-07-18 01:40:20",0
"2018-07-18 02:40:20",0
"2018-07-18 03:40:20",0
"2018-07-18 04:40:20",0
"2018-07-18 05:40:20",0
"2018-07-18 06:40:19",0
"2018-07-18 07:40:19",0
"2018-07-18 08:40:20",0
"2018-07-18 09:40:20",0
"2018-07-18 10:40:20",0
"2018-07-18 11:40:20",0
"2018-07-18 12:40:19",0
"2018-07-18 13:40:20",0
"2018-07-18 14:40:21",1
"2018-07-18 15:40:19",1
"2018-07-18 16:40:20",1
"2018-07-18 17:40:20",2
"2018-07-18 18:40:20",2
"2018-07-18 19:40:21",2
"2018-07-18 20:40:19",2
"2018-07-18 21:40:19",2
"2018-07-18 22:40:20",2
"2018-07-18 23:40:19",2
"2018-07-19 00:40:20",2
"2018-07-19 01:40:20",2
"2018-07-19 02:40:20",2
"2018-07-19 03:40:20",2
"2018-07-19 04:40:20",2
"2018-07-19 05:40:20",2
"2018-07-19 06:40:20",2
"2018-07-19 07:40:21",2
"2018-07-19 08:40:19",2
"2018-07-19 09:40:20",2
"2018-07-19 10:40:20",2
"2018-07-19 11:40:20",2
"2018-07-19 12:40:19",2
"2018-07-19 13:40:20",2
"2018-07-19 14:40:19",3
"2018-07-19 15:40:21",3
"2018-07-19 16:40:21",3
"2018-07-19 17:40:21",3
"2018-07-19 18:40:21",3
"2018-07-19 19:40:21",3
"2018-07-19 20:40:21",3
"2018-07-19 21:40:21",3
"2018-07-19 22:40:21",3
"2018-07-19 23:40:22",3
"2018-07-20 00:40:20",3
"2018-07-20 01:40:21",3
"2018-07-20 02:40:21",3
"2018-07-20 03:40:21",3
"2018-07-20 04:40:22",3
"2018-07-20 05:40:22",3
"2018-07-20 06:40:21",3
"2018-07-20 07:40:21",3
"2018-07-20 08:40:21",3
"2018-07-20 09:40:20",3
"2018-07-20 10:40:21",3
"2018-07-20 11:40:20",3
"2018-07-20 12:40:20",3
"2018-07-20 14:03:54",3
"2018-07-20 14:40:21",3
"2018-07-20 15:40:21",3
"2018-07-20 16:40:21",3
"2018-07-20 17:40:21",5
"2018-07-20 18:40:21",6
"2018-07-20 19:40:22",6
"2018-07-20 20:40:21",6
"2018-07-20 21:40:21",6
"2018-07-20 22:40:20",6
"2018-07-20 23:40:20",6
"2018-07-21 00:40:21",6
"2018-07-21 01:40:21",6
"2018-07-21 02:40:21",6
"2018-07-21 03:40:22",6
"2018-07-21 04:40:21",6
"2018-07-21 05:40:20",6
"2018-07-21 06:40:20",6
"2018-07-21 07:40:20",6
"2018-07-21 08:40:20",6
"2018-07-21 09:40:20",6
"2018-07-21 10:40:21",6
"2018-07-21 11:40:20",6
"2018-07-21 12:40:20",6
"2018-07-21 13:40:21",6
"2018-07-21 14:40:21",6
"2018-07-21 15:40:20",6
"2018-07-21 16:40:21",6
"2018-07-21 17:40:20",6
"2018-07-21 18:40:20",6
"2018-07-21 19:40:20",6
"2018-07-21 20:40:20",6
"2018-07-21 21:40:20",6
"2018-07-21 22:40:20",6
"2018-07-21 23:40:20",6
"2018-07-22 00:40:20",6
"2018-07-22 01:40:20",6
"2018-07-22 02:40:21",6
"2018-07-22 03:40:21",6
"2018-07-22 04:40:21",6
"2018-07-22 05:40:21",6
"2018-07-22 06:40:21",6
"2018-07-22 07:40:22",6
"2018-07-22 08:40:21",6
"2018-07-22 09:40:20",6
"2018-07-22 10:40:20",6
"2018-07-22 11:40:21",6
"2018-07-22 12:40:21",6
"2018-07-22 13:40:21",6
"2018-07-22 14:40:21",6
"2018-07-22 15:40:20",6
"2018-07-22 16:40:21",6
"2018-07-22 17:40:21",6
"2018-07-22 18:40:21",6
"2018-07-22 19:40:21",6
"2018-07-22 20:40:21",6
"2018-07-22 21:40:21",6
"2018-07-22 22:40:21",6
"2018-07-22 23:40:21",6
"2018-07-23 00:40:21",6
"2018-07-23 01:40:21",6
"2018-07-23 02:40:20",6
"2018-07-23 03:40:21",6
"2018-07-23 04:40:20",6
"2018-07-23 05:40:20",6
"2018-07-23 06:40:21",6
"2018-07-23 07:40:22",6
"2018-07-23 08:40:22",6
"2018-07-23 09:40:20",6
"2018-07-23 23:40:20",9
"2018-07-24 00:40:21",9
"2018-07-24 01:40:21",9
"2018-07-24 02:40:21",9
"2018-07-24 03:40:20",9
"2018-07-24 04:40:20",9
"2018-07-24 05:40:20",9
"2018-07-24 06:40:21",9
"2018-07-24 07:40:21",9
"2018-07-24 08:40:20",9
"2018-07-24 09:40:20",9
"2018-07-24 10:40:21",9
"2018-07-24 11:40:21",9
"2018-07-24 12:40:21",9
"2018-07-24 13:40:22",8
"2018-07-24 14:40:20",6
"2018-07-24 15:40:21",6
"2018-07-24 16:40:21",6
"2018-07-24 17:40:21",6
"2018-07-24 18:40:21",7
"2018-07-24 19:40:21",7
"2018-07-24 20:40:20",7
"2018-07-24 21:40:21",7
"2018-07-24 22:40:20",7
"2018-07-24 23:40:20",7
"2018-07-25 00:40:20",7
"2018-07-25 01:40:20",7
"2018-07-25 02:40:20",7
"2018-07-25 03:40:21",7
"2018-07-25 04:40:21",7
"2018-07-25 05:40:20",7
"2018-07-25 06:40:21",7
"2018-07-25 07:40:20",7
"2018-07-25 08:40:20",7
"2018-07-25 09:40:21",7
"2018-07-25 10:40:20",7
"2018-07-25 11:40:20",7
"2018-07-25 12:40:21",7
"2018-07-25 13:40:22",7
"2018-07-25 14:40:21",7
"2018-07-25 15:40:21",6
"2018-07-25 16:40:21",5
"2018-07-25 17:40:26",5
"2018-07-25 18:40:20",6
"2018-07-25 19:40:21",6
"2018-07-25 20:40:21",6
"2018-07-25 21:40:21",6
"2018-07-25 22:40:21",6
"2018-07-25 23:40:20",6
"2018-07-26 00:40:20",6
"2018-07-26 01:40:21",6
"2018-07-26 02:40:21",6
"2018-07-26 03:40:22",6
"2018-07-26 04:40:21",6
"2018-07-26 05:40:21",6
"2018-07-26 06:40:21",6
"2018-07-26 07:40:21",6
"2018-07-26 08:40:20",6
"2018-07-26 09:40:21",6
"2018-07-26 10:40:21",6
"2018-07-26 11:40:20",6
"2018-07-26 12:40:21",6
"2018-07-26 14:40:22",7
"2018-07-26 15:40:22",7
"2018-07-26 16:40:22",7
"2018-07-26 17:40:23",7
"2018-07-26 18:40:22",7
"2018-07-26 19:40:22",7
"2018-07-26 20:40:22",7
"2018-07-26 21:40:21",7
"2018-07-26 22:40:22",7
"2018-07-26 23:40:22",7
"2018-07-27 00:40:22",7
"2018-07-27 01:40:22",7
"2018-07-27 02:40:21",7
"2018-07-27 03:40:22",7
"2018-07-27 04:40:22",7
"2018-07-27 05:40:22",7
"2018-07-27 06:40:22",7
"2018-07-27 07:40:22",7
"2018-07-27 08:40:22",7
"2018-07-27 09:40:21",7
"2018-07-27 10:40:22",7
"2018-07-27 11:40:21",7
"2018-07-27 12:40:22",7
"2018-07-27 13:40:23",7
"2018-07-27 14:40:23",9
"2018-07-27 15:40:21",9
"2018-07-27 16:40:22",9
"2018-07-27 17:40:21",11
"2018-07-27 18:40:22",10
"2018-07-27 19:40:22",10
"2018-07-27 20:40:22",10
"2018-07-27 21:40:22",10
"2018-07-27 22:40:21",10
"2018-07-27 23:40:22",10
"2018-07-28 00:40:22",10
"2018-07-28 01:40:22",10
"2018-07-28 02:40:22",10
"2018-07-28 03:40:22",10
"2018-07-28 04:40:21",10
"2018-07-28 05:40:22",10
"2018-07-28 06:40:22",10
"2018-07-28 07:40:21",10
"2018-07-28 08:40:21",10
"2018-07-28 09:40:21",10
"2018-07-28 10:40:21",10
"2018-07-28 11:40:21",10
"2018-07-28 12:40:21",10
"2018-07-28 13:40:22",10
"2018-07-28 14:40:21",10
"2018-07-28 15:40:22",10
"2018-07-28 16:40:22",10
"2018-07-28 17:40:22",10
"2018-07-28 18:40:22",10
"2018-07-28 19:40:25",10
"2018-07-28 20:40:22",10
"2018-07-28 21:40:21",10
"2018-07-28 22:40:22",10
"2018-07-28 23:40:22",10
"2018-07-29 00:40:22",10
"2018-07-29 01:40:22",10
"2018-07-29 02:40:22",10
"2018-07-29 03:40:21",10
"2018-07-29 04:40:22",10
"2018-07-29 05:40:22",10
"2018-07-29 06:40:22",10
"2018-07-29 07:40:22",10
"2018-07-29 08:40:22",10
"2018-07-29 09:40:22",10
"2018-07-29 10:40:22",10
"2018-07-29 11:40:22",10
"2018-07-29 12:40:22",10
"2018-07-29 13:40:22",10
"2018-07-29 14:40:22",10
"2018-07-29 15:40:21",10
"2018-07-29 16:40:22",10
"2018-07-29 17:40:22",10
"2018-07-29 18:40:22",10
"2018-07-29 19:40:22",10
"2018-07-29 20:40:22",10
"2018-07-29 21:40:22",10
"2018-07-29 22:40:22",10
"2018-07-29 23:40:22",10
"2018-07-30 00:40:22",10
"2018-07-30 01:40:22",10
"2018-07-30 02:40:21",10
"2018-07-30 03:40:22",10
"2018-07-30 04:40:22",10
"2018-07-30 05:40:21",10
"2018-07-30 06:40:21",10
"2018-07-30 07:40:22",10
"2018-07-30 08:40:22",10
"2018-07-30 09:40:22",10
"2018-07-30 10:40:21",10
"2018-07-30 11:40:22",10
"2018-07-30 12:40:22",10
"2018-07-30 13:40:24",10
"2018-07-30 14:40:23",13
"2018-07-30 15:40:21",13
"2018-07-30 16:40:22",13
"2018-07-30 17:40:22",14
"2018-07-30 18:40:21",14
"2018-07-30 19:40:22",14
"2018-07-30 20:40:21",14
"2018-07-30 21:40:22",14
"2018-07-30 22:40:22",14
"2018-07-30 23:40:22",14
"2018-07-31 00:40:22",14
"2018-07-31 01:40:22",14
"2018-07-31 02:40:21",14
"2018-07-31 03:40:22",14
"2018-07-31 04:40:22",14
"2018-07-31 05:40:22",14
"2018-07-31 06:40:22",14
"2018-07-31 07:40:22",14
"2018-07-31 08:40:29",14
"2018-07-31 09:47:18",14
"2018-07-31 10:40:22",14
"2018-07-31 11:40:22",14
"2018-07-31 12:40:22",14
"2018-07-31 13:40:23",14
"2018-07-31 14:40:22",14
"2018-07-31 15:40:22",14
"2018-07-31 16:40:22",13
"2018-07-31 17:40:22",13
"2018-07-31 18:40:22",13
"2018-07-31 19:40:22",12
"2018-07-31 20:40:22",12
"2018-07-31 21:40:21",12
"2018-07-31 22:40:22",12
"2018-07-31 23:40:22",12
"2018-08-01 00:40:22",12
"2018-08-01 01:40:22",12
"2018-08-01 02:40:22",12
"2018-08-01 03:40:22",12
"2018-08-01 04:40:22",12
"2018-08-01 05:40:22",12
"2018-08-01 06:40:22",12
"2018-08-01 07:40:22",12
"2018-08-01 08:40:22",12
"2018-08-01 09:40:22",12
"2018-08-01 10:40:21",12
"2018-08-01 11:40:22",12
"2018-08-01 12:40:22",12
"2018-08-01 14:05:27",12
"2018-08-01 14:40:23",12
"2018-08-01 15:40:23",13
"2018-08-01 16:40:24",13
"2018-08-01 17:40:23",13
"2018-08-01 18:40:22",14
"2018-08-01 19:40:24",14
"2018-08-01 20:40:23",14
"2018-08-01 21:40:23",14
"2018-08-01 22:40:23",14
"2018-08-01 23:40:23",14
"2018-08-02 00:40:23",14
"2018-08-02 01:40:23",14
"2018-08-02 02:40:23",14
"2018-08-02 03:40:23",14
"2018-08-02 04:40:24",14
"2018-08-02 05:40:23",14
"2018-08-02 06:40:22",14
"2018-08-02 07:40:23",14
"2018-08-02 08:40:23",14
"2018-08-02 09:40:23",14
"2018-08-02 10:40:23",14
"2018-08-02 11:40:22",14
"2018-08-02 12:40:23",14
"2018-08-02 13:40:22",14
"2018-08-02 14:40:23",15
"2018-08-02 15:40:24",16
"2018-08-02 16:40:22",16
"2018-08-02 17:40:22",16
"2018-08-02 18:40:22",16
"2018-08-02 19:40:23",16
"2018-08-02 20:40:23",17
"2018-08-02 21:40:23",17
"2018-08-02 22:40:22",17
"2018-08-02 23:40:23",17
"2018-08-03 00:40:23",17
"2018-08-03 01:40:23",17
"2018-08-03 02:40:23",17
"2018-08-03 03:40:23",17
"2018-08-03 04:40:23",17
"2018-08-03 05:40:23",17
"2018-08-03 06:40:24",17
"2018-08-03 07:40:23",17
"2018-08-03 08:40:22",17
"2018-08-03 09:40:23",17
"2018-08-03 10:40:23",17
"2018-08-03 11:40:36",17
"2018-08-03 13:05:22",17
"2018-08-03 13:40:23",17
"2018-08-03 14:40:23",16
"2018-08-03 15:40:23",16
"2018-08-03 16:40:23",15
"2018-08-03 17:40:23",15
"2018-08-03 18:40:23",15
"2018-08-03 19:40:23",15
"2018-08-03 20:40:23",15
"2018-08-03 21:40:22",15
"2018-08-03 22:40:23",15
"2018-08-03 23:40:23",15
"2018-08-04 00:40:22",15
"2018-08-04 01:40:22",15
"2018-08-04 02:40:23",15
"2018-08-04 03:40:23",15
"2018-08-04 04:40:23",15
"2018-08-04 05:40:23",15
"2018-08-04 06:40:23",15
"2018-08-04 07:40:23",15
"2018-08-04 08:40:23",15
"2018-08-04 09:40:23",15
"2018-08-04 10:40:23",15
"2018-08-04 11:40:23",15
"2018-08-04 12:40:22",15
"2018-08-04 13:40:23",15
"2018-08-04 14:40:23",15
"2018-08-04 15:40:23",15
"2018-08-04 16:40:23",15
"2018-08-04 17:40:23",15
"2018-08-04 18:40:23",15
"2018-08-04 19:40:23",15
"2018-08-04 20:40:23",15
"2018-08-04 21:40:22",15
"2018-08-04 22:40:22",15
"2018-08-04 23:40:23",15
"2018-08-05 00:40:22",15
"2018-08-05 01:40:22",15
"2018-08-05 02:40:23",15
"2018-08-05 03:40:22",15
"2018-08-05 04:40:22",15
"2018-08-05 05:40:22",15
"2018-08-05 06:40:23",15
"2018-08-05 07:40:23",15
"2018-08-05 08:40:23",15
"2018-08-05 09:40:22",15
"2018-08-05 10:40:23",15
"2018-08-05 11:40:23",15
"2018-08-05 12:40:23",15
"2018-08-05 13:40:22",15
"2018-08-05 14:40:22",15
"2018-08-05 15:40:23",15
"2018-08-05 16:40:23",15
"2018-08-05 17:40:23",15
"2018-08-05 18:40:22",15
"2018-08-05 19:40:23",15
"2018-08-05 20:40:23",15
"2018-08-05 21:40:23",15
"2018-08-05 22:40:22",15
"2018-08-05 23:40:23",15
"2018-08-06 00:40:23",15
"2018-08-06 01:40:22",15
"2018-08-06 02:40:22",15
"2018-08-06 03:40:23",15
"2018-08-06 04:40:22",15
"2018-08-06 05:40:23",15
"2018-08-06 06:40:23",15
"2018-08-06 07:40:23",15
"2018-08-06 08:40:23",15
"2018-08-06 09:40:23",15
"2018-08-06 10:40:23",15
"2018-08-06 11:40:22",15
"2018-08-06 12:40:23",15
"2018-08-06 13:40:24",15
"2018-08-06 14:40:23",15
"2018-08-06 15:40:23",17
"2018-08-06 16:40:26",17
"2018-08-06 17:40:24",17
"2018-08-06 18:40:24",17
"2018-08-06 19:40:23",20
"2018-08-06 20:40:22",20
"2018-08-06 21:40:25",20
"2018-08-06 22:40:22",20
"2018-08-06 23:40:23",20
"2018-08-07 00:40:23",20
"2018-08-07 01:40:23",20
"2018-08-07 02:40:23",20
"2018-08-07 03:40:23",20
"2018-08-07 04:40:23",20
"2018-08-07 05:40:23",20
"2018-08-07 06:40:23",20
"2018-08-07 07:40:23",20
"2018-08-07 08:40:23",20
"2018-08-07 09:40:23",20
"2018-08-07 10:40:22",20
"2018-08-07 11:40:23",20
"2018-08-07 12:40:23",20
"2018-08-07 13:40:24",20
"2018-08-07 14:40:23",19
"2018-08-07 15:40:23",20
"2018-08-07 16:40:22",20
"2018-08-07 17:40:23",20
"2018-08-07 18:40:23",20
"2018-08-07 19:40:24",20
"2018-08-07 20:40:23",20
"2018-08-07 21:40:23",20
"2018-08-07 22:40:23",20
"2018-08-07 23:40:23",20
"2018-08-08 00:40:23",20
"2018-08-08 01:40:23",20
"2018-08-08 02:40:23",20
"2018-08-08 03:40:23",20
"2018-08-08 04:40:22",20
"2018-08-08 05:40:23",20
"2018-08-08 06:40:23",20
"2018-08-08 07:40:23",20
"2018-08-08 08:40:23",20
"2018-08-08 09:40:23",20
"2018-08-08 10:40:23",20
"2018-08-08 11:40:23",20
"2018-08-08 12:40:23",20
"2018-08-08 13:40:24",20
"2018-08-08 14:40:24",20
"2018-08-08 15:40:24",19
"2018-08-08 16:40:25",19
"2018-08-08 17:40:23",19
"2018-08-08 18:40:24",19
"2018-08-08 19:40:24",19
"2018-08-08 20:40:24",19
"2018-08-08 21:40:24",19
"2018-08-08 22:40:24",19
"2018-08-08 23:40:24",19
"2018-08-10 00:18:40",22
"2018-08-10 00:40:25",22
"2018-08-10 01:40:25",22
"2018-08-10 02:40:25",22
"2018-08-10 03:40:24",22
"2018-08-10 04:40:24",22
"2018-08-10 05:40:28",22
"2018-08-10 06:40:27",22
"2018-08-10 07:40:29",22
"2018-08-10 08:40:28",22
"2018-08-10 09:40:28",22
"2018-08-10 10:40:27",22
"2018-08-10 11:40:28",22
"2018-08-10 12:40:27",22
"2018-08-10 13:40:28",22
"2018-08-10 14:40:28",21
"2018-08-10 15:40:29",21
"2018-08-10 16:40:28",21
"2018-08-10 17:40:28",21
"2018-08-10 18:40:28",21
"2018-08-10 19:40:28",21
"2018-08-10 20:40:28",21
"2018-08-10 21:40:28",21
"2018-08-10 22:40:27",21
"2018-08-10 23:40:29",21
"2018-08-11 00:40:28",21
"2018-08-11 01:40:28",21
"2018-08-11 02:40:29",21
"2018-08-11 03:40:28",21
"2018-08-11 04:40:27",21
"2018-08-11 05:40:29",21
"2018-08-11 06:40:28",21
"2018-08-11 07:40:28",21
"2018-08-11 08:40:27",21
"2018-08-11 09:40:27",21
"2018-08-11 10:40:27",21
"2018-08-11 11:40:28",21
"2018-08-11 12:40:27",21
"2018-08-11 13:40:27",21
"2018-08-11 14:40:28",21
"2018-08-11 15:40:28",21
"2018-08-11 16:40:28",21
"2018-08-11 17:40:28",21
"2018-08-11 18:40:28",21
"2018-08-11 19:40:28",21
"2018-08-11 20:40:28",21
"2018-08-11 21:40:27",21
"2018-08-11 22:40:28",21
"2018-08-11 23:40:29",21
"2018-08-12 00:40:28",21
"2018-08-12 01:40:28",21
"2018-08-12 02:40:28",21
"2018-08-12 03:40:28",21
"2018-08-12 04:40:28",21
"2018-08-12 05:40:28",21
"2018-08-12 06:40:27",21
"2018-08-12 07:40:27",21
"2018-08-12 08:40:28",21
"2018-08-12 09:40:27",21
"2018-08-12 10:40:27",21
"2018-08-12 11:40:28",21
"2018-08-12 12:40:28",21
"2018-08-12 13:40:29",21
"2018-08-12 14:40:28",21
"2018-08-12 15:40:28",21
"2018-08-12 16:40:29",21
"2018-08-12 17:40:28",21
"2018-08-12 18:40:28",21
"2018-08-12 19:40:29",21
"2018-08-12 20:40:28",21
"2018-08-12 21:40:28",21
"2018-08-12 22:40:28",21
"2018-08-12 23:40:28",21
"2018-08-13 00:40:28",21
"2018-08-13 01:40:28",21
"2018-08-13 02:40:28",21
"2018-08-13 03:40:28",21
"2018-08-13 04:40:28",21
"2018-08-13 05:40:28",21
"2018-08-13 06:40:28",21
"2018-08-13 07:40:28",21
"2018-08-13 08:40:28",21
"2018-08-13 09:40:28",21
"2018-08-13 10:40:28",21
"2018-08-13 11:40:28",21
"2018-08-13 12:40:28",21
"2018-08-13 13:40:29",21
"2018-08-13 14:40:28",21
"2018-08-13 15:40:29",23
"2018-08-13 16:40:28",24
"2018-08-13 17:40:27",23
"2018-08-13 18:40:29",23
"2018-08-13 19:40:29",23
"2018-08-13 20:40:28",23
"2018-08-13 21:40:28",23
"2018-08-13 22:40:28",23
"2018-08-13 23:40:28",23
"2018-08-14 00:40:28",23
"2018-08-14 01:40:29",23
"2018-08-14 02:40:27",23
"2018-08-14 03:40:28",23
"2018-08-14 04:40:28",23
"2018-08-14 05:40:28",23
"2018-08-14 06:40:29",23
"2018-08-14 07:40:28",23
"2018-08-14 08:40:28",23
"2018-08-14 09:40:28",23
"2018-08-14 10:40:28",24
"2018-08-14 11:40:28",24
"2018-08-14 12:40:28",24
"2018-08-14 13:40:30",24
"2018-08-14 14:40:29",24
"2018-08-14 15:40:29",23
"2018-08-14 16:40:29",23
"2018-08-14 17:40:28",24
"2018-08-14 18:40:29",24
"2018-08-14 19:40:29",24
"2018-08-14 20:40:29",23
"2018-08-14 21:40:29",23
"2018-08-14 22:40:29",23
"2018-08-14 23:40:28",23
"2018-08-15 00:40:28",23
"2018-08-15 01:40:29",23
"2018-08-15 02:40:29",23
"2018-08-15 03:40:28",23
"2018-08-15 04:40:29",23
"2018-08-15 05:40:28",23
"2018-08-15 06:40:28",23
"2018-08-15 07:40:27",23
"2018-08-15 08:40:28",23
"2018-08-15 09:40:28",23
"2018-08-15 10:40:28",23
"2018-08-15 11:40:28",23
"2018-08-15 12:40:29",23
"2018-08-15 14:06:03",23
"2018-08-15 14:40:30",23
"2018-08-15 15:40:29",23
"2018-08-15 16:40:30",23
"2018-08-15 17:40:29",23
"2018-08-15 18:40:28",23
"2018-08-15 19:40:28",23
"2018-08-15 20:40:29",23
"2018-08-15 21:40:29",23
"2018-08-15 22:40:29",23
"2018-08-15 23:40:29",23
"2018-08-16 00:40:29",23
"2018-08-16 01:40:29",23
"2018-08-16 02:40:29",23
"2018-08-16 03:40:30",23
"2018-08-16 04:40:30",23
"2018-08-16 05:40:28",23
"2018-08-16 06:40:29",23
"2018-08-16 07:40:30",23
"2018-08-16 08:40:29",23
"2018-08-16 09:40:28",23
"2018-08-16 10:40:30",23
"2018-08-16 11:40:29",23
"2018-08-16 12:40:29",23
"2018-08-16 13:40:30",23
"2018-08-16 14:40:29",22
"2018-08-16 15:40:30",22
"2018-08-16 16:40:29",22
"2018-08-16 17:40:29",22
"2018-08-16 18:40:28",22
"2018-08-16 19:40:29",22
"2018-08-16 20:40:29",22
"2018-08-16 21:40:29",22
"2018-08-16 22:40:29",22
"2018-08-16 23:40:29",22
"2018-08-17 00:40:29",22
"2018-08-17 01:40:29",22
"2018-08-17 02:40:30",22
"2018-08-17 03:40:30",22
"2018-08-17 04:40:30",22
"2018-08-17 05:40:29",22
"2018-08-17 06:40:28",22
"2018-08-17 07:40:29",22
"2018-08-17 08:40:30",22
"2018-08-17 09:40:29",22
"2018-08-17 10:40:28",22
"2018-08-17 11:40:29",22
"2018-08-17 12:40:29",22
"2018-08-17 13:40:29",22
"2018-08-17 14:40:30",21
"2018-08-17 15:40:30",21
"2018-08-17 16:40:29",21
"2018-08-17 17:40:29",21
"2018-08-17 18:40:29",21
"2018-08-17 19:40:30",22
"2018-08-17 20:40:29",22
"2018-08-17 21:40:29",22
"2018-08-17 22:40:29",22
"2018-08-17 23:40:29",22
"2018-08-18 00:40:29",22
"2018-08-18 01:40:29",22
"2018-08-18 02:40:29",22
"2018-08-18 03:40:29",22
"2018-08-18 04:40:30",22
"2018-08-18 05:40:29",22
"2018-08-18 06:40:29",22
"2018-08-18 07:40:28",22
"2018-08-18 08:40:29",22
"2018-08-18 09:40:29",22
"2018-08-18 10:40:28",22
"2018-08-18 11:40:29",22
"2018-08-18 12:40:30",22
"2018-08-18 13:40:30",22
"2018-08-18 14:40:30",22
"2018-08-18 15:40:30",22
"2018-08-18 16:40:30",22
"2018-08-18 17:40:29",22
"2018-08-18 18:40:29",22
"2018-08-18 19:40:29",22
"2018-08-18 20:40:30",22
"2018-08-18 21:40:29",22
"2018-08-18 22:40:29",22
"2018-08-18 23:40:29",22
"2018-08-19 00:40:29",22
"2018-08-19 01:40:29",22
"2018-08-19 02:40:28",22
"2018-08-19 03:40:29",22
"2018-08-19 04:40:29",22
"2018-08-19 05:40:29",22
"2018-08-19 06:40:29",22
"2018-08-19 07:40:29",22
"2018-08-19 08:40:30",22
"2018-08-19 09:40:29",22
"2018-08-19 10:40:29",22
"2018-08-19 11:40:29",22
"2018-08-19 12:40:29",22
"2018-08-19 13:40:29",22
"2018-08-19 14:40:29",22
"2018-08-19 15:40:29",22
"2018-08-19 16:40:28",22
"2018-08-19 17:40:29",22
"2018-08-19 18:40:30",22
"2018-08-19 19:40:29",22
"2018-08-19 20:40:29",22
"2018-08-19 21:40:30",22
"2018-08-19 22:40:29",22
"2018-08-19 23:40:29",22
"2018-08-20 00:40:29",22
"2018-08-20 01:40:29",22
"2018-08-20 02:40:29",22
"2018-08-20 03:40:28",22
"2018-08-20 04:40:29",22
"2018-08-20 05:40:29",22
"2018-08-20 06:40:29",22
"2018-08-20 07:40:29",22
"2018-08-20 08:40:33",22
"2018-08-20 09:40:28",22
"2018-08-20 10:40:29",22
"2018-08-20 11:40:30",22
"2018-08-20 12:40:29",22
"2018-08-20 13:40:29",22
"2018-08-20 14:40:31",23
"2018-08-20 15:40:30",23
"2018-08-20 16:40:30",23
"2018-08-20 17:40:29",24
"2018-08-20 18:40:29",23
"2018-08-20 19:40:29",23
"2018-08-20 20:40:29",23
"2018-08-20 21:40:29",23
"2018-08-20 22:40:30",23
"2018-08-20 23:40:28",23
"2018-08-21 00:40:29",23
"2018-08-21 01:40:29",23
"2018-08-21 02:40:29",23
"2018-08-21 03:40:29",23
"2018-08-21 04:40:29",23
"2018-08-21 05:40:29",23
"2018-08-21 06:40:30",23
"2018-08-21 07:40:28",23
"2018-08-21 08:40:29",23
"2018-08-21 09:40:29",23
"2018-08-21 10:40:29",23
"2018-08-21 11:40:29",23
"2018-08-21 12:40:29",23
"2018-08-21 13:40:31",23
"2018-08-21 14:40:30",23
"2018-08-21 15:40:29",23
"2018-08-21 16:40:29",23
"2018-08-21 17:40:28",23
"2018-08-21 18:40:29",23
"2018-08-21 19:40:29",23
"2018-08-21 20:40:28",23
"2018-08-21 21:40:28",23
"2018-08-21 22:40:29",23
"2018-08-21 23:40:29",23
"2018-08-22 00:40:28",23
"2018-08-22 01:40:28",23
"2018-08-22 02:40:29",23
"2018-08-22 03:40:29",23
"2018-08-22 04:40:29",23
"2018-08-22 05:40:28",23
"2018-08-22 06:40:28",23
"2018-08-22 07:40:29",23
"2018-08-22 08:40:28",23
"2018-08-22 09:40:28",23
"2018-08-22 10:40:28",23
"2018-08-22 11:40:29",23
"2018-08-22 12:40:28",23
"2018-08-22 13:40:30",23
"2018-08-22 14:40:28",23
"2018-08-22 15:40:28",24
"2018-08-22 16:40:29",24
"2018-08-22 17:40:27",23
"2018-08-22 18:40:29",23
"2018-08-22 19:40:29",23
"2018-08-22 20:40:27",23
"2018-08-22 21:40:28",23
"2018-08-22 22:40:28",23
"2018-08-22 23:40:28",23
"2018-08-23 00:40:28",23
"2018-08-23 01:40:29",23
"2018-08-23 02:40:29",23
"2018-08-23 03:40:29",23
"2018-08-23 04:40:29",23
"2018-08-23 05:40:28",23
"2018-08-23 06:40:28",23
"2018-08-23 07:40:29",23
"2018-08-23 08:40:28",23
"2018-08-23 09:40:28",23
"2018-08-23 10:40:28",23
"2018-08-23 11:40:28",23
"2018-08-23 12:40:29",23
"2018-08-23 13:40:30",23
"2018-08-23 14:40:29",23
"2018-08-23 15:40:29",23
"2018-08-23 16:40:29",22
"2018-08-23 17:40:28",22
"2018-08-23 18:40:29",24
"2018-08-23 19:40:28",24
"2018-08-23 20:40:28",24
"2018-08-23 21:40:28",24
"2018-08-23 22:40:28",24
"2018-08-23 23:40:28",24
"2018-08-24 00:40:29",24
"2018-08-24 01:40:29",24
"2018-08-24 02:40:28",24
"2018-08-24 03:40:28",24
"2018-08-24 19:58:46",24
"2018-08-24 20:40:29",24
"2018-08-24 21:40:29",24
"2018-08-24 22:40:29",24
"2018-08-24 23:40:28",24
"2018-08-25 00:40:29",24
"2018-08-25 01:40:29",24
"2018-08-25 02:40:28",24
"2018-08-25 03:40:29",24
"2018-08-25 04:40:29",24
"2018-08-25 05:40:29",24
"2018-08-25 06:40:28",24
"2018-08-25 07:40:28",24
"2018-08-25 08:40:29",24
"2018-08-25 09:40:28",24
"2018-08-25 10:40:29",24
"2018-08-25 11:40:28",24
"2018-08-25 12:40:29",24
"2018-08-25 13:40:29",24
"2018-08-25 14:40:29",24
"2018-08-25 15:40:28",24
"2018-08-25 16:40:28",24
"2018-08-25 17:40:29",24
"2018-08-25 18:40:29",24
"2018-08-25 19:40:29",24
"2018-08-25 20:40:28",24
"2018-08-25 21:40:28",24
"2018-08-25 22:40:28",24
"2018-08-25 23:40:29",24
"2018-08-26 00:40:29",24
"2018-08-26 01:40:29",24
"2018-08-26 02:40:29",24
"2018-08-26 03:40:28",24
"2018-08-26 04:40:28",24
"2018-08-26 05:40:28",24
"2018-08-26 06:40:29",24
"2018-08-26 07:40:29",24
"2018-08-26 08:40:28",24
"2018-08-26 09:40:28",24
"2018-08-26 10:40:29",24
"2018-08-26 11:40:29",24
"2018-08-26 12:40:29",24
"2018-08-26 13:40:28",24
"2018-08-26 14:40:28",24
"2018-08-26 15:40:28",24
"2018-08-26 16:40:28",24
"2018-08-26 17:40:28",24
"2018-08-26 18:40:28",24
"2018-08-26 19:40:28",24
"2018-08-26 20:40:29",24
"2018-08-26 21:40:28",24
"2018-08-26 22:40:28",24
"2018-08-26 23:40:29",24
"2018-08-27 00:40:29",24
"2018-08-27 01:40:28",24
"2018-08-27 02:40:28",24
"2018-08-27 03:40:28",24
"2018-08-27 04:40:28",24
"2018-08-27 05:40:29",24
"2018-08-27 06:40:28",24
"2018-08-27 07:40:28",24
"2018-08-27 08:40:28",24
"2018-08-27 09:40:28",24
"2018-08-27 10:40:29",24
"2018-08-27 11:40:28",24
"2018-08-27 12:40:28",24
"2018-08-27 14:04:30",25
"2018-08-27 14:40:29",25
"2018-08-27 15:40:29",25
"2018-08-27 16:40:29",25
"2018-08-27 17:40:29",24
"2018-08-27 18:40:29",24
"2018-08-27 19:40:29",24
"2018-08-27 20:40:28",25
"2018-08-27 21:40:29",25
"2018-08-27 22:40:29",25
"2018-08-27 23:40:29",25
"2018-08-28 00:40:28",25
"2018-08-28 01:40:29",25
"2018-08-28 02:40:28",25
"2018-08-28 03:40:28",25
"2018-08-28 04:40:29",25
"2018-08-28 05:40:28",25
"2018-08-28 06:40:29",25
"2018-08-28 07:40:28",25
"2018-08-28 08:40:28",25
"2018-08-28 09:40:29",25
"2018-08-28 10:40:29",25
"2018-08-28 11:40:28",25
"2018-08-28 12:40:28",25
"2018-08-28 13:40:40",25
"2018-08-28 14:40:39",25
"2018-08-28 15:40:40",25
"2018-08-28 16:40:40",25
"2018-08-28 17:40:40",25
"2018-08-28 18:40:41",26
"2018-08-28 19:40:40",26
"2018-08-28 20:40:40",26
"2018-08-28 21:40:40",26
"2018-08-28 22:40:40",26
"2018-08-28 23:40:39",26
"2018-08-29 00:40:40",26
"2018-08-29 01:40:40",26
"2018-08-29 02:40:40",26
"2018-08-29 03:40:39",26
"2018-08-29 04:40:40",26
"2018-08-29 05:40:40",26
"2018-08-29 06:40:39",26
"2018-08-29 07:40:40",26
"2018-08-29 08:40:39",26
"2018-08-29 09:40:39",26
"2018-08-29 10:40:40",26
"2018-08-29 11:40:39",26
"2018-08-29 12:40:40",26
"2018-08-29 14:04:16",26
"2018-08-29 14:40:42",26
"2018-08-29 15:40:41",26
"2018-08-29 16:40:40",26
"2018-08-29 17:40:41",26
"2018-08-29 18:40:42",27
"2018-08-29 19:40:41",27
"2018-08-29 20:40:40",27
"2018-08-29 21:40:40",27
"2018-08-29 22:40:41",27
"2018-08-29 23:40:41",27
"2018-08-30 00:41:26",27
"2018-08-30 01:40:41",27
"2018-08-30 02:40:41",27
"2018-08-30 03:40:41",27
"2018-08-30 04:40:41",27
"2018-08-30 05:40:41",27
"2018-08-30 06:40:41",27
"2018-08-30 07:40:41",27
"2018-08-30 08:40:41",27
"2018-08-30 09:40:41",27
"2018-08-30 10:40:41",27
"2018-08-30 11:40:41",27
"2018-08-30 12:40:41",27
"2018-08-30 13:40:43",27
"2018-08-30 14:40:41",28
"2018-08-30 15:40:41",27
"2018-08-30 16:40:41",27
"2018-08-30 17:40:41",29
"2018-08-30 18:40:41",29
"2018-08-30 19:40:41",29
"2018-08-30 20:40:40",31
"2018-08-30 21:40:41",31
"2018-08-30 22:40:41",31
"2018-08-30 23:40:41",31
"2018-08-31 00:40:41",31
"2018-08-31 01:40:40",31
"2018-08-31 02:40:41",31
"2018-08-31 03:40:41",31
"2018-08-31 04:40:41",31
"2018-08-31 05:40:40",31
"2018-08-31 06:40:41",31
"2018-08-31 07:40:41",31
"2018-08-31 08:40:41",31
"2018-08-31 09:40:41",31
"2018-08-31 10:40:41",31
"2018-08-31 11:40:41",31
"2018-08-31 12:40:41",31
"2018-08-31 13:40:42",31
"2018-08-31 14:40:41",34
"2018-08-31 15:40:41",36
"2018-08-31 16:40:40",37
"2018-08-31 17:40:41",37
"2018-08-31 18:40:41",37
"2018-08-31 19:40:41",37
"2018-08-31 20:40:42",38
"2018-08-31 21:40:41",38
"2018-08-31 22:40:41",38
"2018-08-31 23:40:41",38
"2018-09-01 00:40:41",38
"2018-09-01 01:40:41",38
"2018-09-01 02:40:41",38
"2018-09-01 03:40:41",38
"2018-09-01 04:40:41",38
"2018-09-01 05:40:41",38
"2018-09-01 06:40:41",38
"2018-09-01 07:40:41",38
"2018-09-01 08:40:41",38
"2018-09-01 09:40:41",38
"2018-09-01 10:40:41",38
"2018-09-01 11:40:41",38
"2018-09-01 12:40:41",38
"2018-09-01 13:40:42",38
"2018-09-01 14:40:41",38
"2018-09-01 15:40:41",38
"2018-09-01 16:40:40",38
"2018-09-01 17:40:40",38
"2018-09-01 18:40:41",38
"2018-09-01 19:40:41",38
"2018-09-01 20:40:40",38
"2018-09-01 21:40:41",38
"2018-09-01 22:40:41",38
"2018-09-01 23:40:41",38
"2018-09-02 00:40:40",38
"2018-09-02 01:40:40",38
"2018-09-02 02:40:41",38
"2018-09-02 03:40:42",38
"2018-09-02 04:40:41",38
"2018-09-02 05:40:41",38
"2018-09-02 06:40:41",38
"2018-09-02 07:40:41",38
"2018-09-02 08:40:41",38
"2018-09-02 09:40:40",38
"2018-09-02 10:40:40",38
"2018-09-02 11:40:41",38
"2018-09-02 12:40:41",38
"2018-09-02 13:40:41",38
"2018-09-02 14:40:42",38
"2018-09-02 15:40:41",38
"2018-09-02 16:40:42",38
"2018-09-02 17:40:41",38
"2018-09-02 18:40:40",38
"2018-09-02 19:40:41",38
"2018-09-02 20:40:40",38
"2018-09-02 21:40:41",38
"2018-09-02 22:40:41",38
"2018-09-02 23:40:42",38
"2018-09-03 00:40:40",38
"2018-09-03 01:40:41",38
"2018-09-03 02:40:41",38
"2018-09-03 03:40:41",38
"2018-09-03 04:40:41",38
"2018-09-03 05:40:41",38
"2018-09-03 06:40:41",38
"2018-09-03 07:40:41",38
"2018-09-03 08:40:44",38
"2018-09-03 09:40:42",38
"2018-09-03 10:40:41",38
"2018-09-03 11:40:42",38
"2018-09-03 12:40:40",38
"2018-09-03 13:40:41",38
"2018-09-03 14:40:41",38
"2018-09-03 15:40:40",38
"2018-09-03 16:40:41",38
"2018-09-03 17:40:41",38
"2018-09-03 18:40:41",38
"2018-09-03 19:40:40",38
"2018-09-03 20:40:41",38
"2018-09-03 21:40:40",38
"2018-09-03 22:40:41",38
"2018-09-03 23:40:40",38
"2018-09-04 00:40:41",38
"2018-09-04 01:40:41",38
"2018-09-04 02:40:40",38
"2018-09-04 03:40:41",38
"2018-09-04 04:40:41",38
"2018-09-04 05:40:41",38
"2018-09-04 06:40:40",38
"2018-09-04 07:40:41",38
"2018-09-04 08:40:41",38
"2018-09-04 09:40:41",38
"2018-09-04 10:40:41",38
"2018-09-04 11:40:40",38
"2018-09-04 12:40:41",38
"2018-09-04 13:40:42",38
"2018-09-04 14:40:42",35
"2018-09-04 15:40:41",38
"2018-09-04 16:40:41",39
"2018-09-04 17:40:41",39
"2018-09-04 18:40:42",39
"2018-09-04 19:40:42",39
"2018-09-04 20:40:41",39
"2018-09-04 21:40:41",39
"2018-09-04 22:40:42",39
"2018-09-04 23:40:41",39
"2018-09-05 00:40:41",39
"2018-09-05 01:40:41",39
"2018-09-05 02:40:41",39
"2018-09-05 03:40:40",39
"2018-09-05 04:40:41",39
"2018-09-05 05:40:40",39
"2018-09-05 06:40:40",39
"2018-09-05 07:40:41",39
"2018-09-05 08:40:41",39
"2018-09-05 09:40:41",39
"2018-09-05 10:40:41",39
"2018-09-05 11:40:45",39
"2018-09-05 12:40:40",39
"2018-09-05 13:40:44",39
"2018-09-05 14:40:42",37
"2018-09-05 15:40:41",36
"2018-09-05 16:40:42",35
"2018-09-05 17:40:42",34
"2018-09-05 18:40:41",34
"2018-09-05 19:40:41",34
"2018-09-05 20:40:41",34
"2018-09-05 21:40:40",34
"2018-09-05 22:40:41",34
"2018-09-05 23:40:41",34
"2018-09-06 00:40:41",34
"2018-09-06 01:40:41",34
"2018-09-06 02:40:41",34
"2018-09-06 03:40:41",34
"2018-09-06 04:40:41",34
"2018-09-06 05:40:41",34
"2018-09-06 06:40:41",34
"2018-09-06 07:40:40",34
"2018-09-06 08:40:41",34
"2018-09-06 09:40:41",34
"2018-09-06 10:40:41",34
"2018-09-06 11:40:41",34
"2018-09-06 13:05:44",34
"2018-09-06 13:40:42",34
"2018-09-06 14:40:41",34
"2018-09-06 15:40:41",32
"2018-09-06 16:40:41",32
"2018-09-06 17:40:41",32
"2018-09-06 18:40:41",33
"2018-09-06 19:40:42",33
"2018-09-06 20:40:40",35
"2018-09-06 21:40:40",35
"2018-09-06 22:40:41",35
"2018-09-06 23:40:42",35
"2018-09-07 00:40:41",35
"2018-09-07 01:40:41",35
"2018-09-07 02:40:41",35
"2018-09-07 03:40:41",35
"2018-09-07 04:40:40",35
"2018-09-07 05:40:42",35
"2018-09-07 06:40:42",35
"2018-09-07 08:40:41",35
"2018-09-07 09:40:41",35
"2018-09-07 10:40:42",35
"2018-09-07 11:40:41",35
"2018-09-07 12:40:41",35
"2018-09-07 13:40:42",35
"2018-09-07 14:40:41",37
"2018-09-07 15:40:41",38
"2018-09-07 16:40:41",38
"2018-09-07 17:40:41",39
"2018-09-07 18:40:40",39
"2018-09-07 19:40:40",39
"2018-09-07 20:40:41",38
"2018-09-07 21:40:41",38
"2018-09-07 22:40:40",38
"2018-09-07 23:40:41",38
"2018-09-08 00:40:41",38
"2018-09-08 01:40:41",38
"2018-09-08 02:40:41",38
"2018-09-08 03:40:41",38
"2018-09-08 04:40:40",38
"2018-09-08 05:40:41",38
"2018-09-08 06:40:41",38
"2018-09-08 07:40:41",38
"2018-09-08 08:40:40",38
"2018-09-08 09:40:40",38
"2018-09-08 10:40:40",38
"2018-09-08 11:40:40",38
"2018-09-08 12:40:41",38
"2018-09-08 13:40:41",38
"2018-09-08 14:40:40",38
"2018-09-08 15:40:41",38
"2018-09-08 16:40:41",38
"2018-09-08 17:40:41",38
"2018-09-08 18:40:41",38
"2018-09-08 19:40:41",38
"2018-09-08 20:40:40",38
"2018-09-08 21:40:41",38
"2018-09-08 22:40:41",38
"2018-09-08 23:40:41",38
"2018-09-09 00:40:40",38
"2018-09-09 01:40:41",38
"2018-09-09 02:40:41",38
"2018-09-09 03:40:41",38
"2018-09-09 04:40:41",38
"2018-09-09 05:40:41",38
"2018-09-09 06:40:41",38
"2018-09-09 07:40:41",38
"2018-09-09 08:40:41",38
"2018-09-09 09:40:41",38
"2018-09-09 10:40:41",38
"2018-09-09 11:40:42",38
"2018-09-09 12:40:41",38
"2018-09-09 13:40:41",38
"2018-09-09 14:40:42",38
"2018-09-09 15:40:41",38
"2018-09-09 16:40:40",38
"2018-09-09 17:40:41",38
"2018-09-09 18:40:41",38
"2018-09-09 19:40:41",38
"2018-09-09 20:40:41",38
"2018-09-09 21:40:41",38
"2018-09-09 22:40:40",38
"2018-09-09 23:40:41",38
"2018-09-10 00:40:41",38
"2018-09-10 01:40:42",38
"2018-09-10 02:40:41",38
"2018-09-10 03:40:41",38
"2018-09-10 04:40:42",38
"2018-09-10 05:40:40",38
"2018-09-10 06:40:41",38
"2018-09-10 07:40:40",38
"2018-09-10 08:40:40",38
"2018-09-10 09:40:41",38
"2018-09-10 10:40:41",38
"2018-09-10 11:40:41",38
"2018-09-10 12:40:41",38
"2018-09-10 13:40:42",38
"2018-09-10 14:40:41",40
"2018-09-10 15:40:42",40
"2018-09-10 16:40:42",41
"2018-09-10 17:40:42",41
"2018-09-10 18:40:42",41
"2018-09-10 19:40:41",41
"2018-09-10 20:40:41",41
"2018-09-10 21:40:40",41
"2018-09-10 22:40:41",41
"2018-09-10 23:40:41",41
"2018-09-11 00:40:41",41
"2018-09-11 01:40:42",41
"2018-09-11 02:40:42",41
"2018-09-11 03:40:41",41
"2018-09-11 04:40:41",41
"2018-09-11 05:40:42",41
"2018-09-11 06:40:41",41
"2018-09-11 07:40:41",41
"2018-09-11 08:40:40",41
"2018-09-11 09:40:41",41
"2018-09-11 10:40:41",41
"2018-09-11 11:40:40",41
"2018-09-11 12:40:41",41
"2018-09-11 13:40:43",41
"2018-09-11 14:40:41",40
"2018-09-11 15:40:40",40
"2018-09-11 16:40:41",40
"2018-09-11 17:40:41",39
"2018-09-11 18:40:41",40
"2018-09-11 19:40:41",40
"2018-09-11 20:40:41",40
"2018-09-11 21:40:41",40
"2018-09-11 22:40:40",40
"2018-09-11 23:40:41",40
"2018-09-12 00:40:41",40
"2018-09-12 01:40:41",40
"2018-09-12 20:40:42",41
"2018-09-12 21:40:42",41
"2018-09-12 22:40:42",41
"2018-09-12 23:40:42",41
"2018-09-13 00:40:42",41
"2018-09-13 01:40:42",41
"2018-09-13 02:40:42",41
"2018-09-13 03:40:42",41
"2018-09-13 04:40:42",41
"2018-09-13 05:40:42",41
"2018-09-13 06:40:42",41
"2018-09-13 07:40:42",41
"2018-09-13 08:40:42",41
"2018-09-13 09:40:41",41
"2018-09-13 10:40:42",41
"2018-09-13 11:40:41",41
"2018-09-13 12:40:42",41
"2018-09-13 13:42:54",41
"2018-09-13 14:40:42",41
"2018-09-13 15:40:42",42
"2018-09-13 16:40:42",39
"2018-09-13 17:40:41",40
"2018-09-13 18:40:42",40
"2018-09-13 19:40:42",41
"2018-09-13 20:40:42",41
"2018-09-13 21:40:41",41
"2018-09-13 22:40:42",41
"2018-09-13 23:40:42",41
"2018-09-14 00:40:42",41
"2018-09-14 01:40:42",41
"2018-09-14 02:40:42",41
"2018-09-14 03:40:42",41
"2018-09-14 04:40:42",41
"2018-09-14 05:40:42",41
"2018-09-14 06:40:42",41
"2018-09-14 07:40:42",41
"2018-09-14 08:40:42",41
"2018-09-14 09:40:42",41
"2018-09-14 10:40:42",41
"2018-09-14 11:40:42",41
"2018-09-14 12:40:42",41
"2018-09-14 13:40:44",41
"2018-09-14 14:40:43",41
"2018-09-14 15:40:42",41
"2018-09-14 16:40:42",40
"2018-09-14 17:40:43",40
"2018-09-14 18:40:43",40
"2018-09-14 19:40:42",40
"2018-09-14 20:40:42",40
"2018-09-14 21:40:41",40
"2018-09-14 22:40:42",40
"2018-09-14 23:40:42",40
"2018-09-15 00:40:42",40
"2018-09-15 01:40:42",40
"2018-09-15 02:40:42",40
"2018-09-15 03:40:42",40
"2018-09-15 04:40:41",40
"2018-09-15 05:40:42",40
"2018-09-15 06:40:41",40
"2018-09-15 07:40:42",40
"2018-09-15 08:40:41",40
"2018-09-15 09:40:42",40
"2018-09-15 10:40:42",40
"2018-09-15 11:40:42",40
"2018-09-15 12:40:42",40
"2018-09-15 13:40:42",40
"2018-09-15 14:40:41",40
"2018-09-15 15:40:42",40
"2018-09-15 16:40:41",40
"2018-09-15 17:40:41",40
"2018-09-15 18:40:41",40
"2018-09-15 19:40:42",40
"2018-09-15 20:40:42",40
"2018-09-15 21:40:41",40
"2018-09-15 22:40:41",40
"2018-09-15 23:40:41",40
"2018-09-16 00:40:42",40
"2018-09-16 01:40:42",40
"2018-09-16 02:40:43",40
"2018-09-16 03:40:41",40
"2018-09-16 04:40:42",40
"2018-09-16 05:40:42",40
"2018-09-16 06:40:43",40
"2018-09-16 07:40:42",40
"2018-09-16 08:40:42",40
"2018-09-16 09:40:42",40
"2018-09-16 10:40:42",40
"2018-09-16 11:40:42",40
"2018-09-16 12:40:42",40
"2018-09-16 13:40:42",40
"2018-09-16 14:40:42",40
"2018-09-16 15:40:42",40
"2018-09-16 16:40:42",40
"2018-09-16 17:40:42",40
"2018-09-16 18:40:42",40
"2018-09-16 19:40:41",40
"2018-09-16 20:40:42",40
"2018-09-16 21:40:42",40
"2018-09-16 22:40:42",40
"2018-09-16 23:40:42",40
"2018-09-17 00:40:42",40
"2018-09-17 01:40:42",40
"2018-09-17 02:40:42",40
"2018-09-17 03:40:42",40
"2018-09-17 04:40:42",40
"2018-09-17 05:40:41",40
"2018-09-17 06:40:42",40
"2018-09-17 07:40:42",40
"2018-09-17 08:40:42",40
"2018-09-17 09:40:42",40
"2018-09-17 10:40:43",40
"2018-09-17 11:40:42",40
"2018-09-17 12:40:42",40
"2018-09-17 13:40:45",40
"2018-09-17 14:40:44",42
"2018-09-17 15:40:49",42
"2018-09-17 16:40:43",42
"2018-09-17 17:40:42",42
"2018-09-17 18:40:43",43
"2018-09-17 19:40:43",44
"2018-09-17 20:40:43",44
"2018-09-17 21:40:43",44
"2018-09-17 22:40:42",44
"2018-09-17 23:40:43",44
"2018-09-18 00:40:43",44
"2018-09-18 01:40:43",44
"2018-09-18 02:40:43",44
"2018-09-18 03:40:42",44
"2018-09-18 04:40:43",44
"2018-09-18 05:40:43",44
"2018-09-18 06:40:44",44
"2018-09-18 07:40:43",44
"2018-09-18 08:40:43",44
"2018-09-18 09:40:42",44
"2018-09-18 10:40:41",44
"2018-09-18 11:40:41",44
"2018-09-18 12:40:43",44
"2018-09-18 13:40:44",44
"2018-09-18 14:40:44",44
"2018-09-18 15:40:43",43
"2018-09-18 16:40:44",43
"2018-09-18 17:40:44",43
"2018-09-18 18:40:43",44
"2018-09-18 19:40:44",44
"2018-09-18 20:40:43",44
"2018-09-18 21:40:42",44
"2018-09-18 22:40:43",44
"2018-09-18 23:40:43",44
"2018-09-19 00:40:44",44
"2018-09-19 01:40:43",44
"2018-09-19 02:40:43",44
"2018-09-19 03:40:43",44
"2018-09-19 04:40:43",44
"2018-09-19 05:40:43",44
"2018-09-19 06:40:44",44
"2018-09-19 07:40:43",44
"2018-09-19 08:40:43",44
"2018-09-19 09:40:43",44
"2018-09-19 10:40:43",44
"2018-09-19 11:40:42",44
"2018-09-19 12:40:43",44
"2018-09-19 13:41:04",44
"2018-09-19 14:40:45",44
"2018-09-19 15:40:45",43
"2018-09-19 16:40:43",43
"2018-09-19 17:40:43",44
"2018-09-19 18:40:43",45
"2018-09-19 19:40:48",45
"2018-09-19 20:40:43",45
"2018-09-19 21:40:43",45
"2018-09-19 22:40:43",45
"2018-09-19 23:40:43",45
"2018-09-20 00:40:43",45
"2018-09-20 01:40:44",45
"2018-09-20 02:40:44",45
"2018-09-20 03:40:48",45
"2018-09-20 04:40:43",45
"2018-09-20 05:40:43",45
"2018-09-20 06:40:43",45
"2018-09-20 07:40:42",45
"2018-09-20 08:40:44",45
"2018-09-20 09:40:43",45
"2018-09-20 10:40:43",45
"2018-09-20 11:40:42",45
"2018-09-20 13:06:47",45
"2018-09-20 14:40:45",47
"2018-09-20 15:40:44",47
"2018-09-20 16:40:43",48
"2018-09-20 17:40:43",49
"2018-09-20 18:40:43",50
"2018-09-20 19:40:43",52
"2018-09-20 20:40:43",54
"2018-09-20 21:40:42",55
"2018-09-20 22:40:43",55
"2018-09-20 23:40:43",55
"2018-09-21 00:40:44",55
"2018-09-21 01:40:43",55
"2018-09-21 02:40:43",55
"2018-09-21 03:40:43",55
"2018-09-21 04:40:45",55
"2018-09-21 05:40:43",55
"2018-09-21 06:40:43",55
"2018-09-21 07:40:44",55
"2018-09-21 08:40:42",55
"2018-09-21 09:40:43",55
"2018-09-21 10:40:43",55
"2018-09-21 11:40:43",55
"2018-09-21 13:08:17",57
"2018-09-21 13:40:47",57
"2018-09-21 14:40:44",67
"2018-09-21 15:40:45",62
"2018-09-21 16:40:45",62
"2018-09-21 17:40:45",63
"2018-09-21 18:40:44",63
"2018-09-21 19:40:44",63
"2018-09-21 20:40:44",63
"2018-09-21 21:40:44",63
"2018-09-21 22:40:43",63
"2018-09-21 23:40:44",63
"2018-09-22 00:40:43",63
"2018-09-22 01:40:44",63
"2018-09-22 02:40:43",63
"2018-09-22 03:40:44",63
"2018-09-22 04:40:44",63
"2018-09-22 05:40:44",63
"2018-09-22 06:40:44",63
"2018-09-22 07:40:44",63
"2018-09-22 08:40:43",63
"2018-09-22 09:40:44",63
"2018-09-22 10:40:44",63
"2018-09-22 11:40:44",63
"2018-09-22 12:40:44",63
"2018-09-22 13:40:45",63
"2018-09-22 14:40:44",63
"2018-09-22 15:40:44",63
"2018-09-22 16:40:44",63
"2018-09-22 17:40:44",63
"2018-09-22 18:40:44",63
"2018-09-22 19:40:44",63
"2018-09-22 20:40:44",63
"2018-09-22 21:40:44",63
"2018-09-22 22:40:44",63
"2018-09-22 23:40:44",63
"2018-09-23 00:40:44",63
"2018-09-23 01:40:44",63
"2018-09-23 02:40:44",63
"2018-09-23 03:40:45",63
"2018-09-23 04:40:45",63
"2018-09-23 05:40:43",63
"2018-09-23 06:40:44",63
"2018-09-23 07:40:45",63
"2018-09-23 08:40:44",63
"2018-09-23 09:40:44",63
"2018-09-23 10:40:44",63
"2018-09-23 11:40:45",63
"2018-09-23 12:40:44",63
"2018-09-23 13:40:44",63
"2018-09-23 14:40:44",63
"2018-09-23 15:40:44",63
"2018-09-23 16:40:44",63
"2018-09-23 17:40:44",63
"2018-09-23 18:40:44",63
"2018-09-23 19:40:44",63
"2018-09-23 20:40:43",63
"2018-09-23 21:40:45",63
"2018-09-23 22:40:44",63
"2018-09-23 23:40:44",63
"2018-09-24 00:40:44",63
"2018-09-24 01:40:45",63
"2018-09-24 02:40:44",63
"2018-09-24 03:40:44",63
"2018-09-24 04:40:45",63
"2018-09-24 05:40:44",63
"2018-09-24 06:40:44",63
"2018-09-24 07:40:45",63
"2018-09-24 08:40:43",63
"2018-09-24 09:40:44",63
"2018-09-24 10:40:42",63
"2018-09-24 11:40:43",63
"2018-09-24 12:40:44",63
"2018-09-24 13:40:46",63
"2018-09-24 14:40:44",56
"2018-09-24 15:40:44",56
"2018-09-24 16:40:43",56
"2018-09-24 17:40:44",56
"2018-09-24 18:40:44",55
"2018-09-24 19:40:45",57
"2018-09-24 20:40:44",57
"2018-09-24 21:40:44",57
"2018-09-24 22:40:44",57
"2018-09-24 23:40:45",57
"2018-09-25 00:40:44",57
"2018-09-25 01:40:44",57
"2018-09-25 02:40:43",57
"2018-09-25 03:40:44",57
"2018-09-25 04:40:44",57
"2018-09-25 05:40:44",57
"2018-09-25 06:40:44",57
"2018-09-25 07:40:44",57
"2018-09-25 08:40:44",57
"2018-09-25 09:40:44",57
"2018-09-25 10:40:44",57
"2018-09-25 11:40:44",57
"2018-09-25 12:40:44",57
"2018-09-25 13:40:45",57
"2018-09-25 14:40:45",56
"2018-09-25 15:40:45",58
"2018-09-25 16:40:45",57
"2018-09-25 17:40:44",56
"2018-09-25 18:40:44",56
"2018-09-25 19:40:44",56
"2018-09-25 20:40:44",56
"2018-09-25 21:40:44",56
"2018-09-25 22:40:44",56
"2018-09-25 23:40:44",56
"2018-09-26 00:40:44",56
"2018-09-26 01:40:45",56
"2018-09-26 02:40:45",56
"2018-09-26 03:40:45",56
"2018-09-26 04:40:44",56
"2018-09-26 05:40:44",56
"2018-09-26 06:40:45",56
"2018-09-26 07:40:44",56
"2018-09-26 08:40:44",56
"2018-09-26 09:40:44",56
"2018-09-26 10:40:44",56
"2018-09-26 11:40:44",56
"2018-09-26 13:07:18",56
"2018-09-26 13:40:47",56
"2018-09-26 14:40:44",56
"2018-09-26 15:40:44",55
"2018-09-26 16:40:45",55
"2018-09-26 17:40:44",55
"2018-09-26 18:40:46",55
"2018-09-26 19:40:44",55
"2018-09-26 20:40:44",55
"2018-09-26 21:40:44",55
"2018-09-26 22:40:44",55
"2018-09-26 23:40:44",55
"2018-09-27 00:40:45",55
"2018-09-27 01:40:44",55
"2018-09-27 02:40:45",55
"2018-09-27 03:40:44",55
"2018-09-27 04:40:44",55
"2018-09-27 05:40:44",55
"2018-09-27 06:40:45",55
"2018-09-27 07:40:44",55
"2018-09-27 08:40:44",55
"2018-09-27 09:40:44",55
"2018-09-27 10:40:44",55
"2018-09-27 11:40:44",55
"2018-09-27 12:40:44",55
"2018-09-27 13:40:45",55
"2018-09-27 14:40:45",56
"2018-09-27 15:40:45",55
"2018-09-27 17:06:18",55
"2018-09-27 17:40:45",55
"2018-09-27 18:40:45",56
"2018-09-27 19:40:44",57
"2018-09-27 20:40:44",57
"2018-09-27 21:40:44",57
"2018-09-27 22:40:44",57
"2018-09-27 23:40:45",57
"2018-09-28 00:40:45",57
"2018-09-28 01:40:44",57
"2018-09-28 02:40:44",57
"2018-09-28 03:40:44",57
"2018-09-28 04:40:45",57
"2018-09-28 05:40:45",57
"2018-09-28 06:40:45",57
"2018-09-28 07:40:45",57
"2018-09-28 08:40:45",57
"2018-09-28 09:40:45",57
"2018-09-28 10:40:45",57
"2018-09-28 11:40:45",57
"2018-09-28 12:40:45",57
"2018-09-28 13:40:47",57
"2018-09-28 14:40:44",57
"2018-09-28 15:40:46",57
"2018-09-28 16:40:45",57
"2018-09-28 17:40:45",58
"2018-09-28 18:40:45",58
"2018-09-28 19:40:46",58
"2018-09-28 20:40:45",58
"2018-09-28 21:40:45",58
"2018-09-28 22:40:45",58
"2018-09-28 23:40:44",58
"2018-09-29 00:40:44",58
"2018-09-29 01:40:43",58
"2018-09-29 02:40:44",58
"2018-09-29 03:40:45",58
"2018-09-29 04:40:44",58
"2018-09-29 05:40:45",58
"2018-09-29 06:40:44",58
"2018-09-29 07:40:45",58
"2018-09-29 08:40:44",58
"2018-09-29 09:40:44",58
"2018-09-29 10:40:44",58
"2018-09-29 11:40:46",58
"2018-09-29 12:40:44",58
"2018-09-29 13:40:45",58
"2018-09-29 14:40:45",58
"2018-09-29 15:40:45",58
"2018-09-29 16:40:44",58
"2018-09-29 17:40:44",58
"2018-09-29 18:40:45",58
"2018-09-29 19:40:44",58
"2018-09-29 20:40:44",58
"2018-09-29 21:40:45",58
"2018-09-29 22:40:45",58
"2018-09-29 23:40:44",58
"2018-09-30 00:40:45",58
"2018-09-30 01:40:45",58
"2018-09-30 02:40:44",58
"2018-09-30 03:40:45",58
"2018-09-30 04:40:45",58
"2018-09-30 05:40:44",58
"2018-09-30 06:40:44",58
"2018-09-30 07:40:43",58
"2018-09-30 08:40:44",58
"2018-09-30 09:40:43",58
"2018-09-30 10:40:44",58
"2018-09-30 11:40:44",58
"2018-09-30 12:40:44",58
"2018-09-30 13:40:44",58
"2018-09-30 14:40:44",58
"2018-09-30 15:40:44",58
"2018-09-30 16:40:45",58
"2018-09-30 17:40:43",58
"2018-09-30 18:40:44",58
"2018-09-30 19:40:44",58
"2018-09-30 20:40:44",58
"2018-09-30 21:40:43",58
"2018-09-30 22:40:44",58
"2018-09-30 23:40:45",58
"2018-10-01 00:40:46",58
"2018-10-01 01:40:44",58
"2018-10-01 02:40:45",58
"2018-10-01 03:40:44",58
"2018-10-01 04:40:44",58
"2018-10-01 05:40:45",58
"2018-10-01 06:40:44",58
"2018-10-01 07:40:44",58
"2018-10-01 08:40:44",58
"2018-10-01 09:40:44",58
"2018-10-01 10:40:43",58
"2018-10-01 11:40:44",58
"2018-10-01 12:40:44",58
"2018-10-01 14:05:57",58
"2018-10-01 14:40:46",58
"2018-10-01 15:40:45",58
"2018-10-01 16:40:45",59
"2018-10-01 17:40:45",59
"2018-10-01 18:40:45",59
"2018-10-01 19:40:46",59
"2018-10-01 20:40:45",58
"2018-10-01 21:40:46",58
"2018-10-01 22:40:45",58
"2018-10-01 23:40:45",58
"2018-10-02 00:40:46",58
"2018-10-02 01:40:45",58
"2018-10-02 02:40:45",58
"2018-10-02 03:40:45",58
"2018-10-02 04:40:45",58
"2018-10-02 05:40:45",58
"2018-10-02 06:40:45",58
"2018-10-02 07:40:46",58
"2018-10-02 08:40:46",58
"2018-10-02 09:40:45",58
"2018-10-02 10:40:45",58
"2018-10-02 11:40:45",58
"2018-10-02 12:40:45",58
"2018-10-02 13:40:46",58
"2018-10-02 14:40:46",58
"2018-10-02 15:40:46",58
"2018-10-02 16:40:46",58
"2018-10-02 17:40:45",61
"2018-10-02 18:40:45",61
"2018-10-02 19:40:46",61
"2018-10-02 20:40:46",61
"2018-10-02 21:40:45",61
"2018-10-02 22:40:46",61
"2018-10-02 23:40:45",61
"2018-10-03 00:40:45",61
"2018-10-03 01:40:45",61
"2018-10-03 02:40:45",61
"2018-10-03 03:40:46",61
"2018-10-03 04:40:46",61
"2018-10-03 05:40:46",61
"2018-10-03 06:40:45",61
"2018-10-03 07:40:46",61
"2018-10-03 08:40:46",61
"2018-10-03 09:40:46",61
"2018-10-03 10:40:46",61
"2018-10-03 11:40:46",61
"2018-10-03 12:40:45",61
"2018-10-03 13:40:51",61
"2018-10-03 15:05:50",60
"2018-10-03 15:40:46",60
"2018-10-03 16:40:45",61
"2018-10-03 17:40:46",62
"2018-10-03 18:40:45",63
"2018-10-03 19:40:46",63
"2018-10-03 20:40:45",64
"2018-10-03 21:40:45",64
"2018-10-03 22:40:46",65
"2018-10-03 23:40:45",65
"2018-10-04 00:40:46",65
"2018-10-04 01:40:46",65
"2018-10-04 02:40:45",65
"2018-10-04 03:40:45",65
"2018-10-04 04:40:46",65
"2018-10-04 05:40:45",65
"2018-10-04 06:40:44",65
"2018-10-04 07:40:46",65
"2018-10-04 08:40:45",65
"2018-10-04 09:40:45",65
"2018-10-04 10:40:45",65
"2018-10-04 11:40:45",65
"2018-10-04 12:40:45",65
"2018-10-04 14:06:51",65
"2018-10-04 14:40:45",65
"2018-10-04 15:40:45",65
"2018-10-04 16:40:47",66
"2018-10-04 17:40:46",67
"2018-10-04 18:40:45",66
"2018-10-04 19:40:45",66
"2018-10-04 20:40:45",66
"2018-10-04 21:40:45",66
"2018-10-04 22:40:45",66
"2018-10-04 23:40:45",66
"2018-10-05 00:40:45",66
"2018-10-05 01:40:45",66
"2018-10-05 02:40:45",66
"2018-10-05 03:40:46",66
"2018-10-05 04:40:46",66
"2018-10-05 05:40:46",66
"2018-10-05 06:40:45",66
"2018-10-05 07:40:46",66
"2018-10-05 08:40:45",66
"2018-10-05 09:40:45",66
"2018-10-05 10:40:45",66
"2018-10-05 11:40:45",66
"2018-10-05 12:40:47",66
"2018-10-05 13:40:49",66
"2018-10-05 14:40:47",67
"2018-10-05 15:40:48",67
"2018-10-05 16:40:47",68
"2018-10-05 17:40:48",68
"2018-10-05 18:40:48",70
"2018-10-05 19:40:46",70
"2018-10-05 20:40:46",69
"2018-10-05 21:40:46",69
"2018-10-05 22:40:47",69
"2018-10-05 23:40:46",69
"2018-10-06 00:40:47",69
"2018-10-06 01:40:47",69
"2018-10-06 02:40:47",69
"2018-10-06 03:40:47",69
"2018-10-06 04:40:47",69
"2018-10-06 05:40:46",69
"2018-10-06 06:40:47",69
"2018-10-06 07:40:46",69
"2018-10-06 08:40:46",69
"2018-10-06 09:40:46",69
"2018-10-06 10:40:47",69
"2018-10-06 11:40:46",69
"2018-10-06 12:40:46",69
"2018-10-06 13:40:46",69
"2018-10-06 14:40:47",69
"2018-10-06 15:40:47",69
"2018-10-06 16:40:46",69
"2018-10-06 17:40:46",69
"2018-10-06 18:40:47",69
"2018-10-06 19:40:47",69
"2018-10-06 20:40:46",69
"2018-10-06 21:40:46",69
"2018-10-06 22:40:46",69
"2018-10-06 23:40:47",69
"2018-10-07 00:40:46",69
"2018-10-07 01:40:47",69
"2018-10-07 02:40:47",69
"2018-10-07 03:40:47",69
"2018-10-07 04:40:47",69
"2018-10-07 05:40:47",69
"2018-10-07 06:40:46",69
"2018-10-07 07:40:46",69
"2018-10-07 08:40:46",69
"2018-10-07 09:40:46",69
"2018-10-07 10:40:46",69
"2018-10-07 11:40:45",69
"2018-10-07 12:40:46",69
"2018-10-07 13:40:46",69
"2018-10-07 14:40:47",69
"2018-10-07 15:40:47",69
"2018-10-07 16:40:47",69
"2018-10-07 17:40:47",69
"2018-10-07 18:40:47",69
"2018-10-07 19:40:47",69
"2018-10-07 20:40:47",69
"2018-10-07 21:40:47",69
"2018-10-07 22:40:46",69
"2018-10-07 23:40:46",69
"2018-10-08 00:40:46",69
"2018-10-08 01:40:46",69
"2018-10-08 02:40:47",69
"2018-10-08 03:40:46",69
"2018-10-08 04:40:46",69
"2018-10-08 05:40:46",69
"2018-10-08 06:40:46",69
"2018-10-08 07:40:46",69
"2018-10-08 08:40:46",69
"2018-10-08 09:40:46",69
"2018-10-08 10:40:46",69
"2018-10-08 11:40:46",69
"2018-10-08 12:40:46",69
"2018-10-08 13:40:50",69
"2018-10-08 14:40:47",69
"2018-10-08 15:40:47",71
"2018-10-08 16:40:47",71
"2018-10-08 17:40:47",71
"2018-10-08 18:40:47",71
"2018-10-08 19:40:47",71
"2018-10-08 20:40:46",72
"2018-10-08 21:40:46",72
"2018-10-08 22:40:46",72
"2018-10-08 23:40:46",72
"2018-10-09 00:40:46",72
"2018-10-09 01:40:46",72
"2018-10-09 02:40:45",72
"2018-10-09 03:40:50",72
"2018-10-09 04:40:45",72
"2018-10-09 05:40:45",72
"2018-10-09 06:40:45",72
"2018-10-09 07:40:45",72
"2018-10-09 08:40:45",72
"2018-10-09 09:40:45",72
"2018-10-09 10:40:45",73
"2018-10-09 11:40:45",73
"2018-10-09 12:40:45",73
"2018-10-09 13:40:47",73
"2018-10-09 14:40:46",73
"2018-10-09 15:40:46",73
"2018-10-09 16:40:45",72
"2018-10-09 17:40:45",72
"2018-10-09 18:40:46",72
"2018-10-09 19:40:45",72
"2018-10-09 20:40:45",72
"2018-10-09 21:40:44",72
"2018-10-09 22:40:45",72
"2018-10-09 23:40:45",72
"2018-10-10 00:40:45",72
"2018-10-10 01:40:46",72
"2018-10-10 02:40:45",72
"2018-10-10 03:40:47",72
"2018-10-10 04:40:45",72
"2018-10-10 05:40:45",72
"2018-10-10 06:40:45",72
"2018-10-10 07:40:46",72
"2018-10-10 08:40:46",72
"2018-10-10 09:40:45",72
"2018-10-10 10:40:45",72
"2018-10-10 11:40:45",72
"2018-10-10 12:40:45",72
"2018-10-10 13:40:47",72
"2018-10-10 14:40:46",70
"2018-10-10 15:40:46",69
"2018-10-10 16:40:45",69
"2018-10-10 17:40:45",70
"2018-10-10 18:40:46",69
"2018-10-10 19:40:47",69
"2018-10-10 20:40:46",69
"2018-10-10 21:40:45",69
"2018-10-10 22:40:46",69
"2018-10-10 23:40:46",69
"2018-10-11 00:40:46",69
"2018-10-11 01:40:45",69
"2018-10-11 02:40:45",69
"2018-10-11 03:40:45",69
"2018-10-11 04:40:45",69
"2018-10-11 05:40:44",69
"2018-10-11 06:40:45",69
"2018-10-11 07:40:44",69
"2018-10-11 08:40:45",69
"2018-10-11 09:40:45",69
"2018-10-11 10:40:46",69
"2018-10-11 11:40:45",69
"2018-10-11 12:40:45",69
"2018-10-11 13:40:47",69
"2018-10-11 14:40:45",69
"2018-10-11 15:40:46",69
"2018-10-11 16:40:46",68
"2018-10-11 17:40:46",68
"2018-10-11 18:40:46",68
"2018-10-11 19:40:45",68
"2018-10-11 20:40:45",68
"2018-10-11 21:40:46",68
"2018-10-11 22:40:45",68
"2018-10-11 23:40:46",68
"2018-10-12 00:40:45",68
"2018-10-12 01:40:45",68
"2018-10-12 02:40:45",68
"2018-10-12 03:40:45",68
"2018-10-12 04:40:46",68
"2018-10-12 05:40:45",68
"2018-10-12 06:40:44",68
"2018-10-12 07:40:45",68
"2018-10-12 08:40:45",68
"2018-10-12 09:40:45",68
"2018-10-12 10:40:45",68
"2018-10-12 11:40:45",68
"2018-10-12 12:40:45",68
"2018-10-12 13:40:47",68
"2018-10-12 14:40:45",68
"2018-10-12 15:40:46",68
"2018-10-12 16:40:46",68
"2018-10-12 17:40:45",66
"2018-10-12 18:40:45",66
"2018-10-12 19:40:45",66
"2018-10-12 20:40:45",66
"2018-10-12 21:40:45",66
"2018-10-12 22:40:45",66
"2018-10-12 23:40:45",66
"2018-10-13 00:40:45",66
"2018-10-13 01:40:45",66
"2018-10-13 02:40:45",66
"2018-10-13 03:40:45",66
"2018-10-13 04:40:46",66
"2018-10-13 05:40:45",66
"2018-10-13 06:40:45",66
"2018-10-13 07:40:46",66
"2018-10-13 08:40:45",66
"2018-10-13 09:40:46",66
"2018-10-13 10:40:45",66
"2018-10-13 11:40:45",66
"2018-10-13 12:40:45",66
"2018-10-13 13:40:45",66
"2018-10-13 14:40:46",66
"2018-10-13 15:40:46",66
"2018-10-13 16:40:45",66
"2018-10-13 17:40:45",66
"2018-10-13 18:40:45",66
"2018-10-13 19:40:45",66
"2018-10-13 20:40:45",66
"2018-10-13 21:40:46",66
"2018-10-13 22:40:46",66
"2018-10-13 23:40:45",66
"2018-10-14 00:40:45",66
"2018-10-14 01:40:45",66
"2018-10-14 02:40:45",66
"2018-10-14 03:40:45",66
"2018-10-14 04:40:46",66
"2018-10-14 05:40:45",66
"2018-10-14 06:40:45",66
"2018-10-14 07:40:46",66
"2018-10-14 08:40:45",66
"2018-10-14 09:40:45",66
"2018-10-14 10:40:45",66
"2018-10-14 11:40:45",66
"2018-10-14 12:40:44",66
"2018-10-14 13:40:45",66
"2018-10-14 14:40:45",66
"2018-10-14 15:40:45",66
"2018-10-14 16:40:44",66
"2018-10-14 17:40:44",66
"2018-10-14 18:40:45",66
"2018-10-14 19:40:45",66
"2018-10-14 20:40:44",66
"2018-10-14 21:40:46",66
"2018-10-14 22:40:45",66
"2018-10-14 23:40:45",66
"2018-10-15 00:40:46",66
"2018-10-15 01:40:45",66
"2018-10-15 02:40:44",66
"2018-10-15 03:40:46",66
"2018-10-15 04:40:45",66
"2018-10-15 05:40:46",66
"2018-10-15 06:40:45",66
"2018-10-15 07:40:46",66
"2018-10-15 08:40:45",66
"2018-10-15 09:40:45",66
"2018-10-15 10:40:46",66
"2018-10-15 11:40:45",66
"2018-10-15 12:40:45",66
"2018-10-15 13:40:48",66
"2018-10-15 14:40:47",68
"2018-10-15 15:40:47",69
"2018-10-15 16:40:48",69
"2018-10-15 17:40:47",68
"2018-10-15 18:40:47",68
"2018-10-15 19:40:46",68
"2018-10-15 20:40:48",68
"2018-10-15 21:40:47",68
"2018-10-15 22:40:46",68
"2018-10-15 23:40:46",68
"2018-10-16 00:40:46",68
"2018-10-16 01:40:48",68
"2018-10-16 02:40:46",68
"2018-10-16 03:40:46",68
"2018-10-16 04:40:47",68
"2018-10-16 09:40:46",68
"2018-10-16 10:40:46",68
"2018-10-16 11:40:45",68
"2018-10-16 12:40:46",68
"2018-10-16 13:40:48",68
"2018-10-16 14:40:47",68
"2018-10-16 15:40:46",68
"2018-10-16 16:40:46",69
"2018-10-16 17:40:47",68
"2018-10-16 18:40:48",69
"2018-10-16 19:40:47",69
"2018-10-16 20:40:46",69
"2018-10-16 21:40:46",69
"2018-10-16 22:40:46",70
"2018-10-16 23:40:47",70
"2018-10-17 00:40:46",70
"2018-10-17 01:40:47",70
"2018-10-17 02:40:46",70
"2018-10-17 03:40:46",70
"2018-10-17 04:40:46",70
"2018-10-17 05:40:47",70
"2018-10-17 06:40:46",70
"2018-10-17 07:40:46",70
"2018-10-17 08:40:46",70
"2018-10-17 09:40:47",70
"2018-10-17 10:40:46",70
"2018-10-17 11:40:46",70
"2018-10-17 12:40:47",70
"2018-10-17 14:06:50",69
"2018-10-17 14:40:47",69
"2018-10-17 15:40:47",69
"2018-10-17 16:40:47",68
"2018-10-17 17:40:47",68
"2018-10-17 18:40:47",69
"2018-10-17 19:40:47",70
"2018-10-17 20:40:46",70
"2018-10-17 21:40:46",70
"2018-10-17 22:40:46",70
"2018-10-17 23:40:47",70
"2018-10-18 00:40:46",70
"2018-10-18 01:40:46",70
"2018-10-18 02:40:47",70
"2018-10-18 03:40:48",70
"2018-10-18 04:40:46",70
"2018-10-18 05:40:46",70
"2018-10-18 06:40:46",70
"2018-10-18 07:40:46",70
"2018-10-18 08:40:46",70
"2018-10-18 09:40:46",70
"2018-10-18 10:40:46",70
"2018-10-18 11:40:45",70
"2018-10-18 13:05:49",70
"2018-10-18 13:40:47",70
"2018-10-18 14:40:47",70
"2018-10-18 15:40:46",70
"2018-10-18 16:40:47",70
"2018-10-18 17:40:46",70
"2018-10-18 18:40:46",70
"2018-10-18 19:40:46",71
"2018-10-18 20:40:47",71
"2018-10-18 21:40:46",71
"2018-10-18 22:40:46",71
"2018-10-18 23:40:45",71
"2018-10-19 00:40:47",71
"2018-10-19 01:40:46",71
"2018-10-19 02:40:46",71
"2018-10-19 03:40:46",71
"2018-10-19 04:40:46",71
"2018-10-19 05:40:45",71
"2018-10-19 06:40:46",71
"2018-10-19 07:40:46",71
"2018-10-19 08:40:46",71
"2018-10-19 09:40:45",71
"2018-10-19 10:40:46",71
"2018-10-19 11:40:46",71
"2018-10-19 13:05:20",71
"2018-10-19 13:40:51",71
"2018-10-19 14:40:47",71
"2018-10-19 15:40:48",71
"2018-10-19 16:40:47",70
"2018-10-19 17:40:47",70
"2018-10-19 18:40:48",70
"2018-10-19 19:40:48",70
"2018-10-19 20:40:48",70
"2018-10-19 21:40:47",70
"2018-10-19 22:40:47",70
"2018-10-19 23:40:46",70
"2018-10-20 00:40:47",70
"2018-10-20 01:40:48",70
"2018-10-20 02:40:47",70
"2018-10-20 03:40:47",70
"2018-10-20 04:40:47",70
"2018-10-20 05:40:47",70
"2018-10-20 06:40:48",70
"2018-10-20 07:40:47",70
"2018-10-20 08:40:47",70
"2018-10-20 09:40:47",70
"2018-10-20 10:40:47",70
"2018-10-20 11:40:47",70
"2018-10-20 12:40:47",70
"2018-10-20 13:40:48",70
"2018-10-20 14:40:48",70
"2018-10-20 15:40:48",70
"2018-10-20 16:40:48",70
"2018-10-20 17:40:47",70
"2018-10-20 18:40:48",70
"2018-10-20 19:40:47",70
"2018-10-20 20:40:48",70
"2018-10-20 21:40:47",70
"2018-10-20 22:40:47",70
"2018-10-20 23:40:47",70
"2018-10-21 00:40:48",70
"2018-10-21 01:40:47",70
"2018-10-21 02:40:47",70
"2018-10-21 03:40:48",70
"2018-10-21 04:40:47",70
"2018-10-21 05:40:47",70
"2018-10-21 06:40:47",70
"2018-10-21 07:40:52",70
"2018-10-21 08:40:47",70
"2018-10-21 09:40:47",70
"2018-10-21 10:40:46",70
"2018-10-21 11:40:47",70
"2018-10-21 12:40:47",70
"2018-10-21 13:40:49",70
"2018-10-21 14:40:48",70
"2018-10-21 15:40:48",70
"2018-10-21 16:40:47",70
"2018-10-21 17:40:48",70
"2018-10-21 18:40:47",70
"2018-10-21 19:40:47",70
"2018-10-21 20:40:47",70
"2018-10-21 21:40:47",70
"2018-10-21 22:40:48",70
"2018-10-21 23:40:48",70
"2018-10-22 00:40:48",70
"2018-10-22 01:40:47",70
"2018-10-22 02:40:48",70
"2018-10-22 03:40:48",70
"2018-10-22 04:40:48",70
"2018-10-22 05:40:47",70
"2018-10-22 06:40:47",70
"2018-10-22 07:40:48",70
"2018-10-22 08:40:48",70
"2018-10-22 09:40:48",70
"2018-10-22 10:40:48",70
"2018-10-22 11:40:47",70
"2018-10-22 12:40:47",70
"2018-10-22 13:40:48",70
"2018-10-22 14:40:49",70
"2018-10-22 15:40:48",70
"2018-10-22 16:40:47",70
"2018-10-22 17:40:48",70
"2018-10-22 18:40:46",70
"2018-10-22 19:40:48",70
"2018-10-22 20:40:47",70
"2018-10-22 21:40:48",70
"2018-10-22 22:40:47",70
"2018-10-22 23:40:48",70
"2018-10-23 00:40:48",70
"2018-10-23 01:40:48",70
"2018-10-23 02:40:47",70
"2018-10-23 03:40:48",70
"2018-10-23 04:40:47",70
"2018-10-23 05:40:47",70
"2018-10-23 06:40:47",70
"2018-10-23 07:40:50",70
"2018-10-23 08:40:47",70
"2018-10-23 09:40:46",70
"2018-10-23 10:40:46",70
"2018-10-23 11:40:47",70
"2018-10-23 12:40:46",70
"2018-10-23 13:40:49",70
"2018-10-23 14:40:47",69
"2018-10-23 15:40:47",69
"2018-10-23 16:40:47",69
"2018-10-23 17:40:48",69
"2018-10-23 18:40:48",69
"2018-10-23 19:40:47",69
"2018-10-23 20:40:48",69
"2018-10-23 21:40:47",69
"2018-10-23 22:40:47",69
"2018-10-23 23:40:47",69
"2018-10-24 00:40:47",69
"2018-10-24 01:40:48",69
"2018-10-24 02:40:48",69
"2018-10-24 03:40:48",69
"2018-10-24 04:40:47",69
"2018-10-24 05:40:48",69
"2018-10-24 06:40:48",69
"2018-10-24 07:40:47",69
"2018-10-24 08:40:48",69
"2018-10-24 09:40:47",69
"2018-10-24 10:40:47",69
"2018-10-24 11:40:47",69
"2018-10-24 12:40:46",69
"2018-10-24 13:40:48",69
"2018-10-24 14:40:47",70
"2018-10-24 15:40:48",70
"2018-10-24 16:40:48",70
"2018-10-24 17:40:47",70
"2018-10-24 18:40:49",70
"2018-10-24 19:40:48",70
"2018-10-24 20:40:47",69
"2018-10-24 21:40:47",69
"2018-10-24 22:40:48",69
"2018-10-24 23:40:47",69
"2018-10-25 00:40:47",69
"2018-10-25 01:40:48",69
"2018-10-25 02:40:47",69
"2018-10-25 03:40:47",69
"2018-10-25 04:40:48",69
"2018-10-25 05:40:47",69
"2018-10-25 06:40:47",69
"2018-10-25 07:40:48",69
"2018-10-25 08:40:47",69
"2018-10-25 09:40:47",69
"2018-10-25 10:40:47",69
"2018-10-25 11:40:48",69
"2018-10-25 14:06:52",69
"2018-10-25 14:40:47",69
"2018-10-25 15:40:48",70
"2018-10-25 16:40:48",70
"2018-10-25 17:40:48",71
"2018-10-25 18:40:48",71
"2018-10-25 19:40:47",71
"2018-10-25 20:40:48",71
"2018-10-25 21:40:48",71
"2018-10-25 22:40:47",71
"2018-10-25 23:40:48",71
"2018-10-26 00:40:47",71
"2018-10-26 01:40:47",71
"2018-10-26 02:40:47",71
"2018-10-26 03:40:48",71
"2018-10-26 04:40:48",71
"2018-10-26 05:40:47",71
"2018-10-26 06:40:48",71
"2018-10-26 07:40:47",71
"2018-10-26 08:40:47",71
"2018-10-26 09:40:47",71
"2018-10-26 10:40:47",71
"2018-10-26 11:40:47",71
"2018-10-26 12:40:48",71
"2018-10-26 13:40:48",71
"2018-10-26 14:40:47",72
"2018-10-26 15:40:47",73
"2018-10-26 16:40:47",72
"2018-10-26 17:40:47",72
"2018-10-26 18:40:47",72
"2018-10-26 19:40:48",72
"2018-10-26 20:40:47",72
"2018-10-26 21:40:47",73
"2018-10-26 22:40:47",73
"2018-10-26 23:40:47",73
"2018-10-27 00:40:47",73
"2018-10-27 01:40:47",73
"2018-10-27 02:40:47",73
"2018-10-27 03:40:46",73
"2018-10-27 04:40:46",73
"2018-10-27 05:40:48",73
"2018-10-27 06:40:47",73
"2018-10-27 07:40:47",73
"2018-10-27 08:40:48",73
"2018-10-27 09:40:47",73
"2018-10-27 10:40:48",73
"2018-10-27 11:40:47",73
"2018-10-27 12:40:47",73
"2018-10-27 13:40:46",73
"2018-10-27 14:40:47",73
"2018-10-27 15:40:47",73
"2018-10-27 16:40:47",73
"2018-10-27 17:40:47",73
"2018-10-27 18:40:47",73
"2018-10-27 19:40:47",73
"2018-10-27 20:40:47",73
"2018-10-27 21:40:47",73
"2018-10-27 22:40:47",73
"2018-10-27 23:40:47",73
"2018-10-28 00:40:48",73
"2018-10-28 01:40:47",73
"2018-10-28 02:40:47",73
"2018-10-28 03:40:47",73
"2018-10-28 04:40:47",73
"2018-10-28 05:40:47",73
"2018-10-28 06:40:47",73
"2018-10-28 07:40:46",73
"2018-10-28 08:40:47",73
"2018-10-28 09:40:48",73
"2018-10-28 10:40:47",73
"2018-10-28 11:40:46",73
"2018-10-28 12:40:47",73
"2018-10-28 13:40:48",73
"2018-10-28 14:40:47",73
"2018-10-28 15:40:47",73
"2018-10-28 16:40:47",73
"2018-10-28 17:40:47",73
"2018-10-28 18:40:47",73
"2018-10-28 19:40:47",73
"2018-10-28 20:40:47",73
"2018-10-28 21:40:47",73
"2018-10-28 22:40:47",73
"2018-10-28 23:40:46",73
"2018-10-29 00:40:47",73
"2018-10-29 01:40:48",73
"2018-10-29 02:40:47",73
"2018-10-29 03:40:46",73
"2018-10-29 04:40:48",73
"2018-10-29 05:40:47",73
"2018-10-29 06:40:47",73
"2018-10-29 07:40:47",73
"2018-10-29 08:40:47",73
"2018-10-29 09:40:47",73
"2018-10-29 10:40:47",73
"2018-10-29 11:40:47",73
"2018-10-29 12:40:47",73
"2018-10-29 13:40:48",73
"2018-10-29 14:40:47",72
"2018-10-29 15:40:48",72
"2018-10-29 16:40:49",72
"2018-10-29 17:40:48",72
"2018-10-29 18:40:49",72
"2018-10-29 19:40:49",72
"2018-10-29 20:40:49",72
"2018-10-29 21:40:49",72
"2018-10-29 22:40:49",72
"2018-10-29 23:40:48",72
"2018-10-30 00:40:48",72
"2018-10-30 01:40:48",72
"2018-10-30 02:40:49",72
"2018-10-30 03:40:49",72
"2018-10-30 04:40:49",72
"2018-10-30 05:40:48",72
"2018-10-30 06:40:48",72
"2018-10-30 07:40:48",72
"2018-10-30 08:40:46",72
"2018-10-30 09:40:48",72
"2018-10-30 10:40:47",72
"2018-10-30 11:40:47",72
"2018-10-30 12:40:48",72
"2018-10-30 13:40:49",72
"2018-10-30 14:40:50",72
"2018-10-30 15:40:49",72
"2018-10-30 16:40:48",72
"2018-10-30 17:40:48",72
"2018-10-30 18:40:49",71
"2018-10-30 19:40:48",71
"2018-10-30 20:40:49",71
"2018-10-30 21:40:48",71
"2018-10-30 22:40:48",71
"2018-10-30 23:40:48",71
"2018-10-31 00:40:48",71
"2018-10-31 01:40:49",71
"2018-10-31 02:40:49",71
"2018-10-31 03:40:48",71
"2018-10-31 04:40:48",71
"2018-10-31 05:40:48",71
"2018-10-31 06:40:48",71
"2018-10-31 07:40:47",71
"2018-10-31 08:40:48",71
"2018-10-31 09:40:48",71
"2018-10-31 10:40:48",71
"2018-10-31 11:40:48",71
"2018-10-31 12:40:48",71
"2018-10-31 14:07:22",71
"2018-10-31 14:40:48",71
"2018-10-31 15:40:49",71
"2018-10-31 16:40:48",72
"2018-10-31 17:40:48",71
"2018-10-31 18:40:48",70
"2018-10-31 19:40:48",70
"2018-10-31 20:40:48",71
"2018-10-31 21:40:48",72
"2018-10-31 22:40:48",72
"2018-10-31 23:40:48",72
"2018-11-01 00:40:48",72
"2018-11-01 01:40:48",72
"2018-11-01 02:40:48",72
"2018-11-01 03:40:48",72
"2018-11-01 04:40:48",72
"2018-11-01 05:40:48",72
"2018-11-01 06:40:48",72
"2018-11-01 07:40:48",72
"2018-11-01 08:40:48",72
"2018-11-01 09:40:48",72
"2018-11-01 10:40:49",72
"2018-11-01 11:40:48",72
"2018-11-01 12:40:48",72
"2018-11-01 13:40:48",72
"2018-11-01 14:40:50",71
"2018-11-01 15:40:49",70
"2018-11-01 16:40:49",69
"2018-11-01 17:40:48",70
"2018-11-01 18:40:48",70
"2018-11-01 19:40:49",71
"2018-11-01 20:40:49",71
"2018-11-01 21:40:49",71
"2018-11-01 22:40:49",71
"2018-11-01 23:40:48",71
"2018-11-02 00:40:48",71
"2018-11-02 01:40:48",71
"2018-11-02 02:40:49",71
"2018-11-02 03:40:50",71
"2018-11-02 04:40:48",71
"2018-11-02 05:40:48",71
"2018-11-02 06:40:49",71
"2018-11-02 07:40:48",71
"2018-11-02 08:40:48",71
"2018-11-02 09:40:49",71
"2018-11-02 10:40:48",71
"2018-11-02 11:40:47",71
"2018-11-02 12:40:49",71
"2018-11-02 14:05:23",73
"2018-11-02 14:40:50",73
"2018-11-02 15:40:49",72
"2018-11-02 16:40:50",72
"2018-11-02 17:40:50",72
"2018-11-02 18:40:49",73
"2018-11-02 19:40:50",73
"2018-11-02 20:40:50",73
"2018-11-02 21:40:50",73
"2018-11-02 22:40:50",73
"2018-11-02 23:40:50",73
"2018-11-03 00:40:50",73
"2018-11-03 01:40:49",73
"2018-11-03 02:40:50",73
"2018-11-03 03:40:49",73
"2018-11-03 04:40:49",73
"2018-11-03 05:40:50",73
"2018-11-03 06:40:49",73
"2018-11-03 07:40:49",73
"2018-11-03 08:40:50",73
"2018-11-03 09:40:50",73
"2018-11-03 10:40:49",73
"2018-11-03 11:40:50",73
"2018-11-03 12:40:49",73
"2018-11-03 13:40:49",73
"2018-11-03 14:40:49",73
"2018-11-03 15:40:49",73
"2018-11-03 16:40:49",73
"2018-11-03 17:40:50",73
"2018-11-03 18:40:50",73
"2018-11-03 19:40:50",73
"2018-11-03 20:40:49",73
"2018-11-03 21:41:02",73
"2018-11-03 22:40:49",73
"2018-11-03 23:40:49",73
"2018-11-04 00:40:50",73
"2018-11-04 01:40:50",73
"2018-11-04 02:40:49",73
"2018-11-04 03:40:49",73
"2018-11-04 04:40:50",73
"2018-11-04 05:40:49",73
"2018-11-04 06:40:49",73
"2018-11-04 07:40:50",73
"2018-11-04 08:40:50",73
"2018-11-04 09:40:49",73
"2018-11-04 10:40:49",73
"2018-11-04 11:40:49",73
"2018-11-04 12:40:50",73
"2018-11-04 13:40:49",73
"2018-11-04 14:40:49",73
"2018-11-04 15:40:49",73
"2018-11-04 16:40:49",73
"2018-11-04 17:40:50",73
"2018-11-04 18:40:50",73
"2018-11-04 19:40:49",73
"2018-11-04 20:40:49",73
"2018-11-04 21:40:49",73
"2018-11-04 22:40:50",73
"2018-11-04 23:40:50",73
"2018-11-05 00:40:49",73
"2018-11-05 01:40:49",73
"2018-11-05 02:40:49",73
"2018-11-05 03:40:50",73
"2018-11-05 04:40:50",73
"2018-11-05 05:40:50",73
"2018-11-05 06:40:49",73
"2018-11-05 07:40:49",73
"2018-11-05 08:40:50",73
"2018-11-05 09:40:50",73
"2018-11-05 10:40:49",73
"2018-11-05 11:40:49",73
"2018-11-05 12:40:49",73
"2018-11-05 13:40:50",73
"2018-11-05 14:40:51",73
"2018-11-05 15:40:50",70
"2018-11-05 16:40:50",71
"2018-11-05 17:40:49",70
"2018-11-05 18:40:49",69
"2018-11-05 19:40:49",69
"2018-11-05 20:40:49",68
"2018-11-05 21:40:50",68
"2018-11-05 22:40:50",67
"2018-11-05 23:40:50",67
"2018-11-06 00:40:49",67
"2018-11-06 01:40:49",67
"2018-11-06 02:40:50",67
"2018-11-06 03:40:51",67
"2018-11-06 04:40:50",67
"2018-11-06 05:40:50",67
"2018-11-06 06:40:50",67
"2018-11-06 07:40:51",67
"2018-11-06 08:40:51",67
"2018-11-06 09:40:50",67
"2018-11-06 10:40:50",67
"2018-11-06 11:40:51",67
"2018-11-06 12:40:51",67
"2018-11-06 13:40:51",67
"2018-11-06 14:40:52",67
"2018-11-06 15:40:51",66
"2018-11-06 16:40:52",66
"2018-11-06 17:40:53",65
"2018-11-06 18:40:51",65
"2018-11-06 19:40:51",64
"2018-11-06 20:40:51",64
"2018-11-06 21:40:51",64
"2018-11-06 22:40:52",64
"2018-11-06 23:40:51",64
"2018-11-07 00:40:51",64
"2018-11-07 01:40:51",64
"2018-11-07 02:40:51",64
"2018-11-07 03:40:51",64
"2018-11-07 04:40:50",64
"2018-11-07 05:40:50",64
"2018-11-07 06:40:51",64
"2018-11-07 07:40:51",64
"2018-11-07 08:40:51",64
"2018-11-07 09:40:50",64
"2018-11-07 10:40:51",64
"2018-11-07 11:40:50",64
"2018-11-07 12:40:51",64
"2018-11-07 13:40:50",64
"2018-11-07 14:40:54",64
"2018-11-07 15:40:51",64
"2018-11-07 16:40:50",64
"2018-11-07 17:40:51",64
"2018-11-07 18:40:52",64
"2018-11-07 19:40:52",64
"2018-11-07 20:40:53",64
"2018-11-07 21:40:50",64
"2018-11-07 22:40:51",64
"2018-11-07 23:40:51",64
"2018-11-08 00:40:50",64
"2018-11-08 01:40:51",64
"2018-11-08 02:40:50",64
"2018-11-08 03:40:50",64
"2018-11-08 04:40:51",64
"2018-11-08 05:40:51",64
"2018-11-08 06:40:51",64
"2018-11-08 07:40:51",64
"2018-11-08 08:40:52",64
"2018-11-08 09:40:51",64
"2018-11-08 10:40:51",64
"2018-11-08 11:40:50",64
"2018-11-08 12:40:51",64
"2018-11-08 13:40:50",64
"2018-11-08 14:40:52",64
"2018-11-08 15:40:51",64
"2018-11-08 16:40:51",65
"2018-11-08 17:40:50",65
"2018-11-08 18:40:51",65
"2018-11-08 19:40:51",65
"2018-11-08 20:40:52",65
"2018-11-08 21:40:52",65
"2018-11-08 22:40:51",65
"2018-11-08 23:40:51",65
"2018-11-09 00:40:51",65
"2018-11-09 01:40:51",65
"2018-11-09 02:40:51",65
"2018-11-09 03:40:51",65
"2018-11-09 04:40:51",65
"2018-11-09 05:40:51",65
"2018-11-09 06:40:50",65
"2018-11-09 07:40:51",65
"2018-11-09 08:40:51",65
"2018-11-09 09:40:51",65
"2018-11-09 10:40:50",65
"2018-11-09 11:40:50",65
"2018-11-09 12:40:51",65
"2018-11-09 13:40:50",65
"2018-11-09 15:04:54",64
"2018-11-09 15:40:52",64
"2018-11-09 16:40:51",63
"2018-11-09 17:40:51",64
"2018-11-09 18:40:51",64
"2018-11-09 19:40:53",65
"2018-11-09 20:40:52",66
"2018-11-09 21:40:51",65
"2018-11-09 22:40:51",65
"2018-11-09 23:40:50",65
"2018-11-10 00:40:50",65
"2018-11-10 01:40:51",65
"2018-11-10 02:40:50",65
"2018-11-10 03:40:51",65
"2018-11-10 04:40:51",65
"2018-11-10 05:40:51",65
"2018-11-10 06:40:51",65
"2018-11-10 07:40:50",65
"2018-11-10 08:40:50",65
"2018-11-10 09:40:51",65
"2018-11-10 10:40:50",65
"2018-11-10 11:40:51",65
"2018-11-10 12:40:50",65
"2018-11-10 13:40:51",65
"2018-11-10 14:40:51",65
"2018-11-10 15:40:52",65
"2018-11-10 16:40:51",65
"2018-11-10 17:40:51",65
"2018-11-10 18:40:51",65
"2018-11-10 19:40:52",65
"2018-11-10 20:40:51",65
"2018-11-10 21:40:51",65
"2018-11-10 22:40:51",65
"2018-11-10 23:40:51",65
"2018-11-11 00:40:51",65
"2018-11-11 01:40:51",65
"2018-11-11 02:40:50",65
"2018-11-11 03:40:51",65
"2018-11-11 04:40:51",65
"2018-11-11 05:40:51",65
"2018-11-11 06:40:51",65
"2018-11-11 07:40:52",65
"2018-11-11 08:40:51",65
"2018-11-11 09:40:51",65
"2018-11-11 10:40:52",65
"2018-11-11 11:40:51",65
"2018-11-11 12:40:51",65
"2018-11-11 13:40:50",65
"2018-11-11 14:40:52",65
"2018-11-11 15:40:52",65
"2018-11-11 16:40:51",65
"2018-11-11 17:40:51",65
"2018-11-11 18:40:51",65
"2018-11-11 19:40:50",65
"2018-11-11 20:40:51",65
"2018-11-11 21:40:50",65
"2018-11-11 22:40:51",65
"2018-11-11 23:40:51",65
"2018-11-12 00:40:51",65
"2018-11-12 01:40:50",65
"2018-11-12 02:40:51",65
"2018-11-12 03:40:51",65
"2018-11-12 04:40:51",65
"2018-11-12 05:40:51",65
"2018-11-12 06:40:51",65
"2018-11-12 07:40:51",65
"2018-11-12 08:40:51",65
"2018-11-12 09:40:51",65
"2018-11-12 10:40:51",65
"2018-11-12 11:40:51",65
"2018-11-12 12:40:50",65
"2018-11-12 13:40:51",65
"2018-11-12 14:40:52",65
"2018-11-12 15:40:51",65
"2018-11-12 16:40:51",65
"2018-11-12 17:40:50",63
"2018-11-12 18:40:50",63
"2018-11-12 19:40:51",63
"2018-11-12 20:40:51",63
"2018-11-12 21:40:50",63
"2018-11-12 22:40:51",63
"2018-11-12 23:40:51",63
"2018-11-13 00:40:51",63
"2018-11-13 01:40:51",63
"2018-11-13 02:40:52",63
"2018-11-13 03:40:51",63
"2018-11-13 04:40:51",63
"2018-11-13 05:40:51",63
"2018-11-13 06:40:51",63
"2018-11-13 07:40:51",63
"2018-11-13 08:40:51",63
"2018-11-13 09:40:50",63
"2018-11-13 10:40:52",63
"2018-11-13 11:40:51",63
"2018-11-13 12:40:51",63
"2018-11-13 13:40:50",63
"2018-11-13 14:40:54",63
"2018-11-13 15:40:52",63
"2018-11-13 16:40:51",65
"2018-11-13 17:40:52",64
"2018-11-13 18:40:51",64
"2018-11-13 19:40:52",65
"2018-11-13 20:40:51",65
"2018-11-13 21:40:51",65
"2018-11-13 22:40:52",65
"2018-11-13 23:40:52",65
"2018-11-14 00:40:52",65
"2018-11-14 01:40:52",65
"2018-11-14 02:40:51",65
"2018-11-14 03:40:51",65
"2018-11-14 04:40:52",65
"2018-11-14 05:40:52",65
"2018-11-14 06:40:52",65
"2018-11-14 07:40:52",65
"2018-11-14 08:40:52",65
"2018-11-14 09:40:52",65
"2018-11-14 10:40:52",65
"2018-11-14 11:40:52",65
"2018-11-14 12:40:52",65
"2018-11-14 13:40:53",65
"2018-11-14 14:40:53",65
"2018-11-14 15:40:52",65
"2018-11-14 16:40:53",65
"2018-11-14 17:40:52",65
"2018-11-14 18:40:53",64
"2018-11-14 19:40:53",64
"2018-11-14 20:40:53",63
"2018-11-14 21:40:53",62
"2018-11-14 22:40:52",62
"2018-11-14 23:40:52",62
"2018-11-15 00:40:51",62
"2018-11-15 01:40:52",62
"2018-11-15 02:40:52",62
"2018-11-15 03:40:52",62
"2018-11-15 04:40:52",62
"2018-11-15 05:40:52",62
"2018-11-15 06:40:52",62
"2018-11-15 07:40:51",62
"2018-11-15 08:40:52",62
"2018-11-15 09:40:52",62
"2018-11-15 10:40:53",62
"2018-11-15 11:40:52",62
"2018-11-15 12:40:51",62
"2018-11-15 13:40:52",62
"2018-11-15 14:40:53",62
"2018-11-15 15:40:52",63
"2018-11-15 16:40:52",66
"2018-11-15 17:40:53",66
"2018-11-15 18:40:53",66
"2018-11-15 19:40:51",66
"2018-11-15 20:40:53",65
"2018-11-15 21:40:53",65
"2018-11-15 22:40:52",65
"2018-11-15 23:40:51",65
"2018-11-16 00:40:52",65
"2018-11-16 01:40:52",65
"2018-11-16 02:40:51",65
"2018-11-16 03:40:52",65
"2018-11-16 04:40:52",65
"2018-11-16 05:40:52",65
"2018-11-16 06:40:52",65
"2018-11-16 07:40:53",65
"2018-11-16 08:40:51",65
"2018-11-16 09:40:52",65
"2018-11-16 10:40:52",65
"2018-11-16 11:40:51",65
"2018-11-16 12:40:51",65
"2018-11-16 13:40:52",65
"2018-11-16 14:40:53",65
"2018-11-16 15:40:52",67
"2018-11-16 16:40:53",67
"2018-11-16 17:40:53",67
"2018-11-16 18:40:52",67
"2018-11-16 19:40:52",67
"2018-11-16 20:40:53",67
"2018-11-16 21:40:53",68
"2018-11-16 22:40:52",68
"2018-11-16 23:40:53",68
"2018-11-17 00:40:52",68
"2018-11-17 01:40:52",68
"2018-11-17 02:40:51",68
"2018-11-17 03:40:56",68
"2018-11-17 04:40:52",68
"2018-11-17 05:40:53",68
"2018-11-17 06:40:53",68
"2018-11-17 07:40:51",68
"2018-11-17 08:40:53",68
"2018-11-17 09:40:52",68
"2018-11-17 10:40:52",68
"2018-11-17 11:40:52",68
"2018-11-17 12:40:52",68
"2018-11-17 13:40:52",68
"2018-11-17 14:40:53",68
"2018-11-17 15:40:52",68
"2018-11-17 16:40:52",68
"2018-11-17 17:40:53",68
"2018-11-17 18:40:52",68
"2018-11-17 19:40:52",68
"2018-11-17 20:40:52",68
"2018-11-17 21:40:52",68
"2018-11-17 22:40:52",68
"2018-11-17 23:40:52",68
"2018-11-18 00:40:52",68
"2018-11-18 01:40:52",68
"2018-11-18 02:40:52",68
"2018-11-18 03:40:53",68
"2018-11-18 04:40:52",68
"2018-11-18 05:40:51",68
"2018-11-18 06:40:52",68
"2018-11-18 07:40:51",68
"2018-11-18 08:40:51",68
"2018-11-18 09:40:52",68
"2018-11-18 10:40:51",68
"2018-11-18 11:40:52",68
"2018-11-18 12:40:51",68
"2018-11-18 13:40:52",68
"2018-11-18 14:40:53",68
"2018-11-18 15:40:53",68
"2018-11-18 16:40:52",68
"2018-11-18 17:40:52",68
"2018-11-18 18:40:52",68
"2018-11-18 19:40:52",68
"2018-11-18 20:40:52",68
"2018-11-18 21:40:52",68
"2018-11-18 22:40:51",68
"2018-11-18 23:40:53",68
"2018-11-19 00:40:52",68
"2018-11-19 01:40:53",68
"2018-11-19 02:40:52",68
"2018-11-19 03:40:52",68
"2018-11-19 04:40:52",68
"2018-11-19 05:40:52",68
"2018-11-19 06:40:51",68
"2018-11-19 07:40:52",68
"2018-11-19 08:40:51",68
"2018-11-19 09:40:51",68
"2018-11-19 10:40:52",68
"2018-11-19 11:40:52",68
"2018-11-19 12:40:52",68
"2018-11-19 13:40:51",68
"2018-11-19 14:40:53",68
"2018-11-19 15:40:51",70
"2018-11-19 16:40:53",70
"2018-11-19 17:40:52",70
"2018-11-19 18:40:52",69
"2018-11-19 19:40:52",69
"2018-11-19 20:40:52",69
"2018-11-19 21:40:52",69
"2018-11-19 22:40:52",69
"2018-11-19 23:40:51",69
"2018-11-20 00:40:53",69
"2018-11-20 01:40:52",69
"2018-11-20 02:40:52",69
"2018-11-20 03:40:53",69
"2018-11-20 04:40:52",69
"2018-11-20 05:40:51",69
"2018-11-20 06:40:52",69
"2018-11-20 07:40:52",69
"2018-11-20 08:40:52",69
"2018-11-20 09:40:52",69
"2018-11-20 10:40:52",69
"2018-11-20 11:40:52",69
"2018-11-20 12:40:51",69
"2018-11-20 13:40:53",69
"2018-11-20 14:40:53",69
"2018-11-20 15:40:52",68
"2018-11-20 16:40:51",67
"2018-11-20 17:40:52",67
"2018-11-20 18:40:53",67
"2018-11-20 19:40:52",67
"2018-11-20 20:40:52",67
"2018-11-20 21:40:53",67
"2018-11-20 22:40:52",67
"2018-11-20 23:40:52",67
"2018-11-21 00:40:51",67
"2018-11-21 01:40:51",67
"2018-11-21 02:40:51",67
"2018-11-21 03:40:52",67
"2018-11-21 04:40:51",67
"2018-11-21 05:40:51",67
"2018-11-21 06:40:52",67
"2018-11-21 07:40:52",67
"2018-11-21 08:40:52",67
"2018-11-21 09:40:51",67
"2018-11-21 10:40:51",67
"2018-11-21 11:40:51",67
"2018-11-21 12:40:51",67
"2018-11-21 13:40:51",67
"2018-11-21 14:40:52",67
"2018-11-21 16:40:51",67
"2018-11-21 17:40:53",67
"2018-11-21 18:40:51",67
"2018-11-21 19:40:51",66
"2018-11-21 20:40:52",67
"2018-11-21 21:40:52",67
"2018-11-21 22:40:51",67
"2018-11-21 23:40:51",67
"2018-11-22 00:40:51",67
"2018-11-22 01:40:51",67
"2018-11-22 02:40:52",67
"2018-11-22 03:40:51",67
"2018-11-22 04:40:52",67
"2018-11-22 05:40:51",67
"2018-11-22 06:40:52",67
"2018-11-22 07:40:52",67
"2018-11-22 08:40:51",67
"2018-11-22 09:40:51",67
"2018-11-22 10:40:52",67
"2018-11-22 11:40:52",67
"2018-11-22 12:40:52",67
"2018-11-22 13:40:52",67
"2018-11-22 14:40:51",67
"2018-11-22 15:40:52",67
"2018-11-22 16:40:51",67
"2018-11-22 17:40:52",67
"2018-11-22 18:40:51",67
"2018-11-22 19:40:51",67
"2018-11-22 20:40:52",67
"2018-11-22 21:40:52",67
"2018-11-22 22:40:52",67
"2018-11-22 23:40:52",67
"2018-11-23 00:40:51",67
"2018-11-23 01:40:51",67
"2018-11-23 02:40:51",67
"2018-11-23 03:40:52",67
"2018-11-23 04:40:52",67
"2018-11-23 05:40:52",67
"2018-11-23 06:40:51",67
"2018-11-23 07:40:52",67
"2018-11-23 08:40:51",67
"2018-11-23 09:40:52",67
"2018-11-23 10:40:52",67
"2018-11-23 11:40:52",67
"2018-11-23 12:40:52",67
"2018-11-23 13:40:51",67
"2018-11-23 14:40:52",67
"2018-11-23 15:40:52",68
"2018-11-23 16:40:51",68
"2018-11-23 17:40:51",68
"2018-11-23 18:40:51",68
"2018-11-23 19:40:52",68
"2018-11-23 20:40:52",68
"2018-11-23 21:40:52",68
"2018-11-23 22:40:52",68
"2018-11-23 23:40:53",68
"2018-11-24 00:40:52",68
"2018-11-24 01:40:53",68
"2018-11-24 02:40:53",68
"2018-11-24 03:40:52",68
"2018-11-24 04:40:53",68
"2018-11-24 05:40:53",68
"2018-11-24 06:40:52",68
"2018-11-24 07:40:52",68
"2018-11-24 08:40:52",68
"2018-11-24 09:40:52",68
"2018-11-24 10:40:52",68
"2018-11-24 11:40:53",68
"2018-11-24 12:40:52",68
"2018-11-24 13:40:52",68
"2018-11-24 14:40:52",68
"2018-11-24 15:40:53",68
"2018-11-24 16:40:52",68
"2018-11-24 17:40:53",68
"2018-11-24 18:40:51",68
"2018-11-24 19:40:52",68
"2018-11-24 20:40:53",68
"2018-11-24 21:40:52",68
"2018-11-24 22:40:52",68
"2018-11-24 23:40:53",68
"2018-11-25 00:40:53",68
"2018-11-25 01:40:52",68
"2018-11-25 02:40:52",68
"2018-11-25 03:40:52",68
"2018-11-25 04:40:53",68
"2018-11-25 05:40:52",68
"2018-11-25 06:40:52",68
"2018-11-25 07:40:52",68
"2018-11-25 08:40:52",68
"2018-11-25 09:40:52",68
"2018-11-25 10:40:52",68
"2018-11-25 11:40:53",68
"2018-11-25 12:40:52",68
"2018-11-25 13:40:52",68
"2018-11-25 14:40:52",68
"2018-11-25 15:40:52",68
"2018-11-25 16:40:53",68
"2018-11-25 17:40:52",68
"2018-11-25 18:40:53",68
"2018-11-25 19:40:53",68
"2018-11-25 20:40:52",68
"2018-11-25 21:40:52",68
"2018-11-25 22:40:52",68
"2018-11-25 23:40:52",68
"2018-11-26 00:40:52",68
"2018-11-26 01:40:53",68
"2018-11-26 02:40:53",68
"2018-11-26 03:40:52",68
"2018-11-26 04:40:52",68
"2018-11-26 05:40:52",68
"2018-11-26 06:40:52",68
"2018-11-26 07:40:52",68
"2018-11-26 08:40:52",68
"2018-11-26 09:40:53",68
"2018-11-26 10:40:52",68
"2018-11-26 11:40:52",68
"2018-11-26 12:40:52",68
"2018-11-26 13:40:51",68
"2018-11-26 14:40:53",68
"2018-11-26 15:40:51",68
"2018-11-26 16:40:52",68
"2018-11-26 17:40:52",68
"2018-11-26 18:40:52",68
"2018-11-26 19:40:51",68
"2018-11-26 20:40:52",68
"2018-11-26 21:40:51",67
"2018-11-26 22:40:52",67
"2018-11-26 23:40:52",67
"2018-11-27 00:40:52",67
"2018-11-27 01:40:52",67
"2018-11-27 02:40:51",67
"2018-11-27 03:40:51",67
"2018-11-27 04:40:51",67
"2018-11-27 05:40:52",67
"2018-11-27 06:40:52",67
"2018-11-27 07:40:52",67
"2018-11-27 08:40:51",67
"2018-11-27 09:40:51",67
"2018-11-27 10:40:52",67
"2018-11-27 11:40:51",67
"2018-11-27 12:40:51",67
"2018-11-27 13:40:52",67
"2018-11-27 14:40:53",67
"2018-11-27 15:40:53",67
"2018-11-27 16:40:54",67
"2018-11-27 17:40:53",67
"2018-11-27 18:40:52",67
"2018-11-27 19:40:53",67
"2018-11-27 20:40:53",68
"2018-11-27 21:40:53",68
"2018-11-27 22:40:53",68
"2018-11-27 23:40:53",68
"2018-11-28 00:40:53",68
"2018-11-28 01:40:52",68
"2018-11-28 02:40:52",68
"2018-11-28 03:40:53",68
"2018-11-28 04:40:53",68
"2018-11-28 05:40:53",68
"2018-11-28 06:40:52",68
"2018-11-28 07:40:52",68
"2018-11-28 08:40:52",68
"2018-11-28 09:40:54",68
"2018-11-28 10:40:53",68
"2018-11-28 11:40:52",68
"2018-11-28 12:40:52",68
"2018-11-28 14:05:55",68
"2018-11-28 14:40:53",68
"2018-11-28 15:40:54",68
"2018-11-28 16:40:53",68
"2018-11-28 17:40:54",68
"2018-11-28 18:40:52",68
"2018-11-28 19:40:53",68
"2018-11-28 20:40:54",68
"2018-11-28 21:40:53",68
"2018-11-28 22:40:53",68
"2018-11-28 23:40:52",68
"2018-11-29 00:40:52",68
"2018-11-29 01:40:53",68
"2018-11-29 02:40:53",68
"2018-11-29 03:40:52",68
"2018-11-29 04:40:52",68
"2018-11-29 05:40:52",68
"2018-11-29 06:40:53",68
"2018-11-29 07:40:52",68
"2018-11-29 08:40:52",68
"2018-11-29 09:40:53",68
"2018-11-29 10:40:53",68
"2018-11-29 11:40:52",68
"2018-11-29 12:40:53",68
"2018-11-29 13:40:53",68
"2018-11-29 15:05:55",68
"2018-11-29 15:40:53",68
"2018-11-29 16:40:53",68
"2018-11-29 17:40:54",67
"2018-11-29 18:40:54",67
"2018-11-29 19:40:52",67
"2018-11-29 20:40:52",67
"2018-11-29 21:40:53",68
"2018-11-29 22:40:53",68
"2018-11-29 23:40:54",68
"2018-11-30 00:40:54",68
"2018-11-30 01:40:54",68
"2018-11-30 02:40:52",68
"2018-11-30 03:40:53",68
"2018-11-30 04:40:53",68
"2018-11-30 05:40:53",68
"2018-11-30 06:40:52",68
"2018-11-30 07:40:53",68
"2018-11-30 08:40:52",68
"2018-11-30 09:40:53",68
"2018-11-30 10:40:53",68
"2018-11-30 11:40:52",68
"2018-11-30 12:40:52",68
"2018-11-30 13:40:53",68
"2018-11-30 14:40:53",68
"2018-11-30 15:40:53",68
"2018-11-30 16:40:53",68
"2018-11-30 17:40:53",68
"2018-11-30 18:40:52",68
"2018-11-30 19:40:52",68
"2018-11-30 20:40:52",68
"2018-11-30 21:40:52",68
"2018-11-30 22:40:54",68
"2018-11-30 23:40:53",68
"2018-12-01 00:40:52",68
"2018-12-01 01:40:53",68
"2018-12-01 02:40:53",68
"2018-12-01 03:40:53",68
"2018-12-01 04:40:52",68
"2018-12-01 05:40:53",68
"2018-12-01 06:40:52",68
"2018-12-01 07:40:52",68
"2018-12-01 08:40:52",68
"2018-12-01 09:40:53",68
"2018-12-01 10:40:52",68
"2018-12-01 11:40:53",68
"2018-12-01 12:40:53",68
"2018-12-01 13:40:53",68
"2018-12-01 14:40:52",68
"2018-12-01 15:40:52",68
"2018-12-01 16:40:53",68
"2018-12-01 17:40:52",68
"2018-12-01 18:40:52",68
"2018-12-01 19:40:52",68
"2018-12-01 20:40:53",68
"2018-12-01 21:40:52",68
"2018-12-01 22:40:53",68
"2018-12-01 23:40:53",68
"2018-12-02 00:40:52",68
"2018-12-02 01:40:52",68
"2018-12-02 02:40:52",68
"2018-12-02 03:40:53",68
"2018-12-02 04:40:53",68
"2018-12-02 05:40:53",68
"2018-12-02 06:40:52",68
"2018-12-02 07:40:52",68
"2018-12-02 08:40:53",68
"2018-12-02 09:40:52",68
"2018-12-02 10:40:53",68
"2018-12-02 11:40:52",68
"2018-12-02 12:40:52",68
"2018-12-02 13:40:52",68
"2018-12-02 14:40:52",68
"2018-12-02 15:40:53",68
"2018-12-02 16:40:52",68
"2018-12-02 17:40:52",68
"2018-12-02 18:40:52",68
"2018-12-02 19:40:52",68
"2018-12-02 20:40:52",68
"2018-12-02 21:40:52",68
"2018-12-02 22:40:52",68
"2018-12-02 23:40:52",68
"2018-12-03 00:40:53",68
"2018-12-03 01:40:52",68
"2018-12-03 02:40:52",68
"2018-12-03 03:40:53",68
"2018-12-03 04:40:53",68
"2018-12-03 05:40:52",68
"2018-12-03 06:40:52",68
"2018-12-03 07:40:52",68
"2018-12-03 08:40:53",68
"2018-12-03 09:40:53",68
"2018-12-03 10:40:53",68
"2018-12-03 11:40:53",68
"2018-12-03 12:40:52",68
"2018-12-03 13:40:52",68
"2018-12-03 14:40:56",68
"2018-12-03 15:40:52",69
"2018-12-03 16:40:53",67
"2018-12-03 17:40:53",67
"2018-12-03 18:40:53",67
"2018-12-03 19:40:52",67
"2018-12-03 20:40:53",67
"2018-12-03 21:40:52",67
"2018-12-03 22:40:53",67
"2018-12-03 23:40:53",67
"2018-12-04 00:40:53",67
"2018-12-04 01:40:53",67
"2018-12-04 02:40:53",67
"2018-12-04 03:40:53",67
"2018-12-04 04:40:52",67
"2018-12-04 05:40:53",67
"2018-12-04 06:40:53",67
"2018-12-04 07:40:52",67
"2018-12-04 08:40:54",67
"2018-12-04 09:40:53",67
"2018-12-04 10:40:52",67
"2018-12-04 11:40:52",67
"2018-12-04 12:40:53",67
"2018-12-04 13:40:53",67
"2018-12-04 15:07:26",67
"2018-12-04 15:40:53",67
"2018-12-04 16:40:53",68
"2018-12-04 17:40:53",68
"2018-12-04 18:40:53",68
"2018-12-04 19:40:53",67
"2018-12-04 20:40:53",67
"2018-12-04 21:40:53",67
"2018-12-04 22:40:54",67
"2018-12-04 23:40:53",67
"2018-12-05 00:40:53",67
"2018-12-05 01:40:53",67
"2018-12-05 02:40:54",67
"2018-12-05 03:40:53",67
"2018-12-05 04:40:54",67
"2018-12-05 05:40:55",67
"2018-12-05 06:40:52",67
"2018-12-05 07:40:53",67
"2018-12-05 08:40:52",67
"2018-12-05 09:40:52",67
"2018-12-05 10:40:53",67
"2018-12-05 11:40:53",67
"2018-12-05 12:40:52",67
"2018-12-05 13:40:52",67
"2018-12-05 14:40:53",67
"2018-12-05 15:40:53",67
"2018-12-05 16:40:52",67
"2018-12-05 17:40:53",67
"2018-12-05 18:40:53",67
"2018-12-05 19:40:53",67
"2018-12-05 20:40:52",67
"2018-12-05 21:40:53",67
"2018-12-05 22:40:52",67
"2018-12-05 23:40:53",67
"2018-12-06 00:40:53",67
"2018-12-06 01:40:53",67
"2018-12-06 02:40:53",67
"2018-12-06 03:40:54",67
"2018-12-06 04:40:52",67
"2018-12-06 05:40:53",67
"2018-12-06 06:40:53",67
"2018-12-06 07:40:52",67
"2018-12-06 08:40:54",67
"2018-12-06 09:40:53",67
"2018-12-06 10:40:52",67
"2018-12-06 11:40:53",67
"2018-12-06 12:40:52",67
"2018-12-06 13:40:53",67
"2018-12-06 14:40:53",67
"2018-12-06 15:40:53",68
"2018-12-06 16:40:53",69
"2018-12-06 17:40:54",69
"2018-12-06 18:40:52",70
"2018-12-06 19:40:52",70
"2018-12-06 20:40:53",70
"2018-12-06 21:40:53",69
"2018-12-06 22:40:52",69
"2018-12-06 23:40:53",69
"2018-12-07 00:40:54",69
"2018-12-07 01:40:54",69
"2018-12-07 02:40:54",69
"2018-12-07 03:40:54",69
"2018-12-07 04:40:53",69
"2018-12-07 05:40:55",69
"2018-12-07 06:40:54",69
"2018-12-07 07:40:54",69
"2018-12-07 08:40:53",69
"2018-12-07 09:40:54",69
"2018-12-07 10:40:53",69
"2018-12-07 11:40:53",69
"2018-12-07 12:40:54",69
"2018-12-07 14:05:55",69
"2018-12-07 14:40:55",69
"2018-12-07 16:05:56",68
"2018-12-07 16:40:54",68
"2018-12-07 17:40:55",69
"2018-12-07 18:40:55",69
"2018-12-07 19:40:56",69
"2018-12-07 20:40:55",69
"2018-12-07 21:40:54",69
"2018-12-07 22:40:56",69
"2018-12-07 23:40:56",69
"2018-12-08 00:40:55",69
"2018-12-08 01:40:54",69
"2018-12-08 03:40:54",69
"2018-12-08 04:40:55",69
"2018-12-08 05:40:55",69
"2018-12-08 06:40:54",69
"2018-12-08 07:40:55",69
"2018-12-08 08:40:55",69
"2018-12-08 09:40:54",69
"2018-12-08 10:40:55",69
"2018-12-08 11:40:55",69
"2018-12-08 12:40:55",69
"2018-12-08 13:40:54",69
"2018-12-08 14:40:55",69
"2018-12-08 15:40:54",69
"2018-12-08 16:40:55",69
"2018-12-08 17:40:54",69
"2018-12-08 18:40:54",69
"2018-12-08 19:40:55",69
"2018-12-08 20:40:55",69
"2018-12-08 21:40:55",69
"2018-12-08 22:40:54",69
"2018-12-08 23:40:55",69
"2018-12-09 00:40:55",69
"2018-12-09 01:40:55",69
"2018-12-09 02:40:55",69
"2018-12-09 03:40:55",69
"2018-12-09 04:40:54",69
"2018-12-09 05:40:54",69
"2018-12-09 06:40:54",69
"2018-12-09 07:40:55",69
"2018-12-09 08:40:54",69
"2018-12-09 09:40:56",69
"2018-12-09 10:40:55",69
"2018-12-09 11:40:55",69
"2018-12-09 12:40:55",69
"2018-12-09 13:40:55",69
"2018-12-09 14:40:55",69
"2018-12-09 15:40:55",69
"2018-12-09 16:40:54",69
"2018-12-09 17:40:55",69
"2018-12-09 18:40:55",69
"2018-12-09 19:40:54",69
"2018-12-09 20:40:54",69
"2018-12-09 21:40:54",69
"2018-12-09 22:40:55",69
"2018-12-09 23:40:55",69
"2018-12-10 00:40:56",69
"2018-12-10 01:40:54",69
"2018-12-10 02:40:54",69
"2018-12-10 03:40:54",69
"2018-12-10 04:40:55",69
"2018-12-10 05:40:54",69
"2018-12-10 06:40:56",69
"2018-12-10 07:40:56",69
"2018-12-10 08:40:54",69
"2018-12-10 09:40:55",69
"2018-12-10 10:40:55",69
"2018-12-10 11:40:54",69
"2018-12-10 12:40:55",69
"2018-12-10 13:40:55",69
"2018-12-10 15:04:27",68
"2018-12-10 15:40:53",68
"2018-12-10 16:40:54",68
"2018-12-10 17:40:54",68
"2018-12-10 18:40:54",68
"2018-12-10 19:40:54",67
"2018-12-10 20:40:53",67
"2018-12-10 21:40:54",66
"2018-12-10 22:40:54",66
"2018-12-10 23:40:54",66
"2018-12-11 00:40:54",66
"2018-12-11 01:40:54",66
"2018-12-11 02:40:54",66
"2018-12-11 03:40:54",66
"2018-12-11 04:40:53",66
"2018-12-11 05:40:54",66
"2018-12-11 06:40:54",66
"2018-12-11 07:40:54",66
"2018-12-11 08:40:54",66
"2018-12-11 09:40:54",66
"2018-12-11 10:40:53",66
"2018-12-11 11:40:55",66
"2018-12-11 12:40:54",66
"2018-12-11 13:40:54",66
"2018-12-11 15:05:27",67
"2018-12-11 15:40:55",67
"2018-12-11 16:40:54",67
"2018-12-11 17:40:55",67
"2018-12-11 18:40:54",67
"2018-12-11 19:40:54",67
"2018-12-11 20:40:54",67
"2018-12-11 21:40:55",67
"2018-12-11 22:40:55",67
"2018-12-11 23:40:54",67
"2018-12-12 00:40:53",67
"2018-12-12 01:40:53",67
"2018-12-12 02:40:54",67
"2018-12-12 03:40:54",67
"2018-12-12 04:40:54",67
"2018-12-12 05:40:53",67
"2018-12-12 06:40:53",67
"2018-12-12 07:40:53",67
"2018-12-12 08:40:54",67
"2018-12-12 09:40:54",67
"2018-12-12 10:40:54",67
"2018-12-12 11:40:54",67
"2018-12-12 12:40:55",67
"2018-12-12 14:06:28",67
"2018-12-12 14:40:55",67
"2018-12-12 15:40:54",67
"2018-12-12 16:40:55",68
"2018-12-12 17:40:54",68
"2018-12-12 18:40:54",68
"2018-12-12 19:40:54",68
"2018-12-12 20:40:54",68
"2018-12-12 21:40:54",67
"2018-12-12 22:40:54",67
"2018-12-12 23:40:54",67
"2018-12-13 00:40:53",67
"2018-12-13 01:40:54",67
"2018-12-13 02:40:54",67
"2018-12-13 03:40:54",67
"2018-12-13 04:40:55",67
"2018-12-13 05:40:55",67
"2018-12-13 06:40:54",67
"2018-12-13 07:40:54",67
"2018-12-13 08:40:53",67
"2018-12-13 09:40:54",67
"2018-12-13 10:40:53",67
"2018-12-13 11:40:54",67
"2018-12-13 12:40:53",67
"2018-12-13 14:04:57",67
"2018-12-13 14:40:55",67
"2018-12-13 15:40:55",67
"2018-12-13 16:40:54",67
"2018-12-13 17:40:54",67
"2018-12-13 18:40:54",67
"2018-12-13 19:40:54",67
"2018-12-13 20:40:55",67
"2018-12-13 21:40:54",67
"2018-12-13 22:40:54",67
"2018-12-13 23:40:54",67
"2018-12-14 00:40:54",67
"2018-12-14 01:40:55",67
"2018-12-14 02:40:53",67
"2018-12-14 03:40:53",67
"2018-12-14 04:40:55",67
"2018-12-14 05:40:54",67
"2018-12-14 06:40:54",67
"2018-12-14 07:40:54",67
"2018-12-14 08:40:54",67
"2018-12-14 09:40:54",67
"2018-12-14 10:40:54",67
"2018-12-14 11:40:54",67
"2018-12-14 12:40:54",67
"2018-12-14 14:04:57",67
"2018-12-14 14:40:56",67
"2018-12-14 15:40:55",67
"2018-12-14 16:40:55",67
"2018-12-14 17:40:55",67
"2018-12-14 18:40:56",67
"2018-12-14 19:40:56",67
"2018-12-14 20:40:55",67
"2018-12-14 21:40:55",67
"2018-12-14 22:40:56",67
"2018-12-14 23:40:56",67
"2018-12-15 00:40:55",67
"2018-12-15 01:40:56",67
"2018-12-15 02:40:54",67
"2018-12-15 03:40:55",67
"2018-12-15 04:40:55",67
"2018-12-15 05:40:56",67
"2018-12-15 06:40:55",67
"2018-12-15 07:40:55",67
"2018-12-15 08:40:54",67
"2018-12-15 09:40:54",67
"2018-12-15 10:40:55",67
"2018-12-15 11:40:55",67
"2018-12-15 12:40:55",67
"2018-12-15 13:40:55",67
"2018-12-15 14:40:55",67
"2018-12-15 15:40:56",67
"2018-12-15 16:40:55",67
"2018-12-15 17:40:55",67
"2018-12-15 18:40:55",67
"2018-12-15 19:40:55",67
"2018-12-15 20:40:55",67
"2018-12-15 21:40:55",67
"2018-12-15 22:40:55",67
"2018-12-15 23:40:55",67
"2018-12-16 00:40:55",67
"2018-12-16 01:40:55",67
"2018-12-16 02:40:55",67
"2018-12-16 03:40:55",67
"2018-12-16 04:40:56",67
"2018-12-16 05:40:55",67
"2018-12-16 06:40:56",67
"2018-12-16 07:40:55",67
"2018-12-16 08:40:54",67
"2018-12-16 09:40:55",67
"2018-12-16 10:40:55",67
"2018-12-16 11:40:55",67
"2018-12-16 12:40:54",67
"2018-12-16 13:40:55",67
"2018-12-16 14:40:55",67
"2018-12-16 15:40:54",67
"2018-12-16 16:40:55",67
"2018-12-16 17:40:56",67
"2018-12-16 18:40:55",67
"2018-12-16 19:40:55",67
"2018-12-16 20:40:55",67
"2018-12-16 21:40:55",67
"2018-12-16 22:40:55",67
"2018-12-16 23:40:56",67
"2018-12-17 00:40:55",67
"2018-12-17 01:40:54",67
"2018-12-17 02:40:55",67
"2018-12-17 03:40:55",67
"2018-12-17 04:40:56",67
"2018-12-17 05:40:55",67
"2018-12-17 06:40:56",67
"2018-12-17 07:40:55",67
"2018-12-17 08:40:55",67
"2018-12-17 09:40:55",67
"2018-12-17 10:40:55",67
"2018-12-17 11:40:54",67
"2018-12-17 12:40:55",67
"2018-12-17 13:40:56",67
"2018-12-17 14:40:57",67
"2018-12-17 15:40:55",66
"2018-12-17 16:40:56",66
"2018-12-17 17:40:55",66
"2018-12-17 18:40:56",66
"2018-12-17 20:06:28",68
"2018-12-17 20:40:55",68
"2018-12-17 21:40:56",68
"2018-12-17 22:40:55",68
"2018-12-17 23:40:55",68
"2018-12-18 00:40:55",68
"2018-12-18 01:40:56",68
"2018-12-18 02:40:54",68
"2018-12-18 03:40:56",68
"2018-12-18 04:40:55",68
"2018-12-18 05:40:55",68
"2018-12-18 06:40:55",68
"2018-12-18 07:40:55",68
"2018-12-18 08:40:55",68
"2018-12-18 09:40:54",68
"2018-12-18 10:40:55",68
"2018-12-18 11:40:54",68
"2018-12-18 12:40:55",68
"2018-12-18 13:40:55",68
"2018-12-18 14:40:55",68
"2018-12-18 15:40:55",68
"2018-12-18 16:40:54",67
"2018-12-18 17:40:55",67
"2018-12-18 18:40:54",67
"2018-12-18 19:40:55",68
"2018-12-18 20:40:56",68
"2018-12-18 21:40:55",68
"2018-12-18 22:40:55",68
"2018-12-18 23:40:56",68
"2018-12-19 00:40:55",68
"2018-12-19 01:40:56",68
"2018-12-19 02:40:55",68
"2018-12-19 03:40:55",68
"2018-12-19 04:40:55",68
"2018-12-19 05:40:56",68
"2018-12-19 06:40:55",68
"2018-12-19 07:40:55",68
"2018-12-19 08:40:55",68
"2018-12-19 09:40:56",68
"2018-12-19 11:40:56",68
"2018-12-19 12:40:55",68
"2018-12-19 13:40:55",68
"2018-12-19 14:40:55",68
"2018-12-19 15:40:55",68
"2018-12-19 16:40:55",68
"2018-12-19 17:40:54",68
"2018-12-19 18:40:55",69
"2018-12-19 19:40:55",69
"2018-12-19 20:40:54",70
"2018-12-19 21:40:57",70
"2018-12-19 22:40:57",70
"2018-12-19 23:40:56",70
"2018-12-20 00:40:57",70
"2018-12-20 01:40:56",70
"2018-12-20 02:40:55",70
"2018-12-20 03:40:56",70
"2018-12-20 04:40:55",70
"2018-12-20 05:40:55",70
"2018-12-20 06:40:55",70
"2018-12-20 07:40:56",70
"2018-12-20 08:40:56",70
"2018-12-20 09:40:55",70
"2018-12-20 10:40:56",70
"2018-12-20 11:40:55",70
"2018-12-20 12:40:55",70
"2018-12-20 13:40:55",70
"2018-12-20 14:40:56",70
"2018-12-20 15:40:55",70
"2018-12-20 16:40:56",70
"2018-12-20 17:40:56",70
"2018-12-20 18:40:55",70
"2018-12-20 19:40:55",70
"2018-12-20 20:40:55",70
"2018-12-20 21:40:55",69
"2018-12-20 22:40:55",69
"2018-12-20 23:40:56",69
"2018-12-21 00:40:56",69
"2018-12-21 01:40:55",69
"2018-12-21 02:40:56",69
"2018-12-21 03:40:55",69
"2018-12-21 04:40:55",69
"2018-12-21 05:40:54",69
"2018-12-21 06:40:56",69
"2018-12-21 07:40:54",69
"2018-12-21 08:40:55",69
"2018-12-21 09:40:55",69
"2018-12-21 10:40:54",69
"2018-12-21 11:40:55",69
"2018-12-21 12:40:56",69
"2018-12-21 13:40:55",69
"2018-12-21 14:40:57",69
"2018-12-21 15:40:56",69
"2018-12-21 16:40:55",69
"2018-12-21 17:40:55",69
"2018-12-21 18:40:57",69
"2018-12-21 19:40:55",69
"2018-12-21 20:40:57",69
"2018-12-21 21:40:56",69
"2018-12-21 22:40:56",69
"2018-12-21 23:40:55",69
"2018-12-22 00:40:56",69
"2018-12-22 01:40:55",69
"2018-12-22 02:40:57",69
"2018-12-22 03:40:54",69
"2018-12-22 04:40:57",69
"2018-12-22 05:40:54",69
"2018-12-22 06:40:56",69
"2018-12-22 07:40:55",69
"2018-12-22 08:40:55",69
"2018-12-22 09:40:54",69
"2018-12-22 10:40:55",69
"2018-12-22 11:40:55",69
"2018-12-22 12:40:55",69
"2018-12-22 13:40:54",69
"2018-12-22 14:40:56",69
"2018-12-22 15:40:55",69
"2018-12-22 16:40:55",69
"2018-12-22 17:40:55",69
"2018-12-22 18:40:55",69
"2018-12-22 19:40:56",69
"2018-12-22 20:40:55",69
"2018-12-22 21:40:56",69
"2018-12-22 22:40:55",69
"2018-12-22 23:40:55",69
"2018-12-23 00:40:55",69
"2018-12-23 01:40:55",69
"2018-12-23 02:40:55",69
"2018-12-23 03:40:56",69
"2018-12-23 04:40:56",69
"2018-12-23 05:40:55",69
"2018-12-23 06:40:56",69
"2018-12-23 07:40:55",69
"2018-12-23 08:40:56",69
"2018-12-23 09:40:55",69
"2018-12-23 10:40:56",69
"2018-12-23 11:40:56",69
"2018-12-23 12:40:55",69
"2018-12-23 13:40:56",69
"2018-12-23 14:40:56",69
"2018-12-23 15:40:56",69
"2018-12-23 16:40:56",69
"2018-12-23 17:40:57",69
"2018-12-23 18:40:55",69
"2018-12-23 19:40:55",69
"2018-12-23 20:40:56",69
"2018-12-23 21:40:56",69
"2018-12-23 22:40:55",69
"2018-12-23 23:40:54",69
"2018-12-24 00:40:55",69
"2018-12-24 01:40:56",69
"2018-12-24 02:40:57",69
"2018-12-24 03:40:57",69
"2018-12-24 04:40:54",69
"2018-12-24 05:40:55",69
"2018-12-24 06:40:56",70
"2018-12-24 07:40:56",70
"2018-12-24 08:40:55",70
"2018-12-24 09:40:57",70
"2018-12-24 10:40:55",70
"2018-12-24 11:40:56",70
"2018-12-24 12:40:55",70
"2018-12-24 13:40:55",70
"2018-12-24 15:04:31",70
"2018-12-24 15:40:58",70
"2018-12-24 16:40:57",68
"2018-12-24 17:40:57",68
"2018-12-24 18:40:58",68
"2018-12-24 19:40:57",68
"2018-12-24 20:40:57",68
"2018-12-24 21:40:56",68
"2018-12-24 22:40:56",68
"2018-12-24 23:40:55",68
"2018-12-25 00:40:57",68
"2018-12-25 01:40:56",68
"2018-12-25 02:40:57",68
"2018-12-25 03:40:56",68
"2018-12-25 04:40:57",68
"2018-12-25 05:40:56",68
"2018-12-25 06:40:56",68
"2018-12-25 07:40:57",68
"2018-12-25 08:40:56",68
"2018-12-25 09:40:56",68
"2018-12-25 10:40:55",68
"2018-12-25 11:40:55",68
"2018-12-25 12:40:56",68
"2018-12-25 13:40:56",68
"2018-12-25 14:40:56",68
"2018-12-25 15:40:56",68
"2018-12-25 16:40:56",68
"2018-12-25 17:40:56",68
"2018-12-25 18:40:56",68
"2018-12-25 19:40:56",68
"2018-12-25 20:40:56",68
"2018-12-25 21:40:56",68
"2018-12-25 22:40:56",68
"2018-12-25 23:40:56",68
"2018-12-26 00:40:56",68
"2018-12-26 01:40:56",68
"2018-12-26 02:40:56",68
"2018-12-26 03:40:56",68
"2018-12-26 04:40:56",68
"2018-12-26 05:40:56",68
"2018-12-26 06:40:57",68
"2018-12-26 07:40:56",68
"2018-12-26 08:40:56",68
"2018-12-26 09:40:55",68
"2018-12-26 10:40:56",68
"2018-12-26 11:40:56",68
"2018-12-26 12:40:56",68
"2018-12-26 13:40:58",68
"2018-12-26 15:06:01",68
"2018-12-26 15:40:57",68
"2018-12-26 16:40:57",68
"2018-12-26 17:40:57",68
"2018-12-26 18:40:56",68
"2018-12-26 19:40:57",68
"2018-12-26 20:40:57",68
"2018-12-26 21:40:57",67
"2018-12-26 22:40:57",67
"2018-12-26 23:40:57",67
"2018-12-27 00:40:57",67
"2018-12-27 01:40:57",67
"2018-12-27 02:40:57",67
"2018-12-27 03:40:57",67
"2018-12-27 04:40:56",67
"2018-12-27 05:40:57",67
"2018-12-27 06:40:56",67
"2018-12-27 07:40:56",67
"2018-12-27 08:40:56",67
"2018-12-27 09:40:57",67
"2018-12-27 10:40:56",67
"2018-12-27 11:40:56",67
"2018-12-27 12:40:56",67
"2018-12-27 13:40:55",67
"2018-12-27 14:40:56",67
"2018-12-27 15:40:55",67
"2018-12-27 16:40:56",67
"2018-12-27 17:40:57",67
"2018-12-27 18:40:57",67
"2018-12-27 19:40:57",67
"2018-12-27 20:40:56",68
"2018-12-27 21:40:57",68
"2018-12-27 22:40:59",68
"2018-12-27 23:41:00",68
"2018-12-28 00:40:58",68
"2018-12-28 01:40:57",68
"2018-12-28 02:40:57",68
"2018-12-28 03:40:56",68
"2018-12-28 04:40:57",68
"2018-12-28 05:40:57",68
"2018-12-28 06:40:58",68
"2018-12-28 07:40:59",68
"2018-12-28 08:40:57",68
"2018-12-28 09:40:57",68
"2018-12-28 10:40:56",68
"2018-12-28 11:40:57",68
"2018-12-28 12:40:56",68
"2018-12-28 13:40:56",68
"2018-12-28 14:40:56",68
"2018-12-28 16:06:30",68
"2018-12-28 16:40:57",68
"2018-12-28 17:40:57",68
"2018-12-28 18:40:57",67
"2018-12-28 19:40:56",67
"2018-12-28 20:40:57",66
"2018-12-28 21:40:57",66
"2018-12-28 22:40:56",66
"2018-12-28 23:40:57",66
"2018-12-29 00:40:56",66
"2018-12-29 01:40:56",66
"2018-12-29 02:40:56",66
"2018-12-29 03:40:56",66
"2018-12-29 04:40:56",66
"2018-12-29 05:40:56",66
"2018-12-29 06:40:56",66
"2018-12-29 07:40:57",66
"2018-12-29 08:40:58",66
"2018-12-29 09:40:57",66
"2018-12-29 10:40:56",66
"2018-12-29 11:40:57",66
"2018-12-29 12:40:57",66
"2018-12-29 13:40:56",66
"2018-12-29 14:40:55",66
"2018-12-29 15:40:55",66
"2018-12-29 16:40:57",66
"2018-12-29 17:40:56",66
"2018-12-29 18:40:57",66
"2018-12-29 19:40:57",66
"2018-12-29 20:40:56",66
"2018-12-29 21:40:58",66
"2018-12-29 22:40:57",66
"2018-12-29 23:40:57",66
"2018-12-30 00:40:56",66
"2018-12-30 01:40:57",66
"2018-12-30 02:40:56",66
"2018-12-30 03:40:56",66
"2018-12-30 04:40:56",66
"2018-12-30 05:40:56",66
"2018-12-30 06:40:55",66
"2018-12-30 07:40:56",66
"2018-12-30 08:40:56",66
"2018-12-30 09:40:56",66
"2018-12-30 10:40:56",66
"2018-12-30 11:40:57",66
"2018-12-30 12:40:56",66
"2018-12-30 13:40:56",66
"2018-12-30 14:40:56",66
"2018-12-30 15:40:55",66
"2018-12-30 16:40:56",66
"2018-12-30 17:40:56",66
"2018-12-30 18:40:55",66
"2018-12-30 19:40:56",66
"2018-12-30 20:40:56",66
"2018-12-30 21:40:57",66
"2018-12-30 22:40:57",66
"2018-12-30 23:40:56",66
"2018-12-31 00:40:56",66
"2018-12-31 01:40:56",66
"2018-12-31 02:40:55",66
"2018-12-31 03:40:57",66
"2018-12-31 04:40:57",66
"2018-12-31 05:40:56",66
"2018-12-31 06:40:56",66
"2018-12-31 07:40:56",66
"2018-12-31 08:40:56",66
"2018-12-31 09:40:56",66
"2018-12-31 10:40:56",66
"2018-12-31 11:40:56",66
"2018-12-31 12:40:56",66
"2018-12-31 13:40:55",66
"2018-12-31 14:40:57",66
"2018-12-31 15:40:56",66
"2018-12-31 16:40:56",65
"2018-12-31 17:40:57",64
"2018-12-31 18:40:56",65
"2018-12-31 19:40:57",66
"2018-12-31 20:40:57",66
"2018-12-31 21:40:57",65
"2018-12-31 22:40:56",65
"2018-12-31 23:40:56",65
"2019-01-01 00:40:57",65
"2019-01-01 01:40:56",65
"2019-01-01 02:40:56",65
"2019-01-01 03:40:56",65
"2019-01-01 04:40:56",65
"2019-01-01 05:40:56",65
"2019-01-01 06:40:56",65
"2019-01-01 07:40:56",65
"2019-01-01 08:40:57",65
"2019-01-01 09:40:55",65
"2019-01-01 10:40:56",65
"2019-01-01 11:40:56",65
"2019-01-01 12:40:56",65
"2019-01-01 13:40:56",65
"2019-01-01 14:40:56",65
"2019-01-01 15:40:56",65
"2019-01-01 16:40:56",65
"2019-01-01 17:40:56",65
"2019-01-01 18:40:55",65
"2019-01-01 19:40:56",65
"2019-01-01 20:40:56",65
"2019-01-01 21:40:55",65
"2019-01-01 22:40:58",65
"2019-01-01 23:40:56",65
"2019-01-02 00:40:56",65
"2019-01-02 01:40:56",65
"2019-01-02 02:40:56",65
"2019-01-02 03:40:56",65
"2019-01-02 04:40:56",65
"2019-01-02 05:40:57",65
"2019-01-02 06:40:56",65
"2019-01-02 07:40:57",65
"2019-01-02 08:40:56",65
"2019-01-02 09:40:56",65
"2019-01-02 10:40:57",65
"2019-01-02 11:40:56",65
"2019-01-02 12:40:56",65
"2019-01-02 13:40:57",65
"2019-01-02 15:06:02",68
"2019-01-02 15:40:57",68
"2019-01-02 16:40:56",68
"2019-01-02 17:40:57",68
"2019-01-02 18:40:58",68
"2019-01-02 19:40:57",68
"2019-01-02 20:40:58",68
"2019-01-02 21:40:57",68
"2019-01-02 22:40:57",68
"2019-01-02 23:40:58",68
"2019-01-03 00:40:58",68
"2019-01-03 01:40:57",68
"2019-01-03 02:40:58",68
"2019-01-03 03:40:57",68
"2019-01-03 05:40:58",68
"2019-01-03 06:40:57",68
"2019-01-03 07:40:58",68
"2019-01-03 08:40:57",68
"2019-01-03 09:40:58",68
"2019-01-03 10:40:58",68
"2019-01-03 11:40:57",68
"2019-01-03 12:40:57",68
"2019-01-03 13:40:56",68
"2019-01-03 14:40:58",68
"2019-01-03 15:40:58",67
"2019-01-03 16:40:59",67
"2019-01-03 17:40:59",67
"2019-01-03 18:40:58",67
"2019-01-03 19:40:59",67
"2019-01-03 20:40:57",67
"2019-01-03 21:40:58",67
"2019-01-03 22:40:58",67
"2019-01-03 23:40:57",67
"2019-01-04 00:40:58",67
"2019-01-04 01:40:58",67
"2019-01-04 02:40:59",67
"2019-01-04 03:40:58",67
"2019-01-04 04:40:57",67
"2019-01-04 05:40:58",67
"2019-01-04 06:40:57",67
"2019-01-04 07:40:57",67
"2019-01-04 08:40:57",67
"2019-01-04 09:40:57",67
"2019-01-04 10:40:57",67
"2019-01-04 11:40:57",67
"2019-01-04 12:40:57",67
"2019-01-04 13:40:57",67
"2019-01-04 15:05:32",66
"2019-01-04 15:40:58",66
"2019-01-04 16:40:58",66
"2019-01-04 17:40:57",66
"2019-01-04 18:40:58",66
"2019-01-04 19:40:58",66
"2019-01-04 20:40:58",65
"2019-01-04 21:40:58",65
"2019-01-04 22:40:56",65
"2019-01-04 23:40:58",65
"2019-01-05 00:40:59",65
"2019-01-05 01:40:58",65
"2019-01-05 02:40:58",65
"2019-01-05 03:40:57",65
"2019-01-05 04:40:58",65
"2019-01-05 05:40:57",65
"2019-01-05 06:40:56",65
"2019-01-05 07:40:57",65
"2019-01-05 08:40:58",65
"2019-01-05 09:40:57",65
"2019-01-05 10:40:57",65
"2019-01-05 11:40:56",65
"2019-01-05 12:40:57",65
"2019-01-05 13:40:57",65
"2019-01-05 14:40:57",65
"2019-01-05 15:40:57",65
"2019-01-05 16:40:57",65
"2019-01-05 17:40:57",65
"2019-01-05 18:40:57",65
"2019-01-05 19:40:58",65
"2019-01-05 20:40:57",65
"2019-01-05 21:40:58",65
"2019-01-05 22:40:57",65
"2019-01-05 23:40:57",65
"2019-01-06 00:40:57",65
"2019-01-06 01:40:57",65
"2019-01-06 02:40:57",65
"2019-01-06 03:40:57",65
"2019-01-06 04:40:58",65
"2019-01-06 05:40:57",65
"2019-01-06 06:40:56",65
"2019-01-06 07:40:58",65
"2019-01-06 08:40:56",65
"2019-01-06 09:40:56",65
"2019-01-06 10:40:57",65
"2019-01-06 11:40:57",65
"2019-01-06 12:40:57",65
"2019-01-06 13:40:57",65
"2019-01-06 14:40:57",65
"2019-01-06 15:40:57",65
"2019-01-06 16:40:57",65
"2019-01-06 17:40:57",65
"2019-01-06 18:40:56",65
"2019-01-06 19:40:57",65
"2019-01-06 20:40:57",65
"2019-01-06 21:40:57",65
"2019-01-06 22:40:56",65
"2019-01-06 23:40:57",65
"2019-01-07 00:40:56",65
"2019-01-07 01:40:56",65
"2019-01-07 02:40:57",65
"2019-01-07 03:40:58",65
"2019-01-07 04:40:57",65
"2019-01-07 05:40:56",65
"2019-01-07 06:40:57",65
"2019-01-07 07:40:57",65
"2019-01-07 08:40:57",65
"2019-01-07 09:40:58",65
"2019-01-07 10:40:58",65
"2019-01-07 11:40:57",65
"2019-01-07 12:40:58",65
"2019-01-07 14:06:29",65
"2019-01-07 14:40:58",65
"2019-01-07 15:40:58",66
"2019-01-07 16:40:58",66
"2019-01-07 17:40:59",66
"2019-01-07 18:40:58",66
"2019-01-07 19:40:57",67
"2019-01-07 20:40:59",67
"2019-01-07 21:40:58",67
"2019-01-07 22:40:57",67
"2019-01-07 23:40:58",67
"2019-01-08 00:40:56",67
"2019-01-08 01:40:57",67
"2019-01-08 02:40:58",67
"2019-01-08 03:40:58",67
"2019-01-08 04:40:57",67
"2019-01-08 05:40:58",67
"2019-01-08 06:40:58",67
"2019-01-08 07:40:57",67
"2019-01-08 08:40:58",67
"2019-01-08 09:40:57",67
"2019-01-08 10:40:58",67
"2019-01-08 11:40:57",67
"2019-01-08 12:40:57",67
"2019-01-08 13:40:58",67
"2019-01-08 14:40:59",67
"2019-01-08 15:40:58",68
"2019-01-08 16:40:57",68
"2019-01-08 17:40:58",68
"2019-01-08 18:40:58",68
"2019-01-08 19:40:57",67
"2019-01-08 20:40:57",67
"2019-01-08 21:40:57",67
"2019-01-08 22:40:57",67
"2019-01-08 23:40:58",67
"2019-01-09 00:40:57",67
"2019-01-09 01:40:57",67
"2019-01-09 02:40:59",67
"2019-01-09 03:41:39",67
"2019-01-09 04:40:58",67
"2019-01-09 05:40:58",67
"2019-01-09 06:40:57",67
"2019-01-09 07:40:58",67
"2019-01-09 08:40:58",67
"2019-01-09 09:40:57",67
"2019-01-09 10:40:58",67
"2019-01-09 11:40:57",67
"2019-01-09 12:40:57",67
"2019-01-09 14:06:31",67
"2019-01-09 14:40:59",67
"2019-01-09 15:40:58",67
"2019-01-09 16:40:59",68
"2019-01-09 17:40:58",68
"2019-01-09 18:40:59",68
"2019-01-09 19:40:59",69
"2019-01-09 20:41:00",71
"2019-01-09 21:40:59",71
"2019-01-09 22:40:58",71
"2019-01-09 23:40:58",71
"2019-01-10 00:40:58",71
"2019-01-10 01:40:58",71
"2019-01-10 02:40:59",71
"2019-01-10 03:40:58",71
"2019-01-10 04:40:58",71
"2019-01-10 05:40:58",71
"2019-01-10 06:40:57",71
"2019-01-10 07:40:59",71
"2019-01-10 08:40:58",71
"2019-01-10 09:40:58",71
"2019-01-10 10:40:58",71
"2019-01-10 11:40:58",71
"2019-01-10 12:40:58",71
"2019-01-10 13:40:59",71
"2019-01-10 15:05:33",72
"2019-01-10 15:40:59",72
"2019-01-10 16:40:58",73
"2019-01-10 17:40:59",72
"2019-01-10 18:40:58",71
"2019-01-10 19:40:58",70
"2019-01-10 20:40:59",70
"2019-01-10 21:40:59",70
"2019-01-10 22:40:58",70
"2019-01-10 23:40:58",70
"2019-01-11 00:40:59",70
"2019-01-11 01:40:57",70
"2019-01-11 02:40:58",70
"2019-01-11 03:40:58",70
"2019-01-11 04:40:58",70
"2019-01-11 05:40:59",70
"2019-01-11 06:40:58",70
"2019-01-11 07:41:00",70
"2019-01-11 08:40:58",70
"2019-01-11 09:40:58",70
"2019-01-11 10:40:58",70
"2019-01-11 11:40:58",70
"2019-01-11 12:40:59",70
"2019-01-11 13:40:58",70
"2019-01-11 14:41:00",70
"2019-01-11 15:40:59",70
"2019-01-11 16:40:58",72
"2019-01-11 17:40:58",72
"2019-01-11 18:40:59",72
"2019-01-11 19:40:58",71
"2019-01-11 20:40:59",71
"2019-01-11 21:40:58",70
"2019-01-11 22:40:59",70
"2019-01-11 23:40:58",70
"2019-01-12 00:40:58",70
"2019-01-12 01:40:59",70
"2019-01-12 02:40:58",70
"2019-01-12 03:40:59",70
"2019-01-12 04:40:58",70
"2019-01-12 05:40:58",70
"2019-01-12 06:40:58",70
"2019-01-12 07:40:57",70
"2019-01-12 08:40:58",70
"2019-01-12 09:40:58",70
"2019-01-12 10:40:58",70
"2019-01-12 11:40:58",70
"2019-01-12 12:40:58",70
"2019-01-12 13:40:57",70
"2019-01-12 14:40:58",70
"2019-01-12 15:40:57",70
"2019-01-12 16:40:58",70
"2019-01-12 17:40:58",70
"2019-01-12 18:40:57",70
"2019-01-12 19:40:59",70
"2019-01-12 20:40:58",70
"2019-01-12 21:40:58",70
"2019-01-12 22:40:58",70
"2019-01-12 23:41:00",70
"2019-01-13 00:40:58",70
"2019-01-13 01:40:58",70
"2019-01-13 02:40:58",70
"2019-01-13 03:40:58",70
"2019-01-13 04:41:00",70
"2019-01-13 05:40:58",70
"2019-01-13 06:40:58",70
"2019-01-13 07:40:58",70
"2019-01-13 08:40:58",70
"2019-01-13 09:40:59",70
"2019-01-13 10:41:00",70
"2019-01-13 11:40:59",70
"2019-01-13 12:40:57",70
"2019-01-13 13:40:58",70
"2019-01-13 14:40:57",70
"2019-01-13 15:40:58",70
"2019-01-13 16:40:58",70
"2019-01-13 17:40:58",70
"2019-01-13 18:40:58",70
"2019-01-13 19:40:58",70
"2019-01-13 20:40:58",70
"2019-01-13 21:40:58",70
"2019-01-13 22:40:58",70
"2019-01-13 23:40:58",70
"2019-01-14 00:40:58",70
"2019-01-14 01:40:57",70
"2019-01-14 02:40:58",70
"2019-01-14 03:40:58",70
"2019-01-14 04:40:58",70
"2019-01-14 05:40:59",70
"2019-01-14 06:40:58",70
"2019-01-14 07:40:58",70
"2019-01-14 08:40:58",70
"2019-01-14 09:40:58",70
"2019-01-14 10:40:59",70
"2019-01-14 11:40:58",70
"2019-01-14 12:40:58",70
"2019-01-14 13:40:58",70
"2019-01-14 14:40:58",70
"2019-01-14 15:40:59",69
"2019-01-14 16:40:59",69
"2019-01-14 17:40:58",69
"2019-01-14 18:40:58",69
"2019-01-14 19:40:59",69
"2019-01-14 20:40:57",69
"2019-01-14 21:40:58",69
"2019-01-14 22:40:58",69
"2019-01-14 23:40:58",69
"2019-01-15 00:40:58",69
"2019-01-15 01:40:57",69
"2019-01-15 02:40:58",69
"2019-01-15 03:40:58",69
"2019-01-15 04:41:00",69
"2019-01-15 05:40:58",69
"2019-01-15 06:40:57",69
"2019-01-15 07:40:58",69
"2019-01-15 08:40:58",69
"2019-01-15 09:40:57",69
"2019-01-15 10:40:58",69
"2019-01-15 11:40:58",69
"2019-01-15 12:40:58",69
"2019-01-15 13:40:58",69
"2019-01-15 14:41:00",69
"2019-01-15 15:40:59",68
"2019-01-15 16:40:58",68
"2019-01-15 17:40:58",68
"2019-01-15 18:40:59",69
"2019-01-15 19:40:58",69
"2019-01-15 20:40:59",69
"2019-01-15 21:40:58",69
"2019-01-15 22:40:59",69
"2019-01-15 23:40:59",69
"2019-01-16 00:40:58",69
"2019-01-16 01:41:00",69
"2019-01-16 02:40:59",69
"2019-01-16 03:40:58",69
"2019-01-16 04:40:58",69
"2019-01-16 05:40:57",69
"2019-01-16 06:40:58",69
"2019-01-16 07:40:58",69
"2019-01-16 08:40:57",69
"2019-01-16 09:40:58",69
"2019-01-16 10:40:57",69
"2019-01-16 11:40:57",69
"2019-01-16 12:40:57",69
"2019-01-16 14:07:31",69
"2019-01-16 15:06:32",69
"2019-01-16 15:40:58",69
"2019-01-16 16:40:58",71
"2019-01-16 17:40:58",71
"2019-01-16 18:40:59",71
"2019-01-16 19:40:58",70
"2019-01-16 20:40:58",70
"2019-01-16 21:40:59",70
"2019-01-16 22:40:58",70
"2019-01-16 23:40:57",70
"2019-01-17 00:40:57",70
"2019-01-17 01:40:58",70
"2019-01-17 02:40:58",70
"2019-01-17 03:40:58",70
"2019-01-17 04:40:58",70
"2019-01-17 05:40:57",70
"2019-01-17 06:40:58",70
"2019-01-17 07:40:57",70
"2019-01-17 08:40:57",70
"2019-01-17 09:40:59",70
"2019-01-17 10:40:58",70
"2019-01-17 11:40:58",70
"2019-01-17 12:40:57",70
"2019-01-17 13:40:57",70
"2019-01-17 15:07:04",70
"2019-01-17 15:41:00",70
"2019-01-17 16:40:59",70
"2019-01-17 17:40:58",69
"2019-01-17 18:40:59",68
"2019-01-17 19:40:59",69
"2019-01-17 20:40:59",69
"2019-01-17 21:40:59",68
"2019-01-17 22:40:59",68
"2019-01-17 23:40:58",68
"2019-01-18 00:40:58",68
"2019-01-18 01:40:59",68
"2019-01-18 02:40:58",68
"2019-01-18 03:41:00",68
"2019-01-18 04:40:59",68
"2019-01-18 05:40:59",68
"2019-01-18 06:40:58",68
"2019-01-18 07:40:59",68
"2019-01-18 08:40:58",68
"2019-01-18 09:40:59",68
"2019-01-18 10:40:59",68
"2019-01-18 11:40:58",68
"2019-01-18 12:40:59",68
"2019-01-18 13:40:59",68
"2019-01-18 14:41:01",68
"2019-01-18 15:41:00",67
"2019-01-18 16:40:59",67
"2019-01-18 17:41:00",67
"2019-01-18 18:41:00",67
"2019-01-18 19:40:58",67
"2019-01-18 20:40:59",67
"2019-01-18 21:40:58",67
"2019-01-18 22:40:58",67
"2019-01-18 23:40:59",67
"2019-01-19 00:40:59",67
"2019-01-19 01:40:59",67
"2019-01-19 02:40:59",67
"2019-01-19 03:40:59",67
"2019-01-19 04:41:00",67
"2019-01-19 05:40:59",67
"2019-01-19 06:40:58",67
"2019-01-19 07:40:58",67
"2019-01-19 08:40:59",67
"2019-01-19 09:40:59",67
"2019-01-19 10:40:59",67
"2019-01-19 11:40:58",67
"2019-01-19 12:40:58",67
"2019-01-19 13:40:59",67
"2019-01-19 14:40:58",67
"2019-01-19 15:41:00",67
"2019-01-19 16:40:59",67
"2019-01-19 17:40:59",67
"2019-01-19 18:40:58",67
"2019-01-19 19:40:58",67
"2019-01-19 20:40:58",67
"2019-01-19 21:40:59",67
"2019-01-19 22:40:59",67
"2019-01-19 23:40:59",67
"2019-01-20 00:40:59",67
"2019-01-20 01:40:58",67
"2019-01-20 02:41:00",67
"2019-01-20 03:40:59",67
"2019-01-20 04:41:00",67
"2019-01-20 05:40:59",67
"2019-01-20 06:40:59",67
"2019-01-20 07:40:59",67
"2019-01-20 08:40:59",67
"2019-01-20 09:40:58",67
"2019-01-20 10:40:59",67
"2019-01-20 11:40:59",67
"2019-01-20 12:40:59",67
"2019-01-20 13:40:59",67
"2019-01-20 14:40:59",67
"2019-01-20 15:40:59",67
"2019-01-20 16:40:59",67
"2019-01-20 17:40:59",67
"2019-01-20 18:40:59",67
"2019-01-20 19:40:59",67
"2019-01-20 20:40:58",67
"2019-01-20 21:40:58",67
"2019-01-20 22:40:59",67
"2019-01-20 23:40:59",67
"2019-01-21 00:40:59",67
"2019-01-21 01:40:59",67
"2019-01-21 02:40:59",67
"2019-01-21 03:40:59",67
"2019-01-21 04:40:59",67
"2019-01-21 05:40:59",67
"2019-01-21 06:40:58",67
"2019-01-21 07:40:58",67
"2019-01-21 08:40:58",67
"2019-01-21 09:40:59",67
"2019-01-21 10:40:59",67
"2019-01-21 11:40:58",67
"2019-01-21 12:40:59",67
"2019-01-21 13:40:58",67
"2019-01-21 14:40:59",67
"2019-01-21 15:40:58",67
"2019-01-21 16:40:59",67
"2019-01-21 17:40:59",67
"2019-01-21 18:40:58",67
"2019-01-21 19:40:58",67
"2019-01-21 20:40:59",67
"2019-01-21 21:40:58",67
"2019-01-21 22:40:59",67
"2019-01-21 23:40:59",67
"2019-01-22 00:40:59",67
"2019-01-22 01:40:58",67
"2019-01-22 02:40:59",67
"2019-01-22 03:40:59",67
"2019-01-22 04:40:59",67
"2019-01-22 05:40:59",67
"2019-01-22 06:40:58",67
"2019-01-22 07:40:59",67
"2019-01-22 08:40:59",67
"2019-01-22 09:40:58",67
"2019-01-22 10:40:58",67
"2019-01-22 11:40:58",67
"2019-01-22 12:40:59",67
"2019-01-22 13:40:58",67
"2019-01-22 14:40:58",67
"2019-01-22 15:40:59",69
"2019-01-22 16:40:58",69
"2019-01-22 17:40:58",69
"2019-01-22 18:40:59",69
"2019-01-22 19:40:59",69
"2019-01-22 20:40:59",69
"2019-01-22 21:40:59",69
"2019-01-22 22:40:58",69
"2019-01-22 23:40:59",69
"2019-01-23 00:40:59",69
"2019-01-23 01:40:59",69
"2019-01-23 02:40:58",69
"2019-01-23 03:40:59",69
"2019-01-23 04:40:59",69
"2019-01-23 05:40:59",69
"2019-01-23 06:40:59",69
"2019-01-23 07:40:59",69
"2019-01-23 08:41:00",69
"2019-01-23 09:41:00",69
"2019-01-23 10:40:59",69
"2019-01-23 11:40:58",69
"2019-01-23 12:40:59",69
"2019-01-23 13:40:59",69
"2019-01-23 15:05:02",69
"2019-01-23 15:40:58",69
"2019-01-23 16:40:58",69
"2019-01-23 17:40:59",69
"2019-01-23 18:40:58",69
"2019-01-23 19:40:59",69
"2019-01-23 20:40:58",69
"2019-01-23 21:40:59",69
"2019-01-23 22:40:59",69
"2019-01-23 23:40:58",69
"2019-01-30 08:07:24",73
"2019-01-30 08:12:57",73
"2019-01-30 08:19:02",73
"2019-01-30 08:42:02",73
"2019-01-30 08:42:04",73
"2019-01-30 09:41:59",73
"2019-01-30 09:42:01",73
"2019-01-30 10:42:00",73
"2019-01-30 10:42:02",73
"2019-01-30 11:42:01",73
"2019-01-30 11:42:03",73
"2019-01-30 12:42:02",73
"2019-01-30 12:42:05",73
"2019-01-30 13:42:01",73
"2019-01-30 13:42:03",73
"2019-01-30 14:42:02",73
"2019-01-30 14:42:04",73
"2019-01-30 15:42:00",71
"2019-01-30 15:42:03",71
"2019-01-30 16:42:01",71
"2019-01-30 16:42:03",71
"2019-01-30 17:42:02",71
"2019-01-30 17:42:04",71
"2019-01-30 18:42:00",71
"2019-01-30 18:42:02",71
"2019-01-30 19:42:03",71
"2019-01-30 19:42:05",71
"2019-01-30 20:42:00",71
"2019-01-30 20:42:03",71
"2019-01-30 21:42:02",70
"2019-01-30 21:42:03",70
"2019-01-30 22:42:00",70
"2019-01-30 22:42:02",70
"2019-01-30 23:42:01",70
"2019-01-30 23:42:04",70
"2019-01-31 00:42:04",70
"2019-01-31 00:42:05",70
"2019-01-31 01:41:59",70
"2019-01-31 01:42:02",70
"2019-01-31 02:42:02",70
"2019-01-31 02:42:04",70
"2019-01-31 03:42:01",70
"2019-01-31 03:42:03",70
"2019-01-31 04:42:00",70
"2019-01-31 04:42:02",70
"2019-01-31 05:42:00",70
"2019-01-31 05:42:02",70
"2019-01-31 06:42:03",70
"2019-01-31 06:42:05",70
"2019-01-31 08:09:52",70
"2019-01-31 08:14:28",70
"2019-01-31 08:41:03",70
"2019-01-31 10:04:36",70
"2019-01-31 10:41:04",70
"2019-01-31 11:41:02",70
"2019-01-31 12:41:02",70
"2019-01-31 13:41:04",70
"2019-01-31 15:41:03",71
"2019-01-31 16:41:07",72
"2019-01-31 17:41:04",71
"2019-01-31 18:41:03",71
"2019-01-31 19:41:06",71
"2019-01-31 20:41:04",71
"2019-01-31 21:41:04",70
"2019-01-31 22:41:03",70
"2019-01-31 23:41:03",70
"2019-02-01 00:41:03",70
"2019-02-01 01:41:04",70
"2019-02-01 02:41:05",70
"2019-02-01 03:41:04",70
"2019-02-01 04:41:03",70
"2019-02-01 05:41:03",70
"2019-02-01 06:41:03",70
"2019-02-01 07:41:04",70
"2019-02-01 08:41:03",70
"2019-02-01 09:41:03",70
"2019-02-01 10:41:03",70
"2019-02-01 11:41:04",70
"2019-02-01 12:41:03",70
"2019-02-01 13:41:03",70
"2019-02-01 14:41:04",70
"2019-02-01 15:41:04",69
"2019-02-01 16:41:04",70
"2019-02-01 17:41:03",70
"2019-02-01 18:41:06",68
"2019-02-01 19:41:05",68
"2019-02-01 20:41:03",68
"2019-02-01 21:41:05",68
"2019-02-01 22:41:04",68
"2019-02-02 00:06:06",68
"2019-02-02 00:41:04",68
"2019-02-02 01:41:04",68
"2019-02-02 02:41:04",68
"2019-02-02 03:41:03",68
"2019-02-02 04:41:03",68
"2019-02-02 05:41:02",68
"2019-02-02 06:41:03",68
"2019-02-02 07:41:03",68
"2019-02-02 08:41:03",68
"2019-02-02 09:41:03",68
"2019-02-02 10:41:03",68
"2019-02-02 11:41:03",68
"2019-02-02 12:41:03",68
"2019-02-02 13:41:04",68
"2019-02-02 14:41:04",68
"2019-02-02 15:41:03",68
"2019-02-02 16:41:05",68
"2019-02-02 17:41:04",68
"2019-02-02 18:41:05",68
"2019-02-02 19:41:02",68
"2019-02-02 20:41:04",68
"2019-02-02 21:41:02",68
"2019-02-02 22:41:04",68
"2019-02-02 23:41:04",68
"2019-02-03 00:41:04",68
"2019-02-03 01:41:04",68
"2019-02-03 02:41:04",68
"2019-02-03 03:41:04",68
"2019-02-03 04:41:05",68
"2019-02-03 05:41:02",68
"2019-02-03 06:41:03",68
"2019-02-03 07:41:03",68
"2019-02-03 08:41:02",68
"2019-02-03 09:41:04",68
"2019-02-03 10:41:02",68
"2019-02-03 11:41:04",68
"2019-02-03 12:41:03",68
"2019-02-03 13:41:04",68
"2019-02-03 14:41:05",68
"2019-02-03 15:41:03",68
"2019-02-03 16:41:04",68
"2019-02-03 17:41:04",68
"2019-02-03 18:41:06",68
"2019-02-03 19:41:02",68
"2019-02-03 20:41:03",68
"2019-02-03 21:41:04",68
"2019-02-03 22:41:05",68
"2019-02-03 23:41:05",68
"2019-02-04 00:41:05",68
"2019-02-04 01:41:04",68
"2019-02-04 02:41:04",68
"2019-02-04 03:41:03",68
"2019-02-04 04:41:05",68
"2019-02-04 05:41:03",68
"2019-02-04 06:41:03",68
"2019-02-04 07:41:03",68
"2019-02-04 08:41:04",68
"2019-02-04 09:41:03",68
"2019-02-04 10:41:04",68
"2019-02-04 11:41:03",68
"2019-02-04 12:41:02",68
"2019-02-04 13:41:04",68
"2019-02-04 14:41:06",68
"2019-02-04 15:41:06",68
"2019-02-04 16:41:05",68
"2019-02-04 17:41:04",69
"2019-02-04 18:41:06",69
"2019-02-04 19:41:04",69
"2019-02-04 20:41:07",69
"2019-02-04 21:41:05",69
"2019-02-04 22:41:06",69
"2019-02-04 23:41:07",69
"2019-02-05 00:41:06",69
"2019-02-05 01:41:07",69
"2019-02-05 02:41:06",69
"2019-02-05 03:41:05",69
"2019-02-05 04:41:09",69
"2019-02-05 05:41:06",69
"2019-02-05 06:41:06",69
"2019-02-05 07:41:05",69
"2019-02-05 08:41:05",69
"2019-02-05 09:41:04",69
"2019-02-05 10:41:06",69
"2019-02-05 11:41:05",69
"2019-02-05 12:41:04",69
"2019-02-05 13:41:05",69
"2019-02-05 14:41:05",69
"2019-02-05 15:41:04",69
"2019-02-05 16:41:07",69
"2019-02-05 17:41:05",69
"2019-02-05 18:41:06",68
"2019-02-05 19:41:06",68
"2019-02-05 20:41:05",69
"2019-02-05 21:41:04",69
"2019-02-05 22:41:06",69
"2019-02-05 23:41:09",69
"2019-02-06 00:41:07",69
"2019-02-06 01:41:04",69
"2019-02-06 02:41:05",69
"2019-02-06 03:41:05",69
"2019-02-06 04:41:05",69
"2019-02-06 05:41:05",69
"2019-02-06 06:41:06",69
"2019-02-06 07:41:06",69
"2019-02-06 08:41:02",69
"2019-02-06 09:41:01",69
"2019-02-07 02:41:08",68
"2019-02-07 03:41:04",68
"2019-02-07 04:41:05",68
"2019-02-07 05:41:05",68
"2019-02-07 06:41:03",68
"2019-02-07 07:41:04",68
"2019-02-07 08:41:04",68
"2019-02-07 09:41:04",68
"2019-02-07 10:41:06",68
"2019-02-07 11:41:07",68
"2019-02-07 12:41:06",68
"2019-02-07 13:41:05",68
"2019-02-07 15:04:37",67
"2019-02-07 15:41:07",67
"2019-02-07 16:41:10",67
"2019-02-07 17:41:06",67
"2019-02-07 18:41:08",67
"2019-02-07 19:41:08",67
"2019-02-07 20:41:07",68
"2019-02-07 21:41:06",67
"2019-02-07 22:41:05",67
"2019-02-07 23:41:07",67
"2019-02-08 00:41:07",67
"2019-02-08 01:41:07",67
"2019-02-08 02:41:07",67
"2019-02-08 03:41:10",67
"2019-02-08 04:41:06",67
"2019-02-08 05:41:05",67
"2019-02-08 06:41:05",67
"2019-02-08 07:41:05",67
"2019-02-08 08:41:04",67
"2019-02-08 09:41:06",67
"2019-02-08 10:41:06",67
"2019-02-08 11:41:06",67
"2019-02-08 12:41:07",67
"2019-02-08 13:41:07",67
"2019-02-08 15:05:39",66
"2019-02-08 15:41:05",66
"2019-02-08 16:41:05",66
"2019-02-08 17:41:07",67
"2019-02-08 18:41:09",67
"2019-02-08 19:41:08",67
"2019-02-08 20:41:08",67
"2019-02-08 21:41:07",67
"2019-02-08 22:41:05",67
"2019-02-08 23:41:05",67
"2019-02-09 00:41:07",67
"2019-02-09 01:41:06",67
"2019-02-09 02:41:06",67
"2019-02-09 03:41:05",67
"2019-02-09 04:41:07",67
"2019-02-09 05:41:06",67
"2019-02-09 06:41:06",67
"2019-02-09 07:41:06",67
"2019-02-09 08:41:05",67
"2019-02-09 09:41:06",67
"2019-02-09 10:41:06",67
"2019-02-09 11:41:04",67
"2019-02-09 12:41:07",67
"2019-02-09 13:41:05",67
"2019-02-09 14:41:06",67
"2019-02-09 15:41:07",67
"2019-02-09 16:41:06",67
"2019-02-09 17:41:08",67
"2019-02-09 18:41:06",67
"2019-02-09 19:41:06",67
"2019-02-09 20:41:06",67
"2019-02-09 21:41:08",67
"2019-02-09 22:41:06",67
"2019-02-09 23:41:07",67
"2019-02-10 00:41:05",67
"2019-02-10 01:41:07",67
"2019-02-10 02:41:06",67
"2019-02-10 03:41:05",67
"2019-02-10 04:41:08",67
"2019-02-10 05:41:08",67
"2019-02-10 06:41:06",67
"2019-02-10 07:41:05",67
"2019-02-10 08:41:05",67
"2019-02-10 09:41:05",67
"2019-02-10 10:41:06",67
"2019-02-10 11:41:05",67
"2019-02-10 12:41:06",67
"2019-02-10 13:41:07",67
"2019-02-10 14:41:06",67
"2019-02-10 15:41:08",67
"2019-02-10 16:41:08",67
"2019-02-10 17:41:05",67
"2019-02-10 18:41:05",67
"2019-02-10 19:41:08",67
"2019-02-10 20:41:07",67
"2019-02-10 21:41:05",67
"2019-02-10 22:41:07",67
"2019-02-10 23:41:08",67
"2019-02-11 00:41:07",67
"2019-02-11 01:41:08",67
"2019-02-11 02:41:08",67
"2019-02-11 03:41:07",67
"2019-02-11 04:41:09",67
"2019-02-11 05:41:06",67
"2019-02-11 06:41:07",67
"2019-02-11 07:41:05",67
"2019-02-11 08:41:06",67
"2019-02-11 09:41:06",67
"2019-02-11 10:41:08",67
"2019-02-11 11:41:05",67
"2019-02-11 12:41:06",67
"2019-02-11 13:41:06",67
"2019-02-11 14:41:05",67
"2019-02-11 15:41:06",68
"2019-02-11 16:41:06",68
"2019-02-11 17:41:07",68
"2019-02-11 18:41:06",69
"2019-02-11 19:41:06",69
"2019-02-11 20:41:06",69
"2019-02-11 21:41:05",69
"2019-02-11 22:41:05",69
"2019-02-11 23:41:07",69
"2019-02-12 00:41:05",69
"2019-02-12 01:41:05",69
"2019-02-12 02:41:09",69
"2019-02-12 03:41:05",69
"2019-02-12 04:41:07",69
"2019-02-12 05:41:05",69
"2019-02-12 06:41:06",69
"2019-02-12 07:41:04",69
"2019-02-12 08:41:04",69
"2019-02-12 09:41:05",69
"2019-02-12 10:41:05",69
"2019-02-12 11:41:06",69
"2019-02-12 12:41:05",69
"2019-02-12 13:41:05",69
"2019-02-12 14:41:05",69
"2019-02-12 15:41:07",68
"2019-02-12 16:41:05",68
"2019-02-12 17:41:04",67
"2019-02-12 18:41:06",67
"2019-02-12 19:41:05",66
"2019-02-12 20:41:05",66
"2019-02-12 21:41:07",67
"2019-02-12 22:41:05",67
"2019-02-12 23:41:05",67
"2019-02-13 00:41:06",67
"2019-02-13 01:41:08",67
"2019-02-13 02:41:05",67
"2019-02-13 03:41:06",67
"2019-02-13 04:41:07",67
"2019-02-13 05:41:06",67
"2019-02-13 06:41:05",67
"2019-02-13 07:41:06",67
"2019-02-13 08:41:06",67
"2019-02-13 09:41:05",67
"2019-02-13 10:41:06",67
"2019-02-13 11:41:05",67
"2019-02-13 12:41:07",67
"2019-02-13 13:41:05",67
"2019-02-13 14:41:04",67
"2019-02-13 15:41:06",66
"2019-02-13 16:41:05",66
"2019-02-13 17:41:08",66
"2019-02-13 18:41:05",67
"2019-02-13 19:41:05",67
"2019-02-13 20:41:06",67
"2019-02-13 21:41:06",68
"2019-02-13 22:41:06",68
"2019-02-13 23:41:06",68
"2019-02-14 00:41:05",68
"2019-02-14 01:41:06",68
"2019-02-14 02:41:06",68
"2019-02-14 03:41:08",68
"2019-02-14 04:41:05",68
"2019-02-14 05:41:09",68
"2019-02-14 06:41:05",68
"2019-02-14 07:41:05",68
"2019-02-14 08:41:05",68
"2019-02-14 09:41:05",68
"2019-02-14 10:41:06",68
"2019-02-14 11:41:06",68
"2019-02-14 12:41:05",68
"2019-02-14 13:41:06",68
"2019-02-14 14:41:06",68
"2019-02-14 15:41:08",68
"2019-02-14 16:41:04",67
"2019-02-14 17:41:06",67
"2019-02-14 18:41:06",65
"2019-02-14 19:41:05",65
"2019-02-14 20:41:07",66
"2019-02-14 21:41:05",67
"2019-02-14 22:41:07",67
"2019-02-15 00:41:06",67
"2019-02-15 01:41:06",67
"2019-02-15 02:41:08",67
"2019-02-15 03:41:09",67
"2019-02-15 04:41:10",67
"2019-02-15 05:41:05",67
"2019-02-15 06:41:05",67
"2019-02-15 07:41:06",67
"2019-02-15 08:41:06",67
"2019-02-15 09:41:06",67
"2019-02-15 10:41:07",67
"2019-02-15 11:41:07",67
"2019-02-15 12:41:05",67
"2019-02-15 14:06:08",67
"2019-02-15 14:41:08",67
"2019-02-15 15:41:11",69
"2019-02-15 16:41:09",69
"2019-02-15 17:41:05",69
"2019-02-15 18:41:09",70
"2019-02-15 19:41:07",70
"2019-02-15 20:41:06",70
"2019-02-15 21:41:08",68
"2019-02-15 22:41:06",68
"2019-02-15 23:41:07",68
"2019-02-16 00:41:07",68
"2019-02-16 01:41:13",68
"2019-02-16 02:41:11",68
"2019-02-16 03:41:09",68
"2019-02-16 04:41:06",68
"2019-02-16 05:41:07",68
"2019-02-16 06:41:06",68
"2019-02-16 07:41:05",68
"2019-02-16 08:41:06",68
"2019-02-16 09:41:08",68
"2019-02-16 10:41:08",68
"2019-02-16 11:41:05",68
"2019-02-16 12:41:07",68
"2019-02-16 13:41:08",68
"2019-02-16 14:41:06",68
"2019-02-16 15:41:10",68
"2019-02-16 16:41:05",68
"2019-02-16 17:41:05",68
"2019-02-16 18:41:07",68
"2019-02-16 19:41:05",68
"2019-02-16 20:41:07",68
"2019-02-16 21:41:07",68
"2019-02-16 22:41:06",68
"2019-02-16 23:41:06",68
"2019-02-17 00:41:07",68
"2019-02-17 01:41:07",68
"2019-02-17 02:41:04",68
"2019-02-17 03:41:07",68
"2019-02-17 04:41:05",68
"2019-02-17 05:41:06",68
"2019-02-17 06:41:05",68
"2019-02-17 07:41:06",68
"2019-02-17 08:41:06",68
"2019-02-17 09:41:04",68
"2019-02-17 10:41:05",68
"2019-02-17 11:41:07",68
"2019-02-17 12:41:04",68
"2019-02-17 13:41:07",68
"2019-02-17 14:41:05",68
"2019-02-17 15:41:07",68
"2019-02-17 16:41:07",68
"2019-02-17 17:41:06",68
"2019-02-17 18:41:07",68
"2019-02-17 19:41:06",68
"2019-02-17 20:41:07",68
"2019-02-17 21:41:05",68
"2019-02-17 22:41:06",68
"2019-02-17 23:41:07",68
"2019-02-18 00:41:06",68
"2019-02-18 01:41:07",68
"2019-02-18 02:41:08",68
"2019-02-18 03:41:07",68
"2019-02-18 04:41:05",68
"2019-02-18 05:41:06",68
"2019-02-18 06:41:05",68
"2019-02-18 07:41:06",68
"2019-02-18 08:41:06",68
"2019-02-18 09:41:08",68
"2019-02-18 10:41:06",68
"2019-02-18 11:41:06",68
"2019-02-18 12:41:07",68
"2019-02-18 13:41:10",68
"2019-02-18 14:41:05",68
"2019-02-18 15:41:07",68
"2019-02-18 16:41:06",68
"2019-02-18 17:41:07",68
"2019-02-18 18:41:07",68
"2019-02-18 19:41:06",68
"2019-02-18 20:41:06",68
"2019-02-18 21:41:05",68
"2019-02-18 22:41:04",68
"2019-02-18 23:41:06",68
"2019-02-19 00:41:05",68
"2019-02-19 01:41:09",68
"2019-02-19 02:41:06",68
"2019-02-19 03:41:07",68
"2019-02-19 04:41:07",68
"2019-02-19 05:41:05",68
"2019-02-19 06:41:06",68
"2019-02-19 07:41:06",68
"2019-02-19 08:41:06",68
"2019-02-19 09:41:05",68
"2019-02-19 10:41:04",68
"2019-02-19 11:41:03",68
"2019-02-19 12:41:04",68
"2019-02-19 14:05:38",68
"2019-02-19 14:41:08",68
"2019-02-19 15:41:09",68
"2019-02-19 16:41:08",71
"2019-02-19 17:41:08",72
"2019-02-19 18:41:11",72
"2019-02-19 19:41:08",73
"2019-02-19 20:41:10",74
"2019-02-19 21:41:08",76
"2019-02-19 22:41:08",76
"2019-02-19 23:41:07",76
"2019-02-20 00:41:13",76
"2019-02-20 01:41:09",76
"2019-02-20 02:41:08",76
"2019-02-20 03:41:13",76
"2019-02-20 04:41:10",76
"2019-02-20 05:41:08",76
"2019-02-20 06:41:09",76
"2019-02-20 07:41:07",76
"2019-02-20 08:41:09",76
"2019-02-20 09:41:08",76
"2019-02-20 10:41:08",76
"2019-02-20 11:41:10",76
"2019-02-20 12:41:08",76
"2019-02-20 13:41:07",76
"2019-02-20 14:41:09",76
"2019-02-20 15:41:09",81
"2019-02-20 16:41:08",82
"2019-02-20 17:41:09",83
"2019-02-20 18:41:08",84
"2019-02-20 19:41:08",84
"2019-02-20 20:41:09",85
"2019-02-20 21:41:10",85
"2019-02-20 22:41:09",85
"2019-02-20 23:41:07",85
"2019-02-21 00:41:09",85
"2019-02-21 01:41:10",85
"2019-02-21 02:41:10",85
"2019-02-21 03:41:08",85
"2019-02-21 04:41:07",85
"2019-02-21 05:41:09",85
"2019-02-21 06:41:07",85
"2019-02-21 07:41:08",85
"2019-02-21 08:41:06",85
"2019-02-21 09:41:08",85
"2019-02-21 10:41:08",85
"2019-02-21 11:41:08",85
"2019-02-21 12:41:06",85
"2019-02-21 13:41:07",85
"2019-02-21 14:41:08",85
"2019-02-21 15:41:10",90
"2019-02-21 17:05:09",97
"2019-02-21 17:41:07",97
"2019-02-21 18:41:06",98
"2019-02-21 19:41:06",97
"2019-02-21 20:41:10",99
"2019-02-21 21:41:06",102
"2019-02-21 22:41:06",102
"2019-02-21 23:41:06",102
"2019-02-22 00:41:07",102
"2019-02-22 01:41:10",102
"2019-02-22 02:41:08",102
"2019-02-22 03:41:09",102
"2019-02-22 04:41:07",102
"2019-02-22 05:41:06",102
"2019-02-22 06:41:07",102
"2019-02-22 07:41:10",102
"2019-02-22 08:41:09",102
"2019-02-22 09:41:07",102
"2019-02-22 10:41:06",102
"2019-02-22 11:41:08",102
"2019-02-22 12:41:07",102
"2019-02-22 13:41:06",102
"2019-02-22 14:41:08",102
"2019-02-22 15:41:09",99
"2019-02-22 16:41:07",101
"2019-02-22 17:41:07",101
"2019-02-22 18:41:07",100
"2019-02-22 19:41:06",100
"2019-02-22 20:41:05",102
"2019-02-22 21:41:10",105
"2019-02-22 22:41:07",105
"2019-02-22 23:41:09",105
"2019-02-23 00:41:06",105
"2019-02-23 01:41:08",105
"2019-02-23 02:41:10",105
"2019-02-23 03:41:09",105
"2019-02-23 04:41:07",105
"2019-02-23 05:41:08",105
"2019-02-23 06:41:06",105
"2019-02-23 07:41:05",105
"2019-02-23 08:41:07",105
"2019-02-23 09:41:07",105
"2019-02-23 10:41:07",105
"2019-02-23 11:41:08",105
"2019-02-23 12:41:07",105
"2019-02-23 13:41:06",105
"2019-02-23 14:41:07",105
"2019-02-23 15:41:07",105
"2019-02-23 16:41:06",105
"2019-02-23 17:41:07",105
"2019-02-23 18:41:07",105
"2019-02-23 19:41:06",105
"2019-02-23 20:41:07",105
"2019-02-23 21:41:09",105
"2019-02-23 22:41:06",105
"2019-02-23 23:41:07",105
"2019-02-24 00:41:08",105
"2019-02-24 01:41:07",105
"2019-02-24 02:41:08",105
"2019-02-24 03:41:07",105
"2019-02-24 04:41:07",105
"2019-02-24 05:41:07",105
"2019-02-24 06:41:06",105
"2019-02-24 07:41:08",105
"2019-02-24 08:41:06",105
"2019-02-24 09:41:07",105
"2019-02-24 10:41:06",105
"2019-02-24 11:41:07",105
"2019-02-24 12:41:06",105
"2019-02-24 13:41:06",105
"2019-02-24 14:41:06",105
"2019-02-24 15:41:08",105
"2019-02-24 16:41:07",105
"2019-02-24 17:41:08",105
"2019-02-24 18:41:09",105
"2019-02-24 19:41:08",105
"2019-02-24 20:41:07",105
"2019-02-24 21:41:06",105
"2019-02-24 22:41:07",105
"2019-02-24 23:41:06",105
"2019-02-25 00:41:08",105
"2019-02-25 01:41:07",105
"2019-02-25 02:41:06",105
"2019-02-25 03:41:08",105
"2019-02-25 04:41:07",105
"2019-02-25 05:41:07",105
"2019-02-25 06:41:06",105
"2019-02-25 07:41:07",105
"2019-02-25 08:41:06",105
"2019-02-25 09:41:08",105
"2019-02-25 10:41:07",105
"2019-02-25 11:41:08",105
"2019-02-25 12:41:06",105
"2019-02-25 14:06:11",105
"2019-02-25 14:41:08",105
"2019-02-25 15:41:08",109
"2019-02-25 16:41:08",111
"2019-02-25 17:41:09",112
"2019-02-25 18:41:10",114
"2019-02-25 19:41:06",115
"2019-02-25 20:41:07",117
"2019-02-25 21:41:08",120
"2019-02-25 22:41:07",119
"2019-02-25 23:41:09",119
"2019-02-26 00:41:08",119
"2019-02-26 01:41:08",119
"2019-02-26 02:41:09",119
"2019-02-26 03:41:09",119
"2019-02-26 04:41:10",119
"2019-02-26 05:41:07",119
"2019-02-26 06:41:09",119
"2019-02-26 07:41:09",119
"2019-02-26 08:41:08",119
"2019-02-26 09:41:09",119
"2019-02-26 10:41:06",119
"2019-02-26 11:41:08",119
"2019-02-26 12:41:07",119
"2019-02-26 13:41:07",119
"2019-02-26 14:41:08",119
"2019-02-26 15:41:10",118
"2019-02-26 16:41:08",119
"2019-02-26 17:41:08",122
"2019-02-26 18:41:06",119
"2019-02-26 19:41:10",116
"2019-02-26 20:41:08",116
"2019-02-26 21:41:07",115
"2019-02-26 22:41:10",115
"2019-02-26 23:41:08",115
"2019-02-27 00:41:10",115
"2019-02-27 01:41:10",115
"2019-02-27 02:42:08",115
"2019-02-27 03:41:21",115
"2019-02-27 04:41:10",115
"2019-02-27 05:41:09",115
"2019-02-27 06:41:11",115
"2019-02-27 07:41:10",115
"2019-02-27 08:41:10",115
"2019-02-27 09:41:06",115
"2019-02-27 10:41:07",115
"2019-02-27 11:41:11",115
"2019-02-27 12:41:13",115
"2019-02-27 13:41:08",115
"2019-02-27 14:41:09",115
"2019-02-27 15:41:12",118
"2019-02-27 16:41:08",99
"2019-02-27 17:41:08",102
"2019-02-27 18:41:10",104
"2019-02-27 19:41:10",105
"2019-02-27 20:41:09",107
"2019-02-27 21:41:09",107
"2019-02-27 22:41:11",107
"2019-02-27 23:41:08",107
"2019-02-28 00:41:08",107
"2019-02-28 01:41:07",107
"2019-02-28 02:41:09",107
"2019-02-28 04:41:08",107
"2019-02-28 05:41:08",107
"2019-02-28 06:41:06",107
"2019-02-28 07:41:08",107
"2019-02-28 08:41:08",107
"2019-02-28 09:41:07",107
"2019-02-28 10:41:08",107
"2019-02-28 11:41:08",107
"2019-02-28 12:41:09",107
"2019-02-28 13:41:09",107
"2019-02-28 15:05:13",106
"2019-02-28 15:41:06",106
"2019-02-28 16:41:10",106
"2019-02-28 17:41:08",107
"2019-02-28 18:41:10",106
"2019-02-28 19:41:09",103
"2019-02-28 20:41:07",104
"2019-02-28 21:41:07",105
"2019-02-28 22:41:09",105
"2019-02-28 23:41:07",105
"2019-03-01 00:41:08",105
"2019-03-01 01:41:09",105
"2019-03-01 02:41:10",105
"2019-03-01 03:41:10",105
"2019-03-01 04:41:09",105
"2019-03-01 05:41:10",105
"2019-03-01 06:41:08",105
"2019-03-01 07:41:10",105
"2019-03-01 08:41:08",105
"2019-03-01 09:41:06",105
"2019-03-01 10:41:09",105
"2019-03-01 11:41:07",105
"2019-03-01 12:41:07",105
"2019-03-01 13:41:12",105
"2019-03-01 14:41:10",105
"2019-03-01 15:41:08",104
"2019-03-01 16:41:08",102
"2019-03-01 17:41:08",101
"2019-03-01 18:41:10",99
"2019-03-01 19:41:10",99
"2019-03-01 20:41:11",94
"2019-03-01 21:41:09",93
"2019-03-01 22:41:10",92
"2019-03-01 23:41:10",92
"2019-03-02 07:41:07",92
"2019-03-02 08:41:09",92
"2019-03-02 09:41:07",92
"2019-03-02 10:41:08",92
"2019-03-02 11:41:09",92
"2019-03-02 15:41:12",92
"2019-03-02 16:41:08",92
"2019-03-02 17:41:09",92
"2019-03-04 02:41:09",92
"2019-03-04 07:41:10",92
"2019-03-04 10:41:06",92
"2019-03-04 11:41:08",92
"2019-03-04 12:41:06",92
"2019-03-04 13:41:06",92
"2019-03-04 14:41:09",93
"2019-03-04 15:41:07",95
"2019-03-04 16:41:09",94
"2019-03-04 17:41:09",96
"2019-03-04 18:41:08",96
"2019-03-04 19:41:09",96
"2019-03-04 20:41:08",96
"2019-03-04 21:41:08",97
"2019-03-04 22:41:09",97
"2019-03-04 23:41:08",97
"2019-03-05 00:41:10",97
"2019-03-05 01:41:09",97
"2019-03-05 02:41:10",97
"2019-03-05 03:41:10",97
"2019-03-05 04:41:08",97
"2019-03-05 05:41:08",97
"2019-03-05 06:41:07",97
"2019-03-05 07:41:07",97
"2019-03-05 08:41:08",97
"2019-03-05 09:41:09",97
"2019-03-05 10:41:08",97
"2019-03-05 11:41:06",97
"2019-03-05 12:41:08",97
"2019-03-05 14:06:14",97
"2019-03-05 14:41:09",97
"2019-03-05 15:41:10",98
"2019-03-05 16:41:09",98
"2019-03-05 17:41:10",97
"2019-03-05 18:41:10",97
"2019-03-05 19:41:09",98
"2019-03-05 20:41:11",98
"2019-03-05 21:41:09",98
"2019-03-05 22:41:12",98
"2019-03-05 23:41:11",98
"2019-03-06 00:41:10",98
"2019-03-06 01:41:10",98
"2019-03-06 02:41:09",98
"2019-03-06 03:41:10",98
"2019-03-06 04:41:11",98
"2019-03-06 05:41:09",98
"2019-03-06 06:41:13",98
"2019-03-06 07:41:09",98
"2019-03-06 08:41:07",98
"2019-03-06 09:41:08",98
"2019-03-06 10:41:09",98
"2019-03-06 11:41:38",98
"2019-03-06 12:41:17",98
"2019-03-06 14:05:52",98
"2019-03-06 14:41:27",98
"2019-03-06 15:41:23",99
"2019-03-06 16:41:08",97
"2019-03-06 17:41:14",97
"2019-03-06 18:41:12",97
"2019-03-06 19:41:11",96
"2019-03-06 20:41:10",95
"2019-03-06 21:41:10",95
"2019-03-06 22:41:09",95
"2019-03-06 23:41:10",95
"2019-03-07 00:41:10",95
"2019-03-07 01:41:11",95
"2019-03-07 02:41:10",95
"2019-03-07 04:41:14",95
"2019-03-07 05:41:11",95
"2019-03-07 06:41:10",95
"2019-03-07 07:41:09",95
"2019-03-07 08:41:11",95
"2019-03-07 09:41:10",95
"2019-03-07 10:41:10",95
"2019-03-07 11:41:09",95
"2019-03-07 12:41:08",95
"2019-03-07 13:41:11",95
"2019-03-07 14:41:13",95
"2019-03-07 15:41:09",92
"2019-03-07 16:41:11",90
"2019-03-07 17:41:12",90
"2019-03-07 18:41:12",90
"2019-03-07 20:05:44",94
"2019-03-07 20:41:10",94
"2019-03-07 21:41:11",95
"2019-03-07 22:41:14",95
"2019-03-07 23:41:09",95
"2019-03-08 00:41:10",95
"2019-03-08 01:41:10",95
"2019-03-08 02:41:10",95
"2019-03-08 04:41:09",95
"2019-03-08 05:41:09",95
"2019-03-08 06:41:09",95
"2019-03-08 07:41:10",95
"2019-03-08 08:41:10",95
"2019-03-08 09:41:09",95
"2019-03-08 10:41:09",95
"2019-03-08 11:41:10",95
"2019-03-08 12:41:08",95
"2019-03-08 14:06:13",95
"2019-03-08 14:41:09",95
"2019-03-08 15:41:11",98
"2019-03-08 16:41:09",98
"2019-03-08 17:41:09",96
"2019-03-08 18:41:11",100
"2019-03-08 19:41:12",99
"2019-03-08 20:41:08",102
"2019-03-08 21:41:14",107
"2019-03-08 22:41:08",108
"2019-03-08 23:41:12",108
"2019-03-09 00:41:14",108
"2019-03-09 01:41:10",108
"2019-03-09 02:41:09",108
"2019-03-09 03:41:11",108
"2019-03-09 04:41:11",108
"2019-03-09 05:41:10",108
"2019-03-09 06:41:09",108
"2019-03-09 07:41:09",108
"2019-03-09 08:41:08",108
"2019-03-09 09:41:07",108
"2019-03-09 10:41:10",108
"2019-03-09 11:41:09",108
"2019-03-09 12:41:09",108
"2019-03-09 13:41:08",108
"2019-03-09 14:41:09",108
"2019-03-09 15:41:11",108
"2019-03-09 16:41:09",108
"2019-03-09 17:41:10",108
"2019-03-09 18:41:10",108
"2019-03-09 19:41:09",108
"2019-03-09 20:41:09",108
"2019-03-09 21:41:08",108
"2019-03-09 22:41:09",108
"2019-03-09 23:41:09",108
"2019-03-10 00:41:08",108
"2019-03-10 01:41:10",108
"2019-03-10 02:41:12",108
"2019-03-10 03:41:09",108
"2019-03-10 04:41:10",108
"2019-03-10 05:41:09",108
"2019-03-10 06:41:10",108
"2019-03-10 07:41:08",108
"2019-03-10 08:41:08",108
"2019-03-10 09:41:08",108
"2019-03-10 10:41:08",108
"2019-03-10 11:41:09",108
"2019-03-10 12:41:10",108
"2019-03-10 13:41:07",108
"2019-03-10 14:41:09",108
"2019-03-10 15:41:10",108
"2019-03-10 16:41:09",108
"2019-03-10 17:41:12",108
"2019-03-10 18:41:12",108
"2019-03-10 19:41:09",108
"2019-03-10 20:41:09",108
"2019-03-10 21:41:08",108
"2019-03-10 22:41:08",108
"2019-03-10 23:41:10",108
"2019-03-11 00:41:10",108
"2019-03-11 01:41:10",108
"2019-03-11 02:41:09",108
"2019-03-11 03:41:08",108
"2019-03-11 04:41:10",108
"2019-03-11 05:41:09",108
"2019-03-11 06:41:08",108
"2019-03-11 07:41:08",108
"2019-03-11 08:41:07",108
"2019-03-11 09:41:09",108
"2019-03-11 10:41:10",108
"2019-03-11 11:41:08",108
"2019-03-11 12:41:12",108
"2019-03-11 13:41:10",108
"2019-03-11 14:41:11",111
"2019-03-11 15:41:10",111
"2019-03-11 16:41:09",112
"2019-03-11 17:41:09",113
"2019-03-11 18:41:10",112
"2019-03-11 19:41:09",113
"2019-03-11 20:41:09",112
"2019-03-11 21:41:12",112
"2019-03-11 22:41:09",112
"2019-03-11 23:41:10",112
"2019-03-12 00:41:12",112
"2019-03-12 01:41:07",112
"2019-03-12 02:41:08",112
"2019-03-12 03:41:10",112
"2019-03-12 04:41:09",112
"2019-03-12 05:41:09",112
"2019-03-12 06:41:11",112
"2019-03-12 07:41:07",112
"2019-03-12 08:41:09",112
"2019-03-12 09:41:09",112
"2019-03-12 10:41:12",112
"2019-03-12 11:41:09",112
"2019-03-12 12:41:10",112
"2019-03-12 13:41:10",112
"2019-03-12 14:41:08",109
"2019-03-12 15:41:09",107
"2019-03-12 16:41:09",107
"2019-03-12 17:41:08",106
"2019-03-12 18:41:10",105
"2019-03-12 19:41:08",105
"2019-03-12 20:41:09",104
"2019-03-12 21:41:09",104
"2019-03-12 22:41:09",104
"2019-03-12 23:41:10",104
"2019-03-13 00:41:09",104
"2019-03-13 01:41:10",104
"2019-03-13 02:41:09",104
"2019-03-13 03:41:10",104
"2019-03-13 04:41:10",104
"2019-03-13 05:41:09",104
"2019-03-13 06:41:08",104
"2019-03-13 07:41:12",104
"2019-03-13 08:41:08",104
"2019-03-13 09:41:08",104
"2019-03-13 10:41:07",104
"2019-03-13 11:41:08",104
"2019-03-13 13:05:12",104
"2019-03-13 13:41:09",104
"2019-03-13 14:41:09",103
"2019-03-13 15:41:10",99
"2019-03-13 16:41:10",101
"2019-03-13 17:41:12",102
"2019-03-13 18:41:09",102
"2019-03-13 19:41:10",102
"2019-03-13 20:41:09",100
"2019-03-13 21:41:11",99
"2019-03-13 22:41:08",99
"2019-03-13 23:41:11",99
"2019-03-14 00:41:08",99
"2019-03-14 01:41:12",99
"2019-03-14 02:41:11",99
"2019-03-14 03:41:09",99
"2019-03-14 04:41:10",99
"2019-03-14 05:41:09",99
"2019-03-14 06:41:10",99
"2019-03-14 07:41:09",99
"2019-03-14 08:41:09",99
"2019-03-14 09:41:08",99
"2019-03-14 10:41:10",99
"2019-03-14 11:41:10",99
"2019-03-14 13:05:44",99
"2019-03-14 13:41:09",99
"2019-03-14 14:41:10",98
"2019-03-14 15:41:10",98
"2019-03-14 16:41:10",96
"2019-03-14 17:41:11",96
"2019-03-14 18:41:09",97
"2019-03-14 19:41:13",97
"2019-03-14 20:41:10",95
"2019-03-14 21:41:11",95
"2019-03-14 22:41:13",95
"2019-03-14 23:41:13",95
"2019-03-15 00:41:11",95
"2019-03-15 01:41:10",95
"2019-03-15 02:41:13",95
"2019-03-15 03:41:11",95
"2019-03-15 04:41:10",95
"2019-03-15 05:41:09",95
"2019-03-15 06:41:08",95
"2019-03-15 07:41:09",95
"2019-03-15 08:41:11",95
"2019-03-15 09:41:11",95
"2019-03-15 10:41:12",95
"2019-03-15 11:41:12",95
"2019-03-15 12:41:11",95
"2019-03-15 13:41:11",95
"2019-03-15 14:41:10",93
"2019-03-15 15:41:14",92
"2019-03-15 16:41:12",92
"2019-03-15 17:41:14",92
"2019-03-15 18:41:11",90
"2019-03-15 19:41:11",89
"2019-03-15 20:41:11",89
"2019-03-15 21:41:10",91
"2019-03-15 22:41:10",91
"2019-03-15 23:41:13",91
"2019-03-16 00:41:11",91
"2019-03-16 01:41:10",91
"2019-03-16 02:41:12",91
"2019-03-16 03:41:11",91
"2019-03-16 04:41:12",91
"2019-03-16 05:41:13",91
"2019-03-16 06:41:12",91
"2019-03-16 07:41:11",91
"2019-03-16 08:41:14",91
"2019-03-16 09:41:11",91
"2019-03-16 10:41:10",91
"2019-03-16 11:41:11",91
"2019-03-16 12:41:10",91
"2019-03-16 13:41:11",91
"2019-03-16 14:41:11",91
"2019-03-16 15:41:12",91
"2019-03-16 16:41:11",91
"2019-03-16 17:41:10",91
"2019-03-16 18:41:10",91
"2019-03-16 19:41:10",91
"2019-03-16 20:41:12",91
"2019-03-16 21:41:12",91
"2019-03-16 22:41:13",91
"2019-03-16 23:41:11",91
"2019-03-17 00:41:13",91
"2019-03-17 01:41:11",91
"2019-03-17 02:41:13",91
"2019-03-17 03:41:12",91
"2019-03-17 04:41:11",91
"2019-03-17 05:41:13",91
"2019-03-17 06:41:10",91
"2019-03-17 07:41:10",91
"2019-03-17 08:41:09",91
"2019-03-17 09:41:13",91
"2019-03-17 10:41:10",91
"2019-03-17 11:41:11",91
"2019-03-17 12:41:11",91
"2019-03-17 13:41:10",91
"2019-03-17 14:41:09",91
"2019-03-17 15:41:10",91
"2019-03-17 16:41:09",91
"2019-03-17 17:41:09",91
"2019-03-17 18:41:10",91
"2019-03-17 19:41:10",91
"2019-03-17 20:41:09",91
"2019-03-17 21:41:08",91
"2019-03-17 22:41:08",91
"2019-03-17 23:41:10",91
"2019-03-18 00:41:09",91
"2019-03-18 01:41:10",91
"2019-03-18 02:41:11",91
"2019-03-18 03:41:11",91
"2019-03-18 04:41:10",91
"2019-03-18 05:41:09",91
"2019-03-18 06:41:09",91
"2019-03-18 07:41:11",91
"2019-03-18 08:41:09",91
"2019-03-18 09:41:11",91
"2019-03-18 10:41:10",91
"2019-03-18 11:41:09",91
"2019-03-18 12:41:11",91
"2019-03-18 13:41:12",91
"2019-03-18 14:41:12",95
"2019-03-18 15:41:17",95
"2019-03-18 16:41:10",95
"2019-03-18 17:41:13",95
"2019-03-18 18:41:13",94
"2019-03-18 19:41:13",94
"2019-03-18 20:41:11",95
"2019-03-18 21:41:12",95
"2019-03-18 22:41:14",95
"2019-03-18 23:41:13",95
"2019-03-19 00:41:16",95
"2019-03-19 01:41:13",95
"2019-03-19 02:41:14",95
"2019-03-19 03:41:10",95
"2019-03-19 04:41:11",95
"2019-03-19 05:41:09",95
"2019-03-19 06:41:15",95
"2019-03-19 07:41:11",95
"2019-03-19 08:41:10",95
"2019-03-19 09:41:11",95
"2019-03-19 10:41:10",95
"2019-03-19 11:41:10",95
"2019-03-19 12:41:12",95
"2019-03-19 13:41:10",95
"2019-03-19 14:41:12",91
"2019-03-19 15:41:13",91
"2019-03-19 16:41:12",91
"2019-03-19 17:41:13",91
"2019-03-19 18:41:12",91
"2019-03-19 19:41:13",91
"2019-03-19 20:41:13",91
"2019-03-19 21:41:16",91
"2019-03-19 22:41:14",91
"2019-03-19 23:41:13",91
"2019-03-20 00:41:14",91
"2019-03-20 01:41:15",91
"2019-03-20 02:41:13",91
"2019-03-20 03:41:14",91
"2019-03-20 04:41:13",91
"2019-03-20 05:41:13",91
"2019-03-20 06:41:17",91
"2019-03-20 07:41:15",91
"2019-03-20 08:41:15",91
"2019-03-20 09:41:13",91
"2019-03-20 10:41:13",91
"2019-03-20 11:41:13",91
"2019-03-20 13:05:20",91
"2019-03-20 13:41:12",91
"2019-03-20 14:41:14",91
"2019-03-20 15:41:18",88
"2019-03-20 16:41:13",89
"2019-03-20 17:41:14",86
"2019-03-20 18:41:12",86
"2019-03-20 19:41:11",87
"2019-03-20 20:41:11",87
"2019-03-20 21:41:10",87
"2019-03-20 22:41:10",87
"2019-03-20 23:41:10",87
"2019-03-21 00:41:10",87
"2019-03-21 01:41:10",87
"2019-03-21 02:41:13",87
"2019-03-21 03:41:12",87
"2019-03-21 04:41:11",87
"2019-03-21 05:41:14",87
"2019-03-21 06:41:09",87
"2019-03-21 07:41:10",87
"2019-03-21 08:41:08",87
"2019-03-21 09:41:10",87
"2019-03-21 10:41:11",87
"2019-03-21 11:41:11",87
"2019-03-21 13:06:14",87
"2019-03-21 13:41:10",87
"2019-03-21 14:41:11",86
"2019-03-21 15:41:12",85
"2019-03-21 16:41:10",87
"2019-03-21 17:41:11",87
"2019-03-21 18:41:12",87
"2019-03-21 19:41:11",86
"2019-03-21 20:41:07",88
"2019-03-21 21:41:09",87
"2019-03-21 22:41:09",87
"2019-03-21 23:41:10",87
"2019-03-22 00:41:10",87
"2019-03-22 01:41:08",87
"2019-03-22 02:41:14",87
"2019-03-22 03:41:10",87
"2019-03-22 04:41:08",87
"2019-03-22 05:41:10",87
"2019-03-22 06:41:08",87
"2019-03-22 07:41:09",87
"2019-03-22 08:41:18",87
"2019-03-22 09:41:10",87
"2019-03-22 10:41:09",87
"2019-03-22 11:41:08",87
"2019-03-22 12:41:14",87
"2019-03-22 13:41:08",87
"2019-03-22 14:41:08",86
"2019-03-22 15:41:09",84
"2019-03-22 16:41:10",84
"2019-03-22 17:41:11",84
"2019-03-22 18:41:10",84
"2019-03-22 19:41:09",84
"2019-03-22 20:41:10",85
"2019-03-22 21:41:09",85
"2019-03-22 22:41:09",85
"2019-03-22 23:41:08",85
"2019-03-23 00:41:10",85
"2019-03-23 01:41:15",85
"2019-03-23 02:41:10",85
"2019-03-23 03:41:09",85
"2019-03-23 04:41:08",85
"2019-03-23 05:41:09",85
"2019-03-23 06:41:09",85
"2019-03-23 07:41:13",85
"2019-03-23 08:41:09",85
"2019-03-23 09:41:10",85
"2019-03-23 10:41:08",85
"2019-03-23 11:41:10",85
"2019-03-23 12:41:08",85
"2019-03-23 13:41:11",85
"2019-03-23 14:41:09",85
"2019-03-23 15:41:10",85
"2019-03-23 16:41:08",85
"2019-03-23 17:41:08",85
"2019-03-23 18:41:09",85
"2019-03-23 19:41:12",85
"2019-03-23 20:41:10",85
"2019-03-23 21:41:10",85
"2019-03-23 22:41:09",85
"2019-03-23 23:41:09",85
"2019-03-24 00:41:09",85
"2019-03-24 01:41:10",85
"2019-03-24 02:41:10",85
"2019-03-24 03:41:11",85
"2019-03-24 04:41:15",85
"2019-03-24 05:41:10",85
"2019-03-24 06:41:10",85
"2019-03-24 07:41:10",85
"2019-03-24 08:41:09",85
"2019-03-24 09:41:15",85
"2019-03-24 10:41:12",85
"2019-03-24 11:41:08",85
"2019-03-24 12:41:09",85
"2019-03-24 13:41:12",85
"2019-03-24 14:41:09",85
"2019-03-24 15:41:10",85
"2019-03-24 16:41:09",85
"2019-03-24 17:41:10",85
"2019-03-24 18:41:10",85
"2019-03-24 19:41:09",85
"2019-03-24 20:41:10",85
"2019-03-24 21:41:15",85
"2019-03-24 22:41:10",85
"2019-03-24 23:41:10",85
"2019-03-25 00:41:10",85
"2019-03-25 01:41:10",85
"2019-03-25 02:41:11",85
"2019-03-25 03:41:16",85
"2019-03-25 04:41:10",85
"2019-03-25 05:41:11",85
"2019-03-25 06:41:10",85
"2019-03-25 07:41:10",85
"2019-03-25 08:41:12",85
"2019-03-25 09:41:10",85
"2019-03-25 10:41:10",85
"2019-03-25 11:41:17",85
"2019-03-25 13:05:15",85
"2019-03-25 13:41:14",85
"2019-03-25 14:41:11",86
"2019-03-25 15:41:11",86
"2019-03-25 16:41:11",86
"2019-03-25 17:41:11",87
"2019-03-25 18:41:12",87
"2019-03-25 19:41:13",87
"2019-03-25 20:41:10",88
"2019-03-25 21:41:10",88
"2019-03-25 22:41:18",88
"2019-03-25 23:41:13",88
"2019-03-26 00:41:13",88
"2019-03-26 01:41:12",88
"2019-03-26 02:41:09",88
"2019-03-26 03:41:11",88
"2019-03-26 04:41:10",88
"2019-03-26 05:41:10",88
"2019-03-26 06:41:11",88
"2019-03-26 07:41:10",88
"2019-03-26 08:41:09",88
"2019-03-26 09:41:10",88
"2019-03-26 10:41:13",88
"2019-03-26 11:41:10",88
"2019-03-26 12:41:11",88
"2019-03-26 13:41:16",88
"2019-03-26 14:41:09",88
"2019-03-26 15:41:17",91
"2019-03-26 16:41:14",90
"2019-03-26 17:41:10",88
"2019-03-26 18:41:14",89
"2019-03-26 19:41:16",89
"2019-03-26 20:41:12",89
"2019-03-26 21:41:12",89
"2019-03-26 22:41:11",89
"2019-03-26 23:41:10",89
"2019-03-27 00:41:12",89
"2019-03-27 01:41:10",89
"2019-03-27 02:41:10",89
"2019-03-27 03:41:14",89
"2019-03-27 04:41:12",89
"2019-03-27 05:41:12",89
"2019-03-27 06:41:15",89
"2019-03-27 07:41:10",89
"2019-03-27 08:41:09",89
"2019-03-27 09:41:10",89
"2019-03-27 10:41:14",89
"2019-03-27 11:41:09",89
"2019-03-27 13:05:50",89
"2019-03-27 13:41:12",89
"2019-03-27 14:41:16",87
"2019-03-27 15:41:11",86
"2019-03-27 16:41:11",86
"2019-03-27 17:41:19",86
"2019-03-27 18:41:10",86
"2019-03-27 19:41:10",85
"2019-03-27 20:41:14",85
"2019-03-27 21:41:10",85
"2019-03-27 22:41:18",85
"2019-03-27 23:41:13",85
"2019-03-28 00:41:12",85
"2019-03-28 01:41:10",85
"2019-03-28 02:41:18",85
"2019-03-28 03:41:12",85
"2019-03-28 04:41:13",85
"2019-03-28 05:41:10",85
"2019-03-28 06:41:09",85
"2019-03-28 07:41:10",85
"2019-03-28 08:41:08",85
"2019-03-28 09:41:09",85
"2019-03-28 10:41:10",85
"2019-03-28 11:41:09",85
"2019-03-28 13:05:42",85
"2019-03-28 13:41:12",85
"2019-03-28 14:41:11",85
"2019-03-28 15:41:11",85
"2019-03-28 16:41:12",85
"2019-03-28 17:41:10",85
"2019-03-28 18:41:11",85
"2019-03-28 19:41:10",85
"2019-03-28 20:41:12",86
"2019-03-28 21:41:12",86
"2019-03-28 22:41:09",86
"2019-03-28 23:41:11",86
"2019-03-29 00:41:09",86
"2019-03-29 01:41:21",86
"2019-03-29 02:41:14",86
"2019-03-29 03:41:15",86
"2019-03-29 04:41:13",86
"2019-03-29 05:41:09",86
"2019-03-29 06:41:09",86
"2019-03-29 07:41:09",86
"2019-03-29 08:41:15",86
"2019-03-29 09:41:10",86
"2019-03-29 10:41:10",86
"2019-03-29 11:41:13",86
"2019-03-29 13:06:14",86
"2019-03-29 13:41:12",86
"2019-03-29 14:41:14",87
"2019-03-29 15:41:14",85
"2019-03-29 16:41:09",84
"2019-03-29 17:41:14",84
"2019-03-29 18:41:21",84
"2019-03-29 19:41:14",83
"2019-03-29 20:41:14",83
"2019-03-29 21:41:12",83
"2019-03-29 22:41:16",83
"2019-03-29 23:41:19",83
"2019-03-30 00:41:15",83
"2019-03-30 01:41:14",83
"2019-03-30 02:41:17",83
"2019-03-30 03:41:16",83
"2019-03-30 04:41:17",83
"2019-03-30 05:41:13",83
"2019-03-30 06:41:13",83
"2019-03-30 07:41:13",83
"2019-03-30 08:41:28",83
"2019-03-30 09:41:15",83
"2019-03-30 10:41:13",83
"2019-03-30 11:41:14",83
"2019-03-30 12:41:18",83
"2019-03-30 13:41:10",83
"2019-03-30 14:41:11",83
"2019-03-30 15:41:10",83
"2019-03-30 16:41:11",83
"2019-03-30 17:41:15",83
"2019-03-30 18:41:10",83
"2019-03-30 19:41:12",83
"2019-03-30 20:41:10",83
"2019-03-30 21:41:10",83
"2019-03-30 22:41:17",83
"2019-03-30 23:41:12",83
"2019-03-31 00:41:11",83
"2019-03-31 01:41:13",83
"2019-03-31 02:41:16",83
"2019-03-31 03:41:12",83
"2019-03-31 04:41:11",83
"2019-03-31 05:41:11",83
"2019-03-31 06:41:16",83
"2019-03-31 07:41:12",83
"2019-03-31 08:41:10",83
"2019-03-31 09:41:10",83
"2019-03-31 10:41:15",83
"2019-03-31 11:41:12",83
"2019-03-31 12:41:11",83
"2019-03-31 13:41:13",83
"2019-03-31 14:41:11",83
"2019-03-31 15:41:11",83
"2019-03-31 16:41:12",83
"2019-03-31 17:41:18",83
"2019-03-31 18:41:10",83
"2019-03-31 19:41:11",83
"2019-03-31 20:41:11",83
"2019-03-31 21:41:12",83
"2019-03-31 22:41:10",83
"2019-03-31 23:41:15",83
"2019-04-01 00:41:15",83
"2019-04-01 01:41:13",83
"2019-04-01 02:41:15",83
"2019-04-01 03:41:20",83
"2019-04-01 04:41:12",83
"2019-04-01 05:41:12",83
"2019-04-01 06:41:10",83
"2019-04-01 07:41:17",83
"2019-04-01 08:41:12",83
"2019-04-01 09:41:13",83
"2019-04-01 10:41:17",83
"2019-04-01 11:41:15",83
"2019-04-01 13:41:14",83
"2019-04-01 14:41:16",86
"2019-04-01 15:41:22",88
"2019-04-01 16:41:19",87
"2019-04-01 17:41:16",87
"2019-04-01 18:41:13",88
"2019-04-01 19:41:23",89
"2019-04-01 20:41:13",89
"2019-04-01 21:41:11",89
"2019-04-01 22:41:15",89
"2019-04-01 23:41:14",89
"2019-04-02 00:41:17",89
"2019-04-02 01:41:12",89
"2019-04-02 02:41:14",89
"2019-04-02 03:41:20",89
"2019-04-02 04:41:10",89
"2019-04-02 05:41:12",89
"2019-04-02 06:41:12",89
"2019-04-02 07:41:16",89
"2019-04-02 08:41:13",89
"2019-04-02 09:41:16",89
"2019-04-02 10:41:12",89
"2019-04-02 11:41:12",89
"2019-04-02 13:05:49",89
"2019-04-02 13:41:15",89
"2019-04-02 14:41:10",90
"2019-04-02 15:41:22",90
"2019-04-02 16:41:12",89
"2019-04-02 17:41:18",89
"2019-04-02 18:41:12",89
"2019-04-02 19:41:12",88
"2019-04-02 20:41:18",87
"2019-04-02 21:41:15",87
"2019-04-02 22:41:13",87
"2019-04-02 23:41:14",87
"2019-04-03 00:41:22",87
"2019-04-03 01:41:15",87
"2019-04-03 02:41:12",87
"2019-04-03 03:41:14",87
"2019-04-03 04:41:15",87
"2019-04-03 05:41:15",87
"2019-04-03 06:41:16",87
"2019-04-03 07:41:13",87
"2019-04-03 08:41:12",87
"2019-04-03 09:41:21",87
"2019-04-03 10:41:16",87
"2019-04-03 11:41:14",87
"2019-04-03 13:05:51",87
"2019-04-03 13:41:12",87
"2019-04-03 14:41:19",89
"2019-04-03 15:41:19",90
"2019-04-03 16:41:13",92
"2019-04-03 17:41:11",92
"2019-04-03 18:41:11",92
"2019-04-03 19:41:12",92
"2019-04-03 20:41:14",94
"2019-04-03 21:41:12",94
"2019-04-03 22:41:11",94
"2019-04-03 23:41:18",94
"2019-04-04 00:41:10",94
"2019-04-04 01:41:12",94
"2019-04-04 02:41:13",94
"2019-04-04 03:41:16",94
"2019-04-04 04:41:10",94
"2019-04-04 05:41:10",94
"2019-04-04 06:41:11",94
"2019-04-04 07:41:12",94
"2019-04-04 08:41:15",94
"2019-04-04 09:41:11",94
"2019-04-04 10:41:12",94
"2019-04-04 11:41:16",94
"2019-04-04 12:41:13",94
"2019-04-04 13:41:12",94
"2019-04-04 14:41:19",95
"2019-04-04 15:41:13",96
"2019-04-04 16:41:19",97
"2019-04-04 17:41:11",97
"2019-04-04 18:41:15",97
"2019-04-04 19:41:14",99
"2019-04-04 20:41:13",99
"2019-04-04 21:41:15",99
"2019-04-04 22:41:21",99
"2019-04-04 23:41:13",99
"2019-04-05 00:41:15",99
"2019-04-05 01:41:12",99
"2019-04-05 02:41:12",99
"2019-04-05 03:41:22",99
"2019-04-05 04:41:14",99
"2019-04-05 05:41:12",99
"2019-04-05 06:41:10",99
"2019-04-05 07:41:13",99
"2019-04-05 08:41:20",99
"2019-04-05 09:41:14",99
"2019-04-05 10:41:19",99
"2019-04-05 11:41:13",99
"2019-04-05 13:05:18",99
"2019-04-05 13:41:16",99
"2019-04-05 14:41:15",99
"2019-04-05 15:41:19",102
"2019-04-05 16:41:12",101
"2019-04-05 17:41:12",101
"2019-04-05 18:41:15",102
"2019-04-05 19:41:13",102
"2019-04-05 20:41:12",102
"2019-04-05 21:41:15",102
"2019-04-05 22:41:14",102
"2019-04-05 23:41:17",102
"2019-04-06 00:41:14",102
"2019-04-06 01:41:23",102
"2019-04-06 02:41:17",102
"2019-04-06 03:41:15",102
"2019-04-06 04:41:18",102
"2019-04-06 05:41:15",102
"2019-04-06 06:41:13",102
"2019-04-06 07:41:13",102
"2019-04-06 08:41:22",102
"2019-04-06 09:41:14",102
"2019-04-06 10:41:13",102
"2019-04-06 11:41:13",102
"2019-04-06 12:41:15",102
"2019-04-06 13:41:12",102
"2019-04-06 14:41:12",102
"2019-04-06 15:41:17",102
"2019-04-06 16:41:12",102
"2019-04-06 17:41:13",102
"2019-04-06 18:41:14",102
"2019-04-06 19:41:13",102
"2019-04-06 20:41:11",102
"2019-04-06 21:41:20",102
"2019-04-06 22:41:13",102
"2019-04-06 23:41:12",102
"2019-04-07 00:41:12",102
"2019-04-07 01:41:11",102
"2019-04-07 02:41:15",102
"2019-04-07 03:41:17",102
"2019-04-07 04:41:14",102
"2019-04-07 05:41:14",102
"2019-04-07 06:41:14",102
"2019-04-07 07:41:20",102
"2019-04-07 08:41:15",102
"2019-04-07 09:41:17",102
"2019-04-07 10:41:13",102
"2019-04-07 11:41:18",102
"2019-04-07 12:41:14",102
"2019-04-07 13:41:18",102
"2019-04-07 14:41:13",102
"2019-04-07 15:41:15",102
"2019-04-07 16:41:17",102
"2019-04-07 17:41:14",102
"2019-04-07 18:41:13",102
"2019-04-07 19:41:13",102
"2019-04-07 20:41:20",102
"2019-04-07 21:41:13",102
"2019-04-07 22:41:12",102
"2019-04-07 23:41:11",102
"2019-04-08 00:41:22",102
"2019-04-08 01:41:14",102
"2019-04-08 02:41:13",102
"2019-04-08 03:41:13",102
"2019-04-08 04:41:11",102
"2019-04-08 05:41:22",102
"2019-04-08 06:41:11",102
"2019-04-08 07:41:12",102
"2019-04-08 08:41:13",102
"2019-04-08 09:41:14",102
"2019-04-08 10:41:12",102
"2019-04-08 11:41:22",102
"2019-04-08 12:41:12",102
"2019-04-08 13:41:18",102
"2019-04-08 14:41:12",101
"2019-04-08 15:41:16",101
"2019-04-08 16:41:20",99
"2019-04-08 17:41:13",99
"2019-04-08 18:41:13",99
"2019-04-08 19:41:14",99
"2019-04-08 20:41:13",100
"2019-04-08 21:41:15",100
"2019-04-08 22:41:15",100
"2019-04-08 23:41:13",100
"2019-04-09 00:41:18",100
"2019-04-09 01:41:14",100
"2019-04-09 02:41:16",100
"2019-04-09 03:41:15",100
"2019-04-09 04:41:14",100
"2019-04-09 05:41:17",100
"2019-04-09 06:41:13",100
"2019-04-09 07:41:13",100
"2019-04-09 08:41:16",100
"2019-04-09 09:41:22",100
"2019-04-09 10:41:14",100
"2019-04-09 11:41:15",100
"2019-04-09 13:06:27",100
"2019-04-09 13:41:14",100
"2019-04-09 14:41:13",101
"2019-04-09 15:41:25",101
"2019-04-09 16:41:15",101
"2019-04-09 17:41:14",101
"2019-04-09 18:41:13",100
"2019-04-09 19:41:14",100
"2019-04-09 20:41:14",100
"2019-04-09 21:41:15",100
"2019-04-09 22:41:13",100
"2019-04-09 23:41:18",100
"2019-04-10 00:41:15",100
"2019-04-10 01:41:14",100
"2019-04-10 02:41:15",100
"2019-04-10 03:41:18",100
"2019-04-10 04:41:18",100
"2019-04-10 05:41:13",100
"2019-04-10 06:41:14",100
"2019-04-10 07:41:12",100
"2019-04-10 08:41:17",100
"2019-04-10 09:41:15",100
"2019-04-10 10:41:14",100
"2019-04-10 11:41:15",100
"2019-04-10 12:41:22",100
"2019-04-10 13:41:21",100
"2019-04-10 14:41:15",100
"2019-04-10 15:41:17",99
"2019-04-10 16:41:16",98
"2019-04-10 17:41:16",98
"2019-04-10 18:41:19",98
"2019-04-10 19:41:17",98
"2019-04-10 20:41:14",98
"2019-04-10 21:41:14",98
"2019-04-10 22:41:13",98
"2019-04-10 23:41:22",98
"2019-04-11 00:41:15",98
"2019-04-11 01:41:12",98
"2019-04-11 02:41:15",98
"2019-04-11 03:41:17",98
"2019-04-11 04:41:16",98
"2019-04-11 05:41:15",98
"2019-04-11 06:41:11",98
"2019-04-11 18:41:17",99
"2019-04-11 19:41:24",99
"2019-04-11 20:41:14",99
"2019-04-11 21:41:16",99
"2019-04-11 22:41:15",99
"2019-04-11 23:41:15",99
"2019-04-12 00:41:14",99
"2019-04-12 01:41:15",99
"2019-04-12 02:41:20",99
"2019-04-12 03:41:16",99
"2019-04-12 04:41:16",99
"2019-04-12 05:41:16",99
"2019-04-12 06:41:13",99
"2019-04-12 07:41:14",99
"2019-04-12 08:41:14",99
"2019-04-12 09:41:18",99
"2019-04-12 10:41:14",99
"2019-04-12 11:41:14",99
"2019-04-12 13:04:54",99
"2019-04-12 13:41:16",99
"2019-04-12 14:41:12",99
"2019-04-12 15:41:17",99
"2019-04-12 16:41:17",99
"2019-04-12 17:41:15",99
"2019-04-12 18:41:14",100
"2019-04-12 19:41:14",99
"2019-04-12 20:41:14",100
"2019-04-12 21:41:13",100
"2019-04-12 22:41:21",100
"2019-04-12 23:41:14",100
"2019-04-13 00:41:17",100
"2019-04-13 01:41:14",100
"2019-04-13 02:41:16",100
"2019-04-13 03:41:23",100
"2019-04-13 04:41:16",100
"2019-04-13 05:41:17",100
"2019-04-13 06:41:16",100
"2019-04-13 07:41:12",100
"2019-04-13 08:41:14",100
"2019-04-13 09:41:18",100
"2019-04-13 10:41:14",100
"2019-04-13 11:41:15",100
"2019-04-13 12:41:14",100
"2019-04-13 13:41:14",100
"2019-04-13 14:41:17",100
"2019-04-13 15:41:16",100
"2019-04-13 16:41:16",100
"2019-04-13 17:41:13",100
"2019-04-13 18:41:15",100
"2019-04-13 19:41:15",100
"2019-04-13 20:41:14",100
"2019-04-13 21:41:18",100
"2019-04-13 22:41:14",100
"2019-04-13 23:41:14",100
"2019-04-14 00:41:16",100
"2019-04-14 01:41:18",100
"2019-04-14 02:41:14",100
"2019-04-14 03:41:13",100
"2019-04-14 04:41:21",100
"2019-04-14 05:41:14",100
"2019-04-14 06:41:15",100
"2019-04-14 07:41:18",100
"2019-04-14 08:41:15",100
"2019-04-14 09:41:17",100
"2019-04-14 10:41:12",100
"2019-04-14 11:41:17",100
"2019-04-14 12:41:13",100
"2019-04-14 13:41:15",100
"2019-04-14 14:41:20",100
"2019-04-14 15:41:18",100
"2019-04-14 16:41:17",100
"2019-04-14 17:41:15",100
"2019-04-14 18:41:15",100
"2019-04-14 19:41:16",100
"2019-04-14 20:41:17",100
"2019-04-14 21:41:21",100
"2019-04-14 22:41:14",100
"2019-04-14 23:41:17",100
"2019-04-15 00:41:15",100
"2019-04-15 01:41:14",100
"2019-04-15 02:41:15",100
"2019-04-15 03:41:22",100
"2019-04-15 04:41:15",100
"2019-04-15 05:41:16",100
"2019-04-15 06:41:12",100
"2019-04-15 07:41:14",100
"2019-04-15 08:41:17",100
"2019-04-15 09:41:13",100
"2019-04-15 10:41:14",100
"2019-04-15 11:41:15",100
"2019-04-15 13:06:52",100
"2019-04-15 13:41:13",100
"2019-04-15 14:41:15",102
"2019-04-15 15:41:19",100
"2019-04-15 16:41:15",99
"2019-04-15 17:41:18",97
"2019-04-15 18:41:19",98
"2019-04-15 19:41:28",98
"2019-04-15 20:41:15",99
"2019-04-15 21:41:15",99
"2019-04-15 22:41:18",99
"2019-04-15 23:41:19",99
"2019-04-16 00:41:18",99
"2019-04-16 01:41:15",99
"2019-04-16 02:41:17",99
"2019-04-16 03:41:20",99
"2019-04-16 04:41:16",99
"2019-04-16 05:41:16",99
"2019-04-16 06:41:16",99
"2019-04-16 07:41:14",99
"2019-04-16 08:41:26",99
"2019-04-16 09:41:14",99
"2019-04-16 10:41:20",99
"2019-04-16 11:41:16",99
"2019-04-16 13:05:19",99
"2019-04-16 13:41:16",99
"2019-04-16 14:41:19",98
"2019-04-16 15:41:14",97
"2019-04-16 16:41:15",95
"2019-04-16 17:41:13",95
"2019-04-16 18:41:19",94
"2019-04-16 19:41:17",94
"2019-04-16 20:41:17",95
"2019-04-16 21:41:13",95
"2019-04-16 22:41:14",95
"2019-04-16 23:41:14",95
"2019-04-17 00:41:15",95
"2019-04-17 01:41:16",95
"2019-04-17 02:41:19",95
"2019-04-17 03:41:15",95
"2019-04-17 04:41:16",95
"2019-04-17 05:41:16",95
"2019-04-17 06:41:27",95
"2019-04-17 07:41:17",95
"2019-04-17 08:41:14",95
"2019-04-17 09:41:19",95
"2019-04-17 10:41:14",95
"2019-04-17 11:41:16",95
"2019-04-17 13:06:19",95
"2019-04-17 13:41:17",95
"2019-04-17 14:41:15",96
"2019-04-17 15:41:22",97
"2019-04-17 16:41:14",96
"2019-04-17 17:41:20",97
"2019-04-17 18:41:15",98
"2019-04-17 19:41:15",98
"2019-04-17 20:41:16",97
"2019-04-17 21:41:15",97
"2019-04-17 22:41:15",97
"2019-04-17 23:41:20",97
"2019-04-18 00:41:14",97
"2019-04-18 01:41:16",97
"2019-04-18 02:41:14",97
"2019-04-18 03:41:22",97
"2019-04-18 04:41:15",97
"2019-04-18 05:41:21",97
"2019-04-18 06:41:15",97
"2019-04-18 07:41:14",97
"2019-04-18 08:41:19",97
"2019-04-18 09:41:15",97
"2019-04-18 10:41:17",97
"2019-04-18 11:41:18",97
"2019-04-18 13:06:19",97
"2019-04-18 13:41:16",97
"2019-04-18 14:41:20",96
"2019-04-18 15:41:17",96
"2019-04-18 16:41:17",96
"2019-04-18 17:41:22",96
"2019-04-18 18:41:16",96
"2019-04-18 19:41:15",96
"2019-04-18 20:41:16",96
"2019-04-18 21:41:18",96
"2019-04-18 22:41:16",96
"2019-04-18 23:41:20",96
"2019-04-19 00:41:46",96
"2019-04-19 02:41:16",96
"2019-04-19 03:41:22",96
"2019-04-19 04:41:15",96
"2019-04-19 05:41:15",96
"2019-04-19 06:41:17",96
"2019-04-19 07:41:20",96
"2019-04-19 08:41:19",96
"2019-04-19 09:41:17",96
"2019-04-19 10:41:19",96
"2019-04-19 11:41:15",96
"2019-04-19 12:41:16",96
"2019-04-19 13:41:19",96
"2019-04-19 14:41:20",96
"2019-04-19 15:41:15",96
"2019-04-19 16:41:17",96
"2019-04-19 17:41:20",96
"2019-04-19 18:41:16",96
"2019-04-19 19:41:15",96
"2019-04-19 20:41:15",96
"2019-04-19 21:41:15",96
"2019-04-19 22:41:16",96
"2019-04-19 23:41:17",96
"2019-04-20 00:41:21",96
"2019-04-20 01:41:18",96
"2019-04-20 02:41:17",96
"2019-04-20 03:41:16",96
"2019-04-20 04:41:20",96
"2019-04-20 05:41:16",96
"2019-04-20 06:41:16",96
"2019-04-20 07:41:18",96
"2019-04-20 08:41:17",96
"2019-04-20 09:41:20",96
"2019-04-20 10:41:16",96
"2019-04-20 11:41:14",96
"2019-04-20 12:41:24",96
"2019-04-20 13:41:49",96
"2019-04-20 14:41:17",96
"2019-04-20 15:41:14",96
"2019-04-20 16:41:18",96
"2019-04-20 17:41:19",96
"2019-04-20 18:41:16",96
"2019-04-20 19:41:16",96
"2019-04-20 20:41:16",96
"2019-04-20 21:41:14",96
"2019-04-20 22:41:16",96
"2019-04-20 23:41:22",96
"2019-04-21 00:41:16",96
"2019-04-21 01:41:15",96
"2019-04-21 02:41:18",96
"2019-04-21 03:41:17",96
"2019-04-21 04:41:18",96
"2019-04-21 05:41:16",96
"2019-04-21 06:41:15",96
"2019-04-21 07:41:21",96
"2019-04-21 08:41:15",96
"2019-04-21 09:41:14",96
"2019-04-21 10:41:17",96
"2019-04-21 11:41:16",96
"2019-04-21 12:41:16",96
"2019-04-21 13:41:15",96
"2019-04-21 14:41:20",96
"2019-04-21 15:41:16",96
"2019-04-21 16:41:17",96
"2019-04-21 17:41:17",96
"2019-04-21 18:41:15",96
"2019-04-21 19:41:21",96
"2019-04-21 20:41:14",96
"2019-04-21 21:41:16",96
"2019-04-21 22:41:15",96
"2019-04-21 23:41:15",96
"2019-04-22 00:41:16",96
"2019-04-22 01:41:18",96
"2019-04-22 02:41:23",96
"2019-04-22 03:41:17",96
"2019-04-22 04:41:14",96
"2019-04-22 05:41:14",96
"2019-04-22 06:41:17",96
"2019-04-22 07:41:17",96
"2019-04-22 08:41:16",96
"2019-04-22 09:41:14",96
"2019-04-22 10:41:20",96
"2019-04-22 11:41:19",96
"2019-04-22 13:06:51",96
"2019-04-22 13:41:17",96
"2019-04-22 14:41:18",90
"2019-04-22 15:41:16",90
"2019-04-22 16:41:15",90
"2019-04-22 17:41:17",90
"2019-04-22 18:41:18",90
"2019-04-22 19:41:19",89
"2019-04-22 20:41:17",89
"2019-04-22 21:41:17",89
"2019-04-22 22:41:17",89
"2019-04-22 23:41:19",89
"2019-04-23 00:41:19",89
"2019-04-23 01:41:14",89
"2019-04-23 02:41:15",89
"2019-04-23 03:41:18",89
"2019-04-23 04:41:19",89
"2019-04-23 05:41:17",89
"2019-04-23 06:41:20",89
"2019-04-23 07:41:16",89
"2019-04-23 08:41:13",89
"2019-04-23 09:41:16",89
"2019-04-23 10:41:17",89
"2019-04-23 11:41:19",89
"2019-04-23 13:07:20",89
"2019-04-23 13:41:16",89
"2019-04-23 14:41:14",88
"2019-04-23 15:41:18",88
"2019-04-23 16:41:17",88
"2019-04-23 17:41:16",88
"2019-04-23 18:41:15",88
"2019-04-23 19:41:16",88
"2019-04-23 20:41:23",88
"2019-04-23 21:41:19",88
"2019-04-23 22:41:16",88
"2019-04-23 23:41:17",88
"2019-04-24 00:41:15",88
"2019-04-24 01:41:17",88
"2019-04-24 02:41:20",88
"2019-04-24 03:41:17",88
"2019-04-24 04:41:16",88
"2019-04-24 05:41:15",88
"2019-04-24 06:41:18",88
"2019-04-24 07:41:20",88
"2019-04-24 08:41:15",88
"2019-04-24 09:41:17",88
"2019-04-24 10:41:20",88
"2019-04-24 11:41:20",88
"2019-04-24 12:41:15",88
"2019-04-24 13:41:26",88
"2019-04-24 14:41:19",88
"2019-04-24 15:41:17",90
"2019-04-24 16:41:16",90
"2019-04-24 17:41:18",90
"2019-04-24 18:41:25",89
"2019-04-24 19:41:17",88
"2019-04-24 20:41:18",90
"2019-04-24 21:41:17",90
"2019-04-24 22:41:15",90
"2019-04-24 23:41:24",90
"2019-04-25 00:41:19",90
"2019-04-25 01:41:18",90
"2019-04-25 02:41:17",90
"2019-04-25 03:41:22",90
"2019-04-25 04:41:17",90
"2019-04-25 05:41:16",90
"2019-04-25 06:41:19",90
"2019-04-25 07:41:15",90
"2019-04-25 08:41:21",90
"2019-04-25 09:41:17",90
"2019-04-25 10:41:20",90
"2019-04-25 11:41:18",90
"2019-04-25 13:05:51",90
"2019-04-25 13:41:18",90
"2019-04-25 14:41:20",92
"2019-04-25 15:41:16",93
"2019-04-25 16:41:20",93
"2019-04-25 17:41:15",93
"2019-04-25 18:41:15",94
"2019-04-25 19:41:19",95
"2019-04-25 20:41:16",96
"2019-04-25 21:41:22",96
"2019-04-25 22:41:16",96
"2019-04-25 23:41:15",96
"2019-04-26 00:41:17",96
"2019-04-26 01:41:20",96
"2019-04-26 02:41:17",96
"2019-04-26 03:41:18",96
"2019-04-26 04:41:17",96
"2019-04-26 05:41:18",96
"2019-04-26 06:41:18",96
"2019-04-26 07:41:15",96
"2019-04-26 08:41:21",96
"2019-04-26 09:41:15",96
"2019-04-26 10:41:22",96
"2019-04-26 11:41:15",96
"2019-04-26 12:41:16",96
"2019-04-26 13:41:20",96
"2019-04-26 14:41:16",93
"2019-04-26 15:41:20",93
"2019-04-26 16:41:15",94
"2019-04-26 17:41:17",92
"2019-04-26 18:41:17",92
"2019-04-26 19:41:14",93
"2019-04-26 20:41:20",93
"2019-04-26 21:41:16",93
"2019-04-26 22:41:16",93
"2019-04-26 23:41:16",93
"2019-04-27 00:41:16",93
"2019-04-27 01:41:19",93
"2019-04-27 02:41:15",93
"2019-04-27 03:41:15",93
"2019-04-27 04:41:14",93
"2019-04-27 05:41:17",93
"2019-04-27 06:41:19",93
"2019-04-27 07:41:14",93
"2019-04-27 08:41:15",93
"2019-04-27 09:41:18",93
"2019-04-27 10:41:16",93
"2019-04-27 11:41:14",93
"2019-04-27 12:41:15",93
"2019-04-27 13:41:16",93
"2019-04-27 14:41:15",93
"2019-04-27 15:41:14",93
"2019-04-27 16:41:16",93
"2019-04-27 17:41:22",93
"2019-04-27 18:41:16",93
"2019-04-27 19:41:13",93
"2019-04-27 20:41:16",93
"2019-04-27 21:41:16",93
"2019-04-27 22:41:14",93
"2019-04-27 23:41:14",93
"2019-04-28 00:41:14",93
"2019-04-28 01:41:16",93
"2019-04-28 02:41:15",93
"2019-04-28 03:41:14",93
"2019-04-28 04:41:20",93
"2019-04-28 05:41:15",93
"2019-04-28 06:41:14",93
"2019-04-28 07:41:14",93
"2019-04-28 08:41:19",93
"2019-04-28 09:41:15",93
"2019-04-28 10:41:19",93
"2019-04-28 11:41:16",93
"2019-04-28 12:41:15",93
"2019-04-28 13:41:14",93
"2019-04-28 14:41:18",93
"2019-04-28 15:41:16",93
"2019-04-28 16:41:13",93
"2019-04-28 17:41:15",93
"2019-04-28 18:41:15",93
"2019-04-28 19:41:20",93
"2019-04-28 20:41:14",93
"2019-04-28 21:41:16",93
"2019-04-28 22:41:15",93
"2019-04-28 23:41:17",93
"2019-04-29 00:41:18",93
"2019-04-29 01:41:14",93
"2019-04-29 02:41:14",93
"2019-04-29 03:41:17",93
"2019-04-29 04:41:19",93
"2019-04-29 05:41:14",93
"2019-04-29 06:41:15",93
"2019-04-29 07:41:16",93
"2019-04-29 08:41:20",93
"2019-04-29 09:41:17",93
"2019-04-29 10:41:15",93
"2019-04-29 11:41:15",93
"2019-04-29 12:41:19",93
"2019-04-29 13:41:14",93
"2019-04-29 14:41:18",95
"2019-04-29 15:41:14",96
"2019-04-29 16:41:18",96
"2019-04-29 17:41:16",96
"2019-04-29 18:41:16",97
"2019-04-29 19:41:17",97
"2019-04-29 20:41:22",98
"2019-04-29 21:41:15",98
"2019-04-29 22:41:14",98
"2019-04-29 23:41:17",98
"2019-04-30 00:41:14",98
"2019-04-30 01:41:16",98
"2019-04-30 02:41:19",98
"2019-04-30 03:41:20",98
"2019-04-30 04:41:17",98
"2019-04-30 05:41:17",98
"2019-04-30 06:41:15",98
"2019-04-30 07:41:17",98
"2019-04-30 08:41:16",98
"2019-04-30 09:41:21",98
"2019-04-30 10:41:15",98
"2019-04-30 11:41:17",98
"2019-04-30 13:05:21",98
"2019-04-30 13:41:20",98
"2019-04-30 14:41:18",97
"2019-04-30 15:41:21",97
"2019-04-30 16:41:20",97
"2019-04-30 17:41:23",98
"2019-04-30 18:41:18",98
"2019-04-30 19:41:21",98
"2019-04-30 20:41:18",98
"2019-04-30 21:41:18",98
"2019-04-30 22:41:15",98
"2019-04-30 23:41:20",98
"2019-05-01 00:41:14",98
"2019-05-01 01:41:23",98
"2019-05-01 02:41:19",98
"2019-05-01 03:41:22",98
"2019-05-01 04:41:22",98
"2019-05-01 05:41:19",98
"2019-05-01 06:41:16",98
"2019-05-01 07:41:19",98
"2019-05-01 08:41:19",98
"2019-05-01 09:41:20",98
"2019-05-01 10:41:17",98
"2019-05-01 11:41:16",98
"2019-05-01 13:05:21",98
"2019-05-01 13:41:20",98
"2019-05-01 14:41:14",96
"2019-05-01 15:41:21",96
"2019-05-01 16:41:19",96
"2019-05-01 17:41:16",96
"2019-05-01 18:41:19",96
"2019-05-01 19:41:23",96
"2019-05-01 20:41:20",96
"2019-05-01 21:41:17",96
"2019-05-01 22:41:20",96
"2019-05-01 23:41:21",96
"2019-05-02 00:41:21",96
"2019-05-02 01:41:17",96
"2019-05-02 02:41:21",96
"2019-05-02 03:41:18",96
"2019-05-02 04:41:22",96
"2019-05-02 05:41:24",96
"2019-05-02 06:41:22",96
"2019-05-02 07:41:19",96
"2019-05-02 08:41:19",96
"2019-05-02 09:41:18",96
"2019-05-02 10:41:20",96
"2019-05-02 11:41:17",96
"2019-05-02 13:41:23",96
"2019-05-02 14:41:16",94
"2019-05-02 15:41:17",93
"2019-05-02 16:41:22",93
"2019-05-02 17:41:17",93
"2019-05-02 18:41:17",92
"2019-05-02 19:41:23",92
"2019-05-02 20:41:18",92
"2019-05-02 21:41:19",92
"2019-05-02 22:41:23",92
"2019-05-02 23:41:16",92
"2019-05-03 00:41:18",92
"2019-05-03 01:41:23",92
"2019-05-03 02:41:19",92
"2019-05-03 03:41:23",92
"2019-05-03 04:41:17",92
"2019-05-03 05:41:30",92
"2019-05-03 06:41:20",92
"2019-05-03 07:41:21",92
"2019-05-03 08:41:20",92
"2019-05-03 09:41:21",92
"2019-05-03 10:41:23",92
"2019-05-03 11:41:20",92
"2019-05-03 13:04:26",92
"2019-05-03 13:41:28",92
"2019-05-03 14:41:22",90
"2019-05-03 15:41:20",90
"2019-05-03 16:41:22",90
"2019-05-03 17:41:23",90
"2019-05-03 18:41:25",90
"2019-05-03 19:41:25",90
"2019-05-03 20:41:17",89
"2019-05-03 21:41:27",89
"2019-05-03 22:41:18",89
"2019-05-03 23:41:24",89
"2019-05-04 00:41:21",89
"2019-05-04 01:41:21",89
"2019-05-04 02:41:23",89
"2019-05-04 03:41:27",89
"2019-05-04 04:41:21",89
"2019-05-04 05:41:22",89
"2019-05-04 06:41:23",89
"2019-05-04 07:41:22",89
"2019-05-04 08:41:18",89
"2019-05-04 09:41:21",89
"2019-05-04 10:41:17",89
"2019-05-04 11:41:21",89
"2019-05-04 12:41:24",89
"2019-05-04 13:41:23",89
"2019-05-04 14:41:18",89
"2019-05-04 15:41:18",89
"2019-05-04 16:41:22",89
"2019-05-04 17:41:18",89
"2019-05-04 18:41:17",89
"2019-05-04 19:41:21",89
"2019-05-04 20:41:17",89
"2019-05-04 21:41:19",89
"2019-05-04 22:41:17",89
"2019-05-04 23:41:23",89
"2019-05-05 00:41:20",89
"2019-05-05 01:41:22",89
"2019-05-05 02:41:18",89
"2019-05-05 03:41:20",89
"2019-05-05 04:41:22",89
"2019-05-05 05:41:23",89
"2019-05-05 06:41:23",89
"2019-05-05 07:41:20",89
"2019-05-05 08:41:17",89
"2019-05-05 09:41:18",89
"2019-05-05 10:41:21",89
"2019-05-05 11:41:21",89
"2019-05-05 12:41:20",89
"2019-05-05 13:41:20",89
"2019-05-05 14:41:21",89
"2019-05-05 15:41:19",89
"2019-05-05 16:41:18",89
"2019-05-05 17:41:23",89
"2019-05-05 18:41:19",89
"2019-05-05 19:41:17",89
"2019-05-05 20:41:20",89
"2019-05-05 21:41:17",89
"2019-05-05 22:41:21",89
"2019-05-05 23:41:22",89
"2019-05-06 00:41:18",89
"2019-05-06 01:41:17",89
"2019-05-06 02:41:18",89
"2019-05-06 03:41:21",89
"2019-05-06 04:41:16",89
"2019-05-06 05:41:17",89
"2019-05-06 06:41:16",89
"2019-05-06 07:41:22",89
"2019-05-06 08:41:18",89
"2019-05-06 09:41:16",89
"2019-05-06 10:41:21",89
"2019-05-06 11:41:20",89
"2019-05-06 13:06:28",89
"2019-05-06 13:41:26",89
"2019-05-06 14:41:25",89
"2019-05-06 15:41:18",89
"2019-05-06 16:41:21",89
"2019-05-06 17:33:10",90
"2019-05-06 17:41:19",90
"2019-05-06 18:41:20",89
"2019-05-06 19:41:22",89
"2019-05-06 20:41:17",89
"2019-05-06 21:41:17",89
"2019-05-06 22:41:20",89
"2019-05-06 23:41:17",89
"2019-05-07 00:41:19",89
"2019-05-07 01:41:25",89
"2019-05-07 02:41:18",89
"2019-05-07 03:41:21",89
"2019-05-07 04:41:20",89
"2019-05-07 05:41:19",89
"2019-05-07 06:41:17",89
"2019-05-07 07:41:19",89
"2019-05-07 08:41:16",89
"2019-05-07 09:41:21",89
"2019-05-07 10:41:19",89
"2019-05-07 11:41:17",89
"2019-05-07 12:41:23",89
"2019-05-07 13:41:21",89
"2019-05-07 14:41:17",89
"2019-05-07 15:41:16",90
"2019-05-07 16:41:18",90
"2019-05-07 17:41:21",89
"2019-05-07 18:41:19",89
"2019-05-07 19:41:22",88
"2019-05-07 20:41:19",88
"2019-05-07 21:41:18",88
"2019-05-07 22:41:18",88
"2019-05-07 23:41:21",88
"2019-05-08 00:41:17",88
"2019-05-08 01:41:19",88
"2019-05-08 02:41:18",88
"2019-05-08 03:41:23",88
"2019-05-08 04:41:20",88
"2019-05-08 05:41:19",88
"2019-05-08 06:41:20",88
"2019-05-08 07:41:18",88
"2019-05-08 08:41:17",88
"2019-05-08 09:41:23",88
"2019-05-08 10:41:18",88
"2019-05-08 11:41:21",88
"2019-05-08 13:05:23",88
"2019-05-08 13:41:19",88
"2019-05-08 14:41:21",88
"2019-05-08 15:41:21",87
"2019-05-08 16:41:20",87
"2019-05-08 17:41:21",87
"2019-05-08 18:41:24",87
"2019-05-08 19:41:19",87
"2019-05-08 20:41:17",87
"2019-05-08 21:41:19",87
"2019-05-08 22:41:17",87
"2019-05-08 23:41:26",87
"2019-05-09 00:41:18",87
"2019-05-09 01:41:20",87
"2019-05-09 02:41:20",87
"2019-05-09 03:41:25",87
"2019-05-09 04:41:24",87
"2019-05-09 05:41:20",87
"2019-05-09 06:41:21",87
"2019-05-09 07:41:21",87
"2019-05-09 08:41:20",87
"2019-05-09 09:41:24",87
"2019-05-09 10:41:18",87
"2019-05-09 11:41:22",87
"2019-05-09 13:04:52",87
"2019-05-09 13:41:20",87
"2019-05-09 14:41:18",88
"2019-05-09 15:41:23",87
"2019-05-09 16:41:19",87
"2019-05-09 17:41:24",87
"2019-05-09 18:41:19",87
"2019-05-09 19:41:20",87
"2019-05-09 20:41:20",87
"2019-05-09 21:41:18",87
"2019-05-09 22:41:24",87
"2019-05-09 23:41:18",87
"2019-05-10 00:41:17",87
"2019-05-10 01:41:21",87
"2019-05-10 02:41:24",87
"2019-05-10 03:41:17",87
"2019-05-10 04:41:24",87
"2019-05-10 05:41:18",87
"2019-05-10 06:41:18",87
"2019-05-10 07:41:17",87
"2019-05-10 08:41:22",87
"2019-05-10 09:41:19",87
"2019-05-10 10:41:20",87
"2019-05-10 11:41:18",87
"2019-05-10 12:41:25",87
"2019-05-10 13:41:19",87
"2019-05-10 14:41:23",87
"2019-05-10 15:41:19",86
"2019-05-10 16:41:19",85
"2019-05-10 17:41:19",85
"2019-05-10 18:41:24",85
"2019-05-10 19:41:19",85
"2019-05-10 20:41:18",85
"2019-05-10 21:41:19",85
"2019-05-10 22:41:21",85
"2019-05-10 23:41:20",85
"2019-05-11 00:41:26",85
"2019-05-11 01:41:19",85
"2019-05-11 02:41:24",85
"2019-05-11 03:41:18",85
"2019-05-11 04:41:20",85
"2019-05-11 05:41:28",85
"2019-05-11 06:41:18",85
"2019-05-11 07:41:18",85
"2019-05-11 08:41:23",85
"2019-05-11 09:41:19",85
"2019-05-11 10:41:25",85
"2019-05-11 11:41:19",85
"2019-05-11 12:41:18",85
"2019-05-11 13:41:22",85
"2019-05-11 14:41:18",85
"2019-05-11 15:41:20",85
"2019-05-11 16:41:26",85
"2019-05-11 17:41:20",85
"2019-05-11 18:41:21",85
"2019-05-11 19:41:20",85
"2019-05-11 20:41:19",85
"2019-05-11 21:41:20",85
"2019-05-11 22:41:22",85
"2019-05-11 23:41:20",85
"2019-05-12 00:41:19",85
"2019-05-12 01:41:20",85
"2019-05-12 02:41:20",85
"2019-05-12 03:41:24",85
"2019-05-12 04:41:18",85
"2019-05-12 05:41:21",85
"2019-05-12 06:41:19",85
"2019-05-12 07:41:23",85
"2019-05-12 08:41:19",85
"2019-05-12 09:41:22",85
"2019-05-12 10:41:18",85
"2019-05-12 11:41:19",85
"2019-05-12 12:41:18",85
"2019-05-12 13:41:23",85
"2019-05-12 14:41:19",85
"2019-05-12 15:41:20",85
"2019-05-12 16:41:21",85
"2019-05-12 17:41:24",85
"2019-05-12 18:41:19",85
"2019-05-12 19:41:19",85
"2019-05-12 20:41:19",85
"2019-05-12 21:41:17",85
"2019-05-12 22:41:24",85
"2019-05-12 23:41:18",85
"2019-05-13 00:41:20",85
"2019-05-13 01:41:18",85
"2019-05-13 02:41:18",85
"2019-05-13 03:41:22",85
"2019-05-13 04:41:18",85
"2019-05-13 05:41:17",85
"2019-05-13 06:41:22",85
"2019-05-13 07:41:17",85
"2019-05-13 08:41:18",85
"2019-05-13 09:41:19",85
"2019-05-13 10:41:22",85
"2019-05-13 11:41:19",85
"2019-05-13 13:04:52",86
"2019-05-13 13:41:19",86
"2019-05-13 14:41:19",86
"2019-05-13 15:41:23",86
"2019-05-13 16:41:19",86
"2019-05-13 17:41:19",86
"2019-05-13 18:41:21",86
"2019-05-13 19:41:21",86
"2019-05-13 20:41:18",86
"2019-05-13 21:41:20",86
"2019-05-13 22:41:18",86
"2019-05-13 23:41:18",86
"2019-05-14 00:41:33",86
"2019-05-14 01:41:18",86
"2019-05-14 02:41:20",86
"2019-05-14 03:41:24",86
"2019-05-14 04:41:20",86
"2019-05-14 05:41:18",86
"2019-05-14 06:41:23",86
"2019-05-14 07:41:22",86
"2019-05-14 08:41:21",86
"2019-05-14 09:41:23",86
"2019-05-14 10:41:19",86
"2019-05-14 11:41:19",86
"2019-05-14 13:04:24",86
"2019-05-14 13:41:22",86
"2019-05-14 14:41:19",85
"2019-05-14 15:41:21",85
"2019-05-14 16:41:20",86
"2019-05-14 17:41:17",86
"2019-05-14 18:41:20",86
"2019-05-14 19:41:18",86
"2019-05-14 20:41:19",86
"2019-05-14 21:41:18",86
"2019-05-14 22:41:22",86
"2019-05-14 23:41:20",86
"2019-05-15 00:41:19",86
"2019-05-15 01:41:19",86
"2019-05-15 02:41:17",86
"2019-05-15 03:41:21",86
"2019-05-15 04:41:20",86
"2019-05-15 05:41:21",86
"2019-05-15 06:41:22",86
"2019-05-15 07:41:20",86
"2019-05-15 08:41:21",86
"2019-05-15 09:41:23",86
"2019-05-15 10:41:25",86
"2019-05-15 11:41:19",86
"2019-05-15 13:05:25",86
"2019-05-15 13:41:21",86
"2019-05-15 14:41:20",86
"2019-05-15 15:41:18",86
"2019-05-15 16:41:22",86
"2019-05-15 17:41:20",87
"2019-05-15 18:41:22",87
"2019-05-15 19:41:20",87
"2019-05-15 20:41:20",87
"2019-05-15 21:41:21",87
"2019-05-15 22:41:19",87
"2019-05-15 23:41:19",87
"2019-05-16 00:41:19",87
"2019-05-16 01:41:22",87
"2019-05-16 02:41:23",87
"2019-05-16 03:41:18",87
"2019-05-16 04:41:19",87
"2019-05-16 05:41:22",87
"2019-05-16 06:41:21",87
"2019-05-16 07:41:23",87
"2019-05-16 08:41:21",87
"2019-05-16 09:41:22",87
"2019-05-16 10:41:29",87
"2019-05-16 11:41:20",87
"2019-05-16 13:04:24",87
"2019-05-16 13:41:31",87
"2019-05-16 14:41:22",87
"2019-05-16 15:41:20",87
"2019-05-16 16:41:24",86
"2019-05-16 17:41:22",86
"2019-05-16 18:41:24",86
"2019-05-16 19:41:24",86
"2019-05-16 20:41:20",86
"2019-05-16 21:41:23",86
"2019-05-16 22:41:23",86
"2019-05-16 23:41:22",86
"2019-05-17 00:41:28",86
"2019-05-17 01:41:23",86
"2019-05-17 02:41:21",86
"2019-05-17 03:41:21",86
"2019-05-17 04:41:21",86
"2019-05-17 05:41:22",86
"2019-05-17 06:41:27",86
"2019-05-17 07:41:23",86
"2019-05-17 08:41:27",86
"2019-05-17 09:41:26",86
"2019-05-17 10:41:21",86
"2019-05-17 11:41:24",86
"2019-05-17 13:05:56",86
"2019-05-17 13:41:28",86
"2019-05-17 14:41:23",86
"2019-05-17 15:41:21",86
"2019-05-17 16:41:24",85
"2019-05-17 17:41:22",85
"2019-05-17 18:41:20",85
"2019-05-17 19:41:24",85
"2019-05-17 20:41:21",86
"2019-05-17 21:41:22",86
"2019-05-17 22:41:21",86
"2019-05-17 23:41:22",86
"2019-05-18 00:41:22",86
"2019-05-18 01:41:23",86
"2019-05-18 02:41:22",86
"2019-05-18 04:41:18",86
"2019-05-18 05:41:17",86
"2019-05-18 06:41:19",86
"2019-05-18 07:41:17",86
"2019-05-18 08:41:17",86
"2019-05-18 09:41:17",86
"2019-05-18 10:41:16",86
"2019-05-18 11:41:18",86
"2019-05-18 12:41:17",86
"2019-05-18 13:41:18",86
"2019-05-18 14:41:17",86
"2019-05-18 15:41:19",86
"2019-05-18 16:41:17",86
"2019-05-18 17:41:18",86
"2019-05-18 18:41:16",86
"2019-05-18 19:41:17",86
"2019-05-18 20:41:17",86
"2019-05-18 21:41:17",86
"2019-05-18 22:41:17",86
"2019-05-18 23:41:16",86
"2019-05-19 00:41:16",86
"2019-05-19 01:41:16",86
"2019-05-19 02:41:17",86
"2019-05-19 03:41:16",86
"2019-05-19 04:41:18",86
"2019-05-19 05:41:17",86
"2019-05-19 06:41:17",86
"2019-05-19 07:41:17",86
"2019-05-19 08:41:16",86
"2019-05-19 09:41:16",86
"2019-05-19 10:41:16",86
"2019-05-19 11:41:17",86
"2019-05-19 12:41:18",86
"2019-05-19 13:41:18",86
"2019-05-19 14:41:16",86
"2019-05-19 15:41:16",86
"2019-05-19 16:41:18",86
"2019-05-19 17:41:17",86
"2019-05-19 18:41:17",86
"2019-05-19 19:41:17",86
"2019-05-19 20:41:17",86
"2019-05-19 21:41:18",86
"2019-05-19 22:41:17",86
"2019-05-19 23:41:17",86
"2019-05-20 00:41:18",86
"2019-05-20 01:41:17",86
"2019-05-20 02:41:19",86
"2019-05-20 03:41:17",86
"2019-05-20 04:41:19",86
"2019-05-20 05:41:19",86
"2019-05-20 06:41:18",86
"2019-05-20 07:41:18",86
"2019-05-20 08:41:17",86
"2019-05-20 09:41:18",86
"2019-05-20 10:41:17",86
"2019-05-20 11:41:18",86
"2019-05-20 12:41:19",86
"2019-05-20 13:41:18",86
"2019-05-20 14:41:18",86
"2019-05-20 15:41:16",86
"2019-05-20 16:41:18",87
"2019-05-20 17:41:18",87
"2019-05-20 18:41:16",87
"2019-05-20 19:41:17",87
"2019-05-20 20:41:17",87
"2019-05-20 21:41:17",87
"2019-05-20 22:41:17",87
"2019-05-20 23:41:20",87
"2019-05-21 00:41:17",87
"2019-05-21 01:41:18",87
"2019-05-21 02:41:17",87
"2019-05-21 03:41:17",87
"2019-05-21 04:41:18",87
"2019-05-21 05:41:17",87
"2019-05-21 06:41:16",87
"2019-05-21 07:41:18",87
"2019-05-21 08:41:17",87
"2019-05-21 09:41:15",87
"2019-05-21 10:41:17",87
"2019-05-21 11:41:17",87
"2019-05-21 13:05:20",87
"2019-05-21 13:41:17",87
"2019-05-21 14:41:18",87
"2019-05-21 15:41:16",87
"2019-05-21 16:41:16",88
"2019-05-21 17:41:16",88
"2019-05-21 18:41:17",88
"2019-05-21 19:41:16",88
"2019-05-21 20:41:17",88
"2019-05-21 21:41:17",88
"2019-05-21 22:41:19",88
"2019-05-21 23:41:17",88
"2019-05-22 00:41:16",88
"2019-05-22 01:41:17",88
"2019-05-22 02:41:16",88
"2019-05-22 03:41:17",88
"2019-05-22 04:41:18",88
"2019-05-22 05:41:18",88
"2019-05-22 06:41:17",88
"2019-05-22 07:41:17",88
"2019-05-22 08:41:19",88
"2019-05-22 09:41:21",88
"2019-05-22 10:41:16",88
"2019-05-22 11:41:17",88
"2019-05-22 12:41:17",88
"2019-05-22 13:41:17",88
"2019-05-22 14:41:17",87
"2019-05-22 15:41:19",88
"2019-05-22 16:41:17",88
"2019-05-22 17:41:16",88
"2019-05-22 18:41:17",88
"2019-05-22 19:41:16",88
"2019-05-22 20:41:16",88
"2019-05-22 21:41:17",88
"2019-05-22 22:41:17",88
"2019-05-22 23:41:16",88
"2019-05-23 00:41:17",88
"2019-05-23 01:41:16",88
"2019-05-23 02:41:17",88
"2019-05-23 03:41:16",88
"2019-05-23 04:41:20",88
"2019-05-23 05:41:16",88
"2019-05-23 06:41:17",88
"2019-05-23 07:41:18",88
"2019-05-23 08:41:17",88
"2019-05-23 09:41:17",88
"2019-05-23 10:41:17",88
"2019-05-23 11:41:16",88
"2019-05-23 12:41:19",88
"2019-05-23 13:41:18",88
"2019-05-23 14:41:18",88
"2019-05-23 15:41:17",87
"2019-05-23 16:41:17",87
"2019-05-23 17:41:18",86
"2019-05-23 18:41:18",86
"2019-05-23 19:41:19",86
"2019-05-23 20:41:18",85
"2019-05-23 21:41:18",85
"2019-05-23 22:41:18",85
"2019-05-23 23:41:18",85
"2019-05-24 00:41:18",85
"2019-05-24 01:41:18",85
"2019-05-24 02:41:17",85
"2019-05-24 03:41:17",85
"2019-05-24 04:41:18",85
"2019-05-24 05:41:20",85
"2019-05-24 06:41:18",85
"2019-05-24 07:41:17",85
"2019-05-24 08:41:18",85
"2019-05-24 09:41:19",85
"2019-05-24 10:41:19",85
"2019-05-24 11:41:18",85
"2019-05-24 13:05:21",85
"2019-05-24 13:41:18",85
"2019-05-24 14:41:19",85
"2019-05-24 15:41:18",85
"2019-05-24 16:41:17",85
"2019-05-24 17:41:19",85
"2019-05-24 18:41:19",85
"2019-05-24 19:41:19",85
"2019-05-24 20:41:19",85
"2019-05-24 21:41:20",85
"2019-05-24 22:41:19",85
"2019-05-24 23:41:20",85
"2019-05-25 00:41:18",85
"2019-05-25 01:41:18",85
"2019-05-25 04:41:18",85
"2019-05-26 04:41:19",85
"2019-05-26 05:41:19",85
"2019-05-26 06:41:18",85
"2019-05-26 07:41:20",85
"2019-05-26 08:41:17",85
"2019-05-26 09:41:17",85
"2019-05-26 10:41:18",85
"2019-05-26 11:41:18",85
"2019-05-26 12:41:17",85
"2019-05-26 13:41:17",85
"2019-05-26 14:41:19",85
"2019-05-26 15:41:17",85
"2019-05-26 16:41:18",85
"2019-05-26 17:41:20",85
"2019-05-26 18:41:18",85
"2019-05-26 19:41:17",85
"2019-05-26 20:41:17",85
"2019-05-26 21:41:18",85
"2019-05-26 22:41:18",85
"2019-05-26 23:41:17",85
"2019-05-27 00:41:17",85
"2019-05-27 01:41:18",85
"2019-05-27 02:41:17",85
"2019-05-27 03:41:19",85
"2019-05-27 04:41:19",85
"2019-05-27 05:41:18",85
"2019-05-27 06:41:18",85
"2019-05-27 07:41:22",85
"2019-05-27 08:41:21",85
"2019-05-27 09:41:20",85
"2019-05-27 10:41:18",85
"2019-05-27 11:41:17",85
"2019-05-27 12:41:17",85
"2019-05-27 13:41:18",85
"2019-05-27 14:41:18",85
"2019-05-27 15:41:18",85
"2019-05-27 16:41:18",85
"2019-05-27 17:41:19",85
"2019-05-27 18:41:18",85
"2019-05-27 19:41:17",85
"2019-05-27 20:41:17",85
"2019-05-27 21:41:18",85
"2019-05-27 22:41:17",85
"2019-05-27 23:41:17",85
"2019-05-28 00:41:18",85
"2019-05-28 01:41:18",85
"2019-05-28 02:41:19",85
"2019-05-28 03:41:18",85
"2019-05-28 04:41:18",85
"2019-05-28 05:41:17",85
"2019-05-28 06:41:22",85
"2019-05-28 07:41:19",85
"2019-05-28 08:41:18",85
"2019-05-28 09:41:19",85
"2019-05-28 10:41:18",85
"2019-05-28 11:41:17",85
"2019-05-28 12:41:18",85
"2019-05-28 13:41:19",85
"2019-05-28 14:41:19",85
"2019-05-28 15:41:18",84
"2019-05-28 16:41:19",84
"2019-05-28 17:41:21",84
"2019-05-28 18:41:19",85
"2019-05-28 19:41:19",84
"2019-05-28 20:41:19",84
"2019-05-28 21:41:19",84
"2019-05-28 22:41:18",84
"2019-05-28 23:41:19",84
"2019-05-29 00:41:19",84
"2019-05-29 01:41:18",84
"2019-05-29 02:41:19",84
"2019-05-29 03:41:18",84
"2019-05-29 04:41:18",84
"2019-05-29 05:41:21",84
"2019-05-29 06:41:19",84
"2019-05-29 07:41:21",84
"2019-05-29 08:41:18",84
"2019-05-29 09:41:22",84
"2019-05-29 10:41:19",84
"2019-05-29 11:41:18",84
"2019-05-29 13:04:22",84
"2019-05-29 13:41:20",84
"2019-05-29 14:41:21",85
"2019-05-29 15:41:19",84
"2019-05-29 16:41:19",84
"2019-05-29 17:41:20",84
"2019-05-29 18:41:19",84
"2019-05-29 19:41:21",84
"2019-05-29 20:41:18",83
"2019-05-29 21:41:19",83
"2019-05-29 22:41:19",83
"2019-05-29 23:41:19",83
"2019-05-30 00:41:18",83
"2019-05-30 01:41:19",83
"2019-05-30 02:41:20",83
"2019-05-30 03:41:19",83
"2019-05-30 04:41:19",83
"2019-05-30 05:41:21",83
"2019-05-30 06:41:19",83
"2019-05-30 07:41:19",83
"2019-05-30 08:41:21",83
"2019-05-30 09:41:20",83
"2019-05-30 10:41:18",83
"2019-05-30 11:41:19",83
"2019-05-30 12:41:21",83
"2019-05-30 13:41:18",83
"2019-05-30 14:41:20",83
"2019-05-30 15:41:20",83
"2019-05-30 16:41:18",83
"2019-05-30 17:41:19",83
"2019-05-30 18:41:19",82
"2019-05-30 19:41:19",82
"2019-05-30 20:41:18",83
"2019-05-30 21:41:18",83
"2019-05-30 22:41:20",83
"2019-05-30 23:41:18",83
"2019-05-31 00:41:17",83
"2019-05-31 01:41:19",83
"2019-05-31 02:41:18",83
"2019-05-31 03:41:18",83
"2019-05-31 04:41:18",83
"2019-05-31 05:41:18",83
"2019-05-31 06:41:20",83
"2019-05-31 07:41:18",83
"2019-05-31 08:41:18",83
"2019-05-31 09:41:20",83
"2019-05-31 10:41:19",83
"2019-05-31 11:41:18",83
"2019-05-31 12:42:03",83
"2019-05-31 13:41:19",83
"2019-05-31 14:41:19",85
"2019-05-31 15:41:19",86
"2019-05-31 16:41:18",86
"2019-05-31 17:41:22",86
"2019-05-31 18:41:19",85
"2019-05-31 19:41:18",85
"2019-05-31 20:41:18",85
"2019-05-31 21:41:19",85
"2019-05-31 22:41:18",85
"2019-05-31 23:41:18",85
"2019-06-01 00:41:18",85
"2019-06-01 01:41:18",85
"2019-06-01 02:41:18",85
"2019-06-01 03:41:18",85
"2019-06-01 04:41:18",85
"2019-06-01 05:41:19",85
"2019-06-01 06:41:21",85
"2019-06-01 07:41:18",85
"2019-06-01 08:41:18",85
"2019-06-01 09:41:18",85
"2019-06-01 10:41:19",85
"2019-06-01 11:41:18",85
"2019-06-01 12:41:18",85
"2019-06-01 13:41:18",85
"2019-06-01 14:41:19",85
"2019-06-01 15:41:20",85
"2019-06-01 16:41:18",85
"2019-06-01 17:41:19",85
"2019-06-01 18:41:19",85
"2019-06-01 19:41:20",85
"2019-06-01 20:41:18",85
"2019-06-01 21:41:19",85
"2019-06-01 22:41:19",85
"2019-06-01 23:41:19",85
"2019-06-02 00:41:20",85
"2019-06-02 01:41:21",85
"2019-06-02 02:41:19",85
"2019-06-02 03:41:19",85
"2019-06-02 04:41:18",85
"2019-06-02 05:41:22",85
"2019-06-02 06:41:19",85
"2019-06-02 07:41:19",85
"2019-06-02 08:41:19",85
"2019-06-02 09:41:18",85
"2019-06-02 10:41:19",85
"2019-06-02 11:41:19",85
"2019-06-02 12:41:21",85
"2019-06-02 13:41:19",85
"2019-06-02 14:41:19",85
"2019-06-02 15:41:17",85
"2019-06-02 16:41:18",85
"2019-06-02 17:41:19",85
"2019-06-02 18:41:19",85
"2019-06-02 19:41:19",85
"2019-06-02 20:41:18",85
"2019-06-02 21:41:19",85
"2019-06-02 22:41:19",85
"2019-06-02 23:41:18",85
"2019-06-03 00:41:19",85
"2019-06-03 01:41:21",85
"2019-06-03 02:41:19",85
"2019-06-03 03:41:19",85
"2019-06-03 04:41:18",85
"2019-06-03 05:41:19",85
"2019-06-03 06:41:19",85
"2019-06-03 07:41:19",85
"2019-06-03 08:41:20",85
"2019-06-03 09:41:19",85
"2019-06-03 10:41:20",85
"2019-06-03 11:41:20",85
"2019-06-03 12:41:18",85
"2019-06-03 13:41:20",85
"2019-06-03 14:41:21",86
"2019-06-03 15:41:20",86
"2019-06-03 16:41:19",86
"2019-06-03 17:41:19",86
"2019-06-03 18:41:22",86
"2019-06-03 19:41:21",86
"2019-06-03 20:41:19",87
"2019-06-03 21:41:21",87
"2019-06-03 22:41:20",87
"2019-06-03 23:41:22",87
"2019-06-04 00:41:20",87
"2019-06-04 01:41:20",87
"2019-06-04 02:41:20",87
"2019-06-04 03:41:20",87
"2019-06-04 04:41:20",87
"2019-06-04 05:41:20",87
"2019-06-04 06:41:20",87
"2019-06-04 07:41:19",87
"2019-06-04 08:41:22",87
"2019-06-04 09:41:19",87
"2019-06-04 10:41:21",87
"2019-06-04 11:41:20",87
"2019-06-04 13:03:52",87
"2019-06-04 13:41:20",87
"2019-06-04 14:41:22",87
"2019-06-04 15:41:20",87
"2019-06-04 16:41:20",87
"2019-06-04 17:41:21",86
"2019-06-04 18:41:20",86
"2019-06-04 19:41:20",86
"2019-06-04 20:41:20",86
"2019-06-04 21:41:19",86
"2019-06-04 22:41:20",86
"2019-06-04 23:41:22",86
"2019-06-05 00:41:19",86
"2019-06-05 01:41:21",86
"2019-06-05 02:41:22",86
"2019-06-05 03:41:21",86
"2019-06-05 04:41:23",86
"2019-06-05 05:41:20",86
"2019-06-05 06:41:20",86
"2019-06-05 07:41:20",86
"2019-06-05 08:41:23",86
"2019-06-05 09:41:19",86
"2019-06-05 10:41:20",86
"2019-06-05 11:41:22",86
"2019-06-05 13:05:23",86
"2019-06-05 13:41:19",86
"2019-06-05 14:41:19",86
"2019-06-05 15:41:20",86
"2019-06-05 16:41:20",86
"2019-06-05 17:41:20",86
"2019-06-05 18:41:20",86
"2019-06-05 19:41:22",86
"2019-06-05 20:41:20",86
"2019-06-05 21:41:20",86
"2019-06-05 22:41:20",86
"2019-06-05 23:41:19",86
"2019-06-06 00:41:20",86
"2019-06-06 01:41:19",86
"2019-06-06 02:41:20",86
"2019-06-06 03:41:20",86
"2019-06-06 04:41:23",86
"2019-06-06 05:41:20",86
"2019-06-06 06:41:21",86
"2019-06-06 07:41:20",86
"2019-06-06 08:41:23",86
"2019-06-06 09:41:21",86
"2019-06-06 10:41:24",86
"2019-06-06 11:41:19",86
"2019-06-06 13:05:23",86
"2019-06-06 13:41:20",86
"2019-06-06 14:41:20",87
"2019-06-06 15:41:22",87
"2019-06-06 16:41:20",87
"2019-06-06 17:41:22",87
"2019-06-06 18:41:22",87
"2019-06-06 19:41:22",87
"2019-06-06 20:41:19",88
"2019-06-06 21:41:20",88
"2019-06-06 22:41:19",88
"2019-06-06 23:41:19",88
"2019-06-07 00:41:21",88
"2019-06-07 01:41:20",88
"2019-06-07 02:41:20",88
"2019-06-07 03:41:20",88
"2019-06-07 04:41:22",88
"2019-06-07 05:41:19",88
"2019-06-07 06:41:21",88
"2019-06-07 07:41:21",88
"2019-06-07 08:41:21",88
"2019-06-07 09:41:22",88
"2019-06-07 10:41:20",88
"2019-06-07 11:41:20",88
"2019-06-07 13:05:25",88
"2019-06-07 13:41:22",88
"2019-06-07 14:41:21",87
"2019-06-07 15:41:20",87
"2019-06-07 16:41:21",87
"2019-06-07 17:41:20",87
"2019-06-07 18:41:20",87
"2019-06-07 19:41:20",86
"2019-06-07 20:41:20",86
"2019-06-07 21:41:20",86
"2019-06-07 22:41:19",86
"2019-06-07 23:41:22",86
"2019-06-08 00:41:20",86
"2019-06-08 01:41:23",86
"2019-06-08 02:41:22",86
"2019-06-08 03:41:22",86
"2019-06-08 04:41:20",86
"2019-06-08 05:41:25",86
"2019-06-08 06:41:22",86
"2019-06-08 07:41:22",86
"2019-06-08 08:41:20",86
"2019-06-08 09:41:21",86
"2019-06-08 10:41:20",86
"2019-06-08 11:41:22",86
"2019-06-08 12:41:21",86
"2019-06-08 13:41:20",86
"2019-06-08 14:41:19",86
"2019-06-08 15:41:22",86
"2019-06-08 16:41:21",86
"2019-06-08 17:41:21",86
"2019-06-08 18:41:21",86
"2019-06-08 19:41:20",86
"2019-06-08 20:41:21",86
"2019-06-08 21:41:20",86
"2019-06-08 22:41:20",86
"2019-06-08 23:41:22",86
"2019-06-09 00:41:19",86
"2019-06-09 01:41:20",86
"2019-06-09 02:41:26",86
"2019-06-09 03:41:24",86
"2019-06-09 04:41:20",86
"2019-06-09 05:41:23",86
"2019-06-09 06:41:19",86
"2019-06-09 07:41:22",86
"2019-06-09 08:41:20",86
"2019-06-09 09:41:21",86
"2019-06-09 10:41:20",86
"2019-06-09 11:41:21",86
"2019-06-09 12:41:21",86
"2019-06-09 13:41:20",86
"2019-06-09 14:41:19",86
"2019-06-09 15:41:22",86
"2019-06-09 16:41:20",86
"2019-06-09 17:41:21",86
"2019-06-09 18:41:20",86
"2019-06-09 19:41:20",86
"2019-06-09 20:41:20",86
"2019-06-09 21:41:20",86
"2019-06-09 22:41:23",86
"2019-06-09 23:41:21",86
"2019-06-10 00:41:20",86
"2019-06-10 01:41:23",86
"2019-06-10 02:41:20",86
"2019-06-10 03:41:22",86
"2019-06-10 04:41:21",86
"2019-06-10 05:41:22",86
"2019-06-10 06:41:20",86
"2019-06-10 07:41:23",86
"2019-06-10 08:41:21",86
"2019-06-10 09:41:20",86
"2019-06-10 10:41:24",86
"2019-06-10 11:41:21",86
"2019-06-10 12:41:26",86
"2019-06-10 13:41:23",86
"2019-06-10 14:41:21",84
"2019-06-10 15:41:22",83
"2019-06-10 16:41:24",83
"2019-06-10 17:41:21",83
"2019-06-10 18:41:23",81
"2019-06-10 19:41:23",81
"2019-06-10 20:41:22",80
"2019-06-10 21:41:21",80
"2019-06-10 22:41:21",80
"2019-06-10 23:41:22",80
"2019-06-11 00:41:22",80
"2019-06-11 01:41:24",80
"2019-06-11 02:41:23",80
"2019-06-11 03:41:21",80
"2019-06-11 04:41:22",80
"2019-06-11 05:41:22",80
"2019-06-11 06:41:22",80
"2019-06-11 07:41:21",80
"2019-06-11 08:41:21",80
"2019-06-11 09:41:23",80
"2019-06-11 10:41:21",80
"2019-06-11 11:41:21",80
"2019-06-11 13:04:56",80
"2019-06-11 13:41:24",80
"2019-06-11 14:41:22",80
"2019-06-11 15:41:23",81
"2019-06-11 16:41:25",81
"2019-06-11 17:41:23",82
"2019-06-11 18:41:25",82
"2019-06-11 19:41:22",82
"2019-06-11 20:41:23",82
"2019-06-11 21:41:22",83
"2019-06-11 22:41:23",83
"2019-06-11 23:41:22",83
"2019-06-12 00:41:25",83
"2019-06-12 01:41:23",83
"2019-06-12 02:41:24",83
"2019-06-12 03:41:29",83
"2019-06-12 04:41:25",83
"2019-06-12 05:41:24",83
"2019-06-12 06:41:24",83
"2019-06-12 07:41:24",83
"2019-06-12 08:41:24",83
"2019-06-12 09:41:27",83
"2019-06-12 10:41:24",83
"2019-06-12 11:41:24",83
"2019-06-12 13:04:28",83
"2019-06-12 13:41:23",83
"2019-06-12 14:41:23",84
"2019-06-12 15:41:24",83
"2019-06-12 16:41:24",81
"2019-06-12 17:41:23",81
"2019-06-12 18:41:23",81
"2019-06-12 19:41:24",81
"2019-06-12 20:41:23",81
"2019-06-12 21:41:24",81
"2019-06-12 22:41:23",81
"2019-06-12 23:41:23",81
"2019-06-13 00:41:24",81
"2019-06-13 01:41:24",81
"2019-06-13 02:41:24",81
"2019-06-13 03:41:23",81
"2019-06-13 04:41:25",81
"2019-06-13 05:41:25",81
"2019-06-13 06:41:23",81
"2019-06-13 07:41:23",81
"2019-06-13 08:41:22",81
"2019-06-13 09:41:23",81
"2019-06-13 10:41:26",81
"2019-06-13 11:41:22",81
"2019-06-13 13:05:25",81
"2019-06-13 13:41:26",81
"2019-06-13 14:41:24",80
"2019-06-13 15:41:26",82
"2019-06-13 16:41:24",83
"2019-06-13 17:41:22",83
"2019-06-13 18:41:23",82
"2019-06-13 19:41:23",80
"2019-06-13 20:41:21",81
"2019-06-13 21:41:23",81
"2019-06-13 22:41:22",81
"2019-06-13 23:41:24",81
"2019-06-14 00:41:24",81
"2019-06-14 01:41:23",81
"2019-06-14 02:41:24",81
"2019-06-14 03:41:23",81
"2019-06-14 04:41:23",81
"2019-06-14 05:41:24",81
"2019-06-14 06:41:28",81
"2019-06-14 07:41:24",81
"2019-06-14 08:41:24",81
"2019-06-14 09:41:23",81
"2019-06-14 10:41:24",81
"2019-06-14 11:41:24",81
"2019-06-14 12:41:24",81
"2019-06-14 13:41:23",81
"2019-06-14 14:41:25",80
"2019-06-14 15:41:26",80
"2019-06-14 16:41:25",80
"2019-06-14 17:41:24",80
"2019-06-14 18:41:23",80
"2019-06-14 19:41:24",79
"2019-06-14 20:41:23",79
"2019-06-14 21:41:24",79
"2019-06-14 22:41:23",79
"2019-06-14 23:41:24",79
"2019-06-15 00:41:23",79
"2019-06-15 01:41:26",79
"2019-06-15 02:41:24",79
"2019-06-15 03:41:24",79
"2019-06-15 04:41:24",79
"2019-06-15 05:41:25",79
"2019-06-15 06:41:23",79
"2019-06-15 07:41:23",79
"2019-06-15 08:41:23",79
"2019-06-15 09:41:25",79
"2019-06-15 10:41:23",79
"2019-06-15 11:41:23",79
"2019-06-15 12:41:25",79
"2019-06-15 13:41:25",79
"2019-06-15 14:41:24",79
"2019-06-15 15:41:23",79
"2019-06-15 16:41:23",79
"2019-06-15 17:41:23",79
"2019-06-15 18:41:24",79
"2019-06-15 19:41:23",79
"2019-06-15 20:41:24",79
"2019-06-15 21:41:26",79
"2019-06-15 22:41:25",79
"2019-06-15 23:41:23",79
"2019-06-16 00:41:22",79
"2019-06-16 01:41:24",79
"2019-06-16 02:41:25",79
"2019-06-16 03:41:23",79
"2019-06-16 04:41:25",79
"2019-06-16 05:41:25",79
"2019-06-16 06:41:25",79
"2019-06-16 07:41:25",79
"2019-06-16 08:41:24",79
"2019-06-16 09:41:23",79
"2019-06-16 10:41:22",79
"2019-06-16 11:41:23",79
"2019-06-16 12:41:24",79
"2019-06-16 13:41:23",79
"2019-06-16 14:41:24",79
"2019-06-16 15:41:24",79
"2019-06-16 16:41:24",79
"2019-06-16 17:41:25",79
"2019-06-16 18:41:26",79
"2019-06-16 19:41:23",79
"2019-06-16 20:41:24",79
"2019-06-16 21:41:24",79
"2019-06-16 22:41:22",79
"2019-06-16 23:41:24",79
"2019-06-17 00:41:23",79
"2019-06-17 01:41:23",79
"2019-06-17 02:41:26",79
"2019-06-17 03:41:25",79
"2019-06-17 04:41:25",79
"2019-06-17 05:41:24",79
"2019-06-17 06:41:24",79
"2019-06-17 07:41:23",79
"2019-06-17 08:41:24",79
"2019-06-17 09:41:22",79
"2019-06-17 10:41:25",79
"2019-06-17 11:41:25",79
"2019-06-17 13:05:56",78
"2019-06-17 13:41:23",78
"2019-06-17 14:41:23",75
"2019-06-17 15:41:24",75
"2019-06-17 16:41:31",75
"2019-06-17 17:41:25",75
"2019-06-17 18:41:27",75
"2019-06-17 19:41:24",75
"2019-06-17 20:41:25",75
"2019-06-17 21:41:23",75
"2019-06-17 22:41:25",75
"2019-06-17 23:41:23",75
"2019-06-18 00:41:23",75
"2019-06-18 01:41:23",75
"2019-06-18 02:41:29",75
"2019-06-18 03:41:26",75
"2019-06-18 04:41:24",75
"2019-06-18 05:41:25",75
"2019-06-18 06:41:24",75
"2019-06-18 07:41:25",75
"2019-06-18 08:41:28",75
"2019-06-18 09:41:23",75
"2019-06-18 10:41:23",75
"2019-06-18 11:41:23",75
"2019-06-18 13:03:58",75
"2019-06-18 13:41:25",75
"2019-06-18 14:41:25",75
"2019-06-18 15:41:24",75
"2019-06-18 16:41:25",75
"2019-06-18 17:41:24",75
"2019-06-18 18:41:26",75
"2019-06-18 19:41:26",75
"2019-06-18 20:41:24",75
"2019-06-18 21:41:23",75
"2019-06-18 22:41:25",75
"2019-06-18 23:41:25",75
"2019-06-19 00:41:24",75
"2019-06-19 01:41:26",75
"2019-06-19 02:41:26",75
"2019-06-19 03:41:26",75
"2019-06-19 04:41:24",75
"2019-06-19 05:41:30",75
"2019-06-19 06:41:36",75
"2019-06-19 07:41:27",75
"2019-06-19 08:41:27",75
"2019-06-19 09:41:25",75
"2019-06-19 10:41:26",75
"2019-06-19 11:41:25",75
"2019-06-19 13:03:59",75
"2019-06-19 13:41:25",75
"2019-06-19 14:41:25",75
"2019-06-19 15:41:25",75
"2019-06-19 16:41:34",75
"2019-06-19 17:41:26",75
"2019-06-19 18:41:24",75
"2019-06-19 19:41:26",75
"2019-06-19 20:41:26",75
"2019-06-19 21:41:25",75
"2019-06-19 22:41:24",75
"2019-06-19 23:41:24",75
"2019-06-20 00:41:25",75
"2019-06-20 01:41:24",75
"2019-06-20 02:41:24",75
"2019-06-20 03:41:25",75
"2019-06-20 04:41:26",75
"2019-06-20 05:41:23",75
"2019-06-20 06:41:24",75
"2019-06-20 07:41:25",75
"2019-06-20 08:41:25",75
"2019-06-20 09:41:26",75
"2019-06-20 10:41:25",75
"2019-06-20 11:41:24",75
"2019-06-20 13:05:38",75
"2019-06-20 13:41:27",75
"2019-06-20 14:41:26",75
"2019-06-20 15:41:26",76
"2019-06-20 16:41:26",76
"2019-06-20 17:41:27",77
"2019-06-20 18:41:24",77
"2019-06-20 19:41:24",77
"2019-06-20 20:41:29",77
"2019-06-20 21:41:25",77
"2019-06-20 22:41:25",77
"2019-06-20 23:41:26",77
"2019-06-21 00:41:25",77
"2019-06-21 01:41:25",77
"2019-06-21 02:41:26",77
"2019-06-21 03:41:25",77
"2019-06-21 04:41:26",77
"2019-06-21 05:41:26",77
"2019-06-21 06:41:26",77
"2019-06-21 07:41:27",77
"2019-06-21 08:41:25",77
"2019-06-21 09:41:25",77
"2019-06-21 10:41:24",77
"2019-06-21 11:41:24",77
"2019-06-21 12:41:25",77
"2019-06-21 13:41:26",77
"2019-06-21 14:41:25",75
"2019-06-21 15:41:25",75
"2019-06-21 16:41:26",75
"2019-06-21 17:41:25",75
"2019-06-21 18:41:26",75
"2019-06-21 19:41:24",75
"2019-06-21 20:41:23",75
"2019-06-21 21:41:25",75
"2019-06-21 22:41:25",75
"2019-06-21 23:41:24",75
"2019-06-22 00:41:25",75
"2019-06-22 01:41:27",75
"2019-06-22 02:41:27",75
"2019-06-22 03:41:24",75
"2019-06-22 04:41:24",75
"2019-06-22 05:41:26",75
"2019-06-22 06:41:27",75
"2019-06-22 07:41:26",75
"2019-06-22 08:41:25",75
"2019-06-22 09:41:26",75
"2019-06-22 10:41:26",75
"2019-06-22 11:41:24",75
"2019-06-22 12:41:30",75
"2019-06-22 13:41:25",75
"2019-06-22 14:41:27",75
"2019-06-22 15:41:35",75
"2019-06-22 16:41:32",75
"2019-06-22 17:41:25",75
"2019-06-22 18:41:30",75
"2019-06-22 19:41:26",75
"2019-06-22 20:41:26",75
"2019-06-22 21:41:25",75
"2019-06-22 22:41:29",75
"2019-06-22 23:41:27",75
"2019-06-23 00:41:36",75
"2019-06-23 01:41:27",75
"2019-06-23 02:41:28",75
"2019-06-23 03:41:27",75
"2019-06-23 04:41:25",75
"2019-06-23 05:41:30",75
"2019-06-23 06:41:26",75
"2019-06-23 07:41:24",75
"2019-06-23 08:41:25",75
"2019-06-23 09:41:26",75
"2019-06-23 10:41:25",75
"2019-06-23 11:41:26",75
"2019-06-23 12:41:24",75
"2019-06-23 13:41:26",75
"2019-06-23 14:41:24",75
"2019-06-23 15:41:24",75
"2019-06-23 16:41:26",75
"2019-06-23 17:41:26",75
"2019-06-23 18:41:23",75
"2019-06-23 19:41:24",75
"2019-06-23 20:41:26",75
"2019-06-23 21:41:25",75
"2019-06-23 22:41:25",75
"2019-06-23 23:41:25",75
"2019-06-24 00:41:26",75
"2019-06-24 01:41:25",75
"2019-06-24 02:41:25",75
"2019-06-24 03:41:27",75
"2019-06-24 04:41:25",75
"2019-06-24 05:41:27",75
"2019-06-24 06:41:28",75
"2019-06-24 07:41:25",75
"2019-06-24 08:41:24",75
"2019-06-24 09:41:28",75
"2019-06-24 10:41:24",75
"2019-06-24 11:41:29",75
"2019-06-24 12:41:28",75
"2019-06-24 13:41:25",75
"2019-06-24 14:41:26",76
"2019-06-24 15:41:25",76
"2019-06-24 16:41:30",74
"2019-06-24 17:41:27",74
"2019-06-24 18:41:26",74
"2019-06-24 19:41:27",74
"2019-06-24 20:41:25",74
"2019-06-24 21:41:27",74
"2019-06-24 22:41:25",74
"2019-06-24 23:41:25",74
"2019-06-25 00:41:25",74
"2019-06-25 01:41:25",74
"2019-06-25 02:41:26",74
"2019-06-25 03:41:26",74
"2019-06-25 04:41:25",74
"2019-06-25 05:41:26",74
"2019-06-25 06:41:27",74
"2019-06-25 07:41:26",74
"2019-06-25 08:41:25",74
"2019-06-25 09:41:29",74
"2019-06-25 10:41:25",74
"2019-06-25 11:41:24",74
"2019-06-25 13:04:58",74
"2019-06-25 13:41:26",74
"2019-06-25 14:41:25",74
"2019-06-25 15:41:25",74
"2019-06-25 16:41:26",75
"2019-06-25 17:41:27",75
"2019-06-25 18:41:28",76
"2019-06-25 19:41:24",76
"2019-06-25 20:41:25",76
"2019-06-25 21:41:24",76
"2019-06-25 22:41:23",76
"2019-06-25 23:41:28",76
"2019-06-26 00:41:25",76
"2019-06-26 01:41:25",76
"2019-06-26 02:41:25",76
"2019-06-26 03:41:34",76
"2019-06-26 04:41:26",76
"2019-06-26 05:41:26",76
"2019-06-26 06:41:25",76
"2019-06-26 07:41:26",76
"2019-06-26 08:41:24",76
"2019-06-26 09:41:23",76
"2019-06-26 10:41:24",76
"2019-06-26 11:41:24",76
"2019-06-26 13:03:57",76
"2019-06-26 13:41:26",76
"2019-06-26 14:41:26",77
"2019-06-26 15:41:26",77
"2019-06-26 16:41:27",78
"2019-06-26 17:41:26",78
"2019-06-26 18:41:26",78
"2019-06-26 19:41:26",78
"2019-06-26 20:41:24",78
"2019-06-26 21:41:26",78
"2019-06-26 22:41:26",78
"2019-06-26 23:41:26",78
"2019-06-27 00:41:27",78
"2019-06-27 01:41:25",78
"2019-06-27 02:41:26",78
"2019-06-27 03:41:24",78
"2019-06-27 04:41:26",78
"2019-06-27 05:41:26",78
"2019-06-27 06:41:27",78
"2019-06-27 07:41:24",78
"2019-06-27 08:41:25",78
"2019-06-27 09:41:25",78
"2019-06-27 10:41:25",78
"2019-06-27 11:41:24",78
"2019-06-27 13:03:58",78
"2019-06-27 13:41:24",78
"2019-06-27 14:41:25",78
"2019-06-27 15:41:27",78
"2019-06-27 16:41:25",77
"2019-06-27 17:41:25",77
"2019-06-27 18:41:25",79
"2019-06-27 19:41:24",79
"2019-06-27 20:41:27",79
"2019-06-27 21:41:29",79
"2019-06-27 22:41:24",79
"2019-06-27 23:41:42",79
"2019-06-28 00:41:25",79
"2019-06-28 01:41:25",79
"2019-06-28 02:41:25",79
"2019-06-28 03:41:27",79
"2019-06-28 04:41:29",79
"2019-06-28 05:41:26",79
"2019-06-28 06:41:24",79
"2019-06-28 07:41:24",79
"2019-06-28 08:41:24",79
"2019-06-28 09:41:24",79
"2019-06-28 10:41:23",79
"2019-06-28 11:41:25",79
"2019-06-28 13:04:58",79
"2019-06-28 13:41:24",79
"2019-06-28 14:41:24",79
"2019-06-28 15:41:26",79
"2019-06-28 16:41:25",79
"2019-06-28 17:41:25",79
"2019-06-28 18:41:24",79
"2019-06-28 19:41:24",79
"2019-06-28 20:41:25",79
"2019-06-28 21:41:26",79
"2019-06-28 22:41:25",79
"2019-06-28 23:41:24",79
"2019-06-29 00:41:26",79
"2019-06-29 01:41:28",79
"2019-06-29 02:41:25",79
"2019-06-29 03:41:24",79
"2019-06-29 04:41:24",79
"2019-06-29 05:41:25",79
"2019-06-29 06:41:24",79
"2019-06-29 07:41:25",79
"2019-06-29 08:41:25",79
"2019-06-29 09:41:25",79
"2019-06-29 10:41:25",79
"2019-06-29 11:41:29",79
"2019-06-29 12:41:27",79
"2019-06-29 13:41:25",79
"2019-06-29 14:41:27",79
"2019-06-29 15:41:26",79
"2019-06-29 16:41:28",79
"2019-06-29 17:41:25",79
"2019-06-29 18:41:26",79
"2019-06-29 19:41:27",79
"2019-06-29 20:41:26",79
"2019-06-29 21:41:26",79
"2019-06-29 22:41:24",79
"2019-06-29 23:41:26",79
"2019-06-30 00:41:25",79
"2019-06-30 01:41:29",79
"2019-06-30 02:41:26",79
"2019-06-30 03:41:26",79
"2019-06-30 04:41:27",79
"2019-06-30 05:41:25",79
"2019-06-30 06:41:26",79
"2019-06-30 07:41:26",79
"2019-06-30 08:41:25",79
"2019-06-30 09:41:26",79
"2019-06-30 10:41:25",79
"2019-06-30 11:41:25",79
"2019-06-30 12:41:25",79
"2019-06-30 13:41:26",79
"2019-06-30 14:41:24",79
"2019-06-30 15:41:26",79
"2019-06-30 16:41:26",79
"2019-06-30 17:41:25",79
"2019-06-30 18:41:26",79
"2019-06-30 19:41:27",79
"2019-06-30 20:41:26",79
"2019-06-30 21:41:25",79
"2019-06-30 22:41:25",79
"2019-06-30 23:41:26",79
"2019-07-01 00:41:27",79
"2019-07-01 01:41:25",79
"2019-07-01 02:41:27",79
"2019-07-01 03:41:26",79
"2019-07-01 04:41:25",79
"2019-07-01 05:41:30",79
"2019-07-01 06:41:26",79
"2019-07-01 07:41:29",79
"2019-07-01 08:41:34",79
"2019-07-01 09:41:26",79
"2019-07-01 10:41:25",79
"2019-07-01 11:41:26",79
"2019-07-01 13:04:59",79
"2019-07-01 13:41:29",79
"2019-07-01 14:41:42",81
"2019-07-01 15:41:28",80
"2019-07-01 16:41:28",80
"2019-07-01 17:41:27",80
"2019-07-01 18:41:27",80
"2019-07-01 19:41:29",80
"2019-07-01 20:41:27",80
"2019-07-01 21:41:26",80
"2019-07-01 22:41:29",80
"2019-07-01 23:41:27",80
"2019-07-02 00:41:29",80
"2019-07-02 01:41:26",80
"2019-07-02 02:41:35",80
"2019-07-02 03:41:34",80
"2019-07-02 04:41:27",80
"2019-07-02 05:41:41",80
"2019-07-02 06:41:27",80
"2019-07-02 07:41:29",80
"2019-07-02 08:41:27",80
"2019-07-02 09:41:26",80
"2019-07-02 10:41:27",80
"2019-07-02 11:41:27",80
"2019-07-02 12:41:30",80
"2019-07-02 13:41:26",80
"2019-07-02 14:41:29",80
"2019-07-02 15:41:27",80
"2019-07-02 16:41:26",80
"2019-07-02 17:41:28",80
"2019-07-02 18:41:27",80
"2019-07-02 19:41:28",80
"2019-07-02 20:41:27",80
"2019-07-02 21:41:27",80
"2019-07-02 22:41:29",80
"2019-07-03 00:41:28",80
"2019-07-03 01:41:26",80
"2019-07-03 02:41:28",80
"2019-07-03 03:41:28",80
"2019-07-03 04:41:27",80
"2019-07-03 05:41:27",80
"2019-07-03 06:41:28",80
"2019-07-03 07:41:27",80
"2019-07-03 08:41:37",80
"2019-07-03 09:41:27",80
"2019-07-03 10:41:29",80
"2019-07-03 11:41:28",80
"2019-07-03 13:06:00",80
"2019-07-03 13:41:27",80
"2019-07-03 14:41:31",81
"2019-07-03 15:41:27",80
"2019-07-03 16:41:40",81
"2019-07-03 17:41:28",81
"2019-07-03 18:41:28",81
"2019-07-03 19:41:27",81
"2019-07-03 20:41:27",81
"2019-07-03 21:41:28",81
"2019-07-03 22:41:26",81
"2019-07-03 23:41:28",81
"2019-07-04 00:41:28",81
"2019-07-04 01:41:27",81
"2019-07-04 02:41:30",81
"2019-07-04 03:41:27",81
"2019-07-04 04:41:26",81
"2019-07-04 05:41:28",81
"2019-07-04 06:41:27",81
"2019-07-04 07:41:26",81
"2019-07-04 08:41:26",81
"2019-07-04 09:41:27",81
"2019-07-04 10:41:27",81
"2019-07-04 11:41:27",81
"2019-07-04 12:41:29",81
"2019-07-04 13:41:29",81
"2019-07-04 14:41:29",81
"2019-07-04 15:41:27",81
"2019-07-04 16:41:27",81
"2019-07-04 17:41:26",81
"2019-07-04 18:41:26",81
"2019-07-04 19:41:26",81
"2019-07-04 20:41:27",81
"2019-07-04 21:41:27",81
"2019-07-04 22:41:27",81
"2019-07-04 23:41:26",81
"2019-07-05 00:41:28",81
"2019-07-05 01:41:26",81
"2019-07-05 02:41:27",81
"2019-07-05 03:41:27",81
"2019-07-05 04:41:26",81
"2019-07-05 05:41:28",81
"2019-07-05 06:41:30",81
"2019-07-05 07:41:27",81
"2019-07-05 08:41:26",81
"2019-07-05 09:41:26",81
"2019-07-05 10:41:28",81
"2019-07-05 11:41:33",81
"2019-07-05 12:41:26",81
"2019-07-05 13:41:32",81
"2019-07-05 14:41:27",81
"2019-07-05 15:41:27",80
"2019-07-05 16:41:31",80
"2019-07-05 17:41:27",80
"2019-07-05 18:41:27",80
"2019-07-05 19:41:26",81
"2019-07-05 20:41:28",81
"2019-07-05 21:41:28",81
"2019-07-05 22:41:30",81
"2019-07-05 23:41:27",81
"2019-07-06 00:41:28",81
"2019-07-06 01:41:29",81
"2019-07-06 02:41:30",81
"2019-07-06 03:41:27",81
"2019-07-06 04:41:26",81
"2019-07-06 05:41:29",81
"2019-07-06 06:41:28",81
"2019-07-06 07:41:26",81
"2019-07-06 08:41:27",81
"2019-07-06 09:41:26",81
"2019-07-06 10:41:27",81
"2019-07-06 11:41:44",81
"2019-07-06 12:41:28",81
"2019-07-06 13:41:27",81
"2019-07-06 14:41:26",81
"2019-07-06 15:41:25",81
"2019-07-06 16:41:29",81
"2019-07-06 17:41:29",81
"2019-07-06 18:41:27",81
"2019-07-06 19:41:28",81
"2019-07-06 20:41:26",81
"2019-07-06 21:41:27",81
"2019-07-06 22:41:27",81
"2019-07-06 23:41:27",81
"2019-07-07 00:41:27",81
"2019-07-07 01:41:26",81
"2019-07-07 02:41:29",81
"2019-07-07 03:41:26",81
"2019-07-07 04:41:28",81
"2019-07-07 05:41:30",81
"2019-07-07 06:41:26",81
"2019-07-07 07:41:27",81
"2019-07-07 08:41:28",81
"2019-07-07 09:41:26",81
"2019-07-07 10:41:29",81
"2019-07-07 11:41:25",81
"2019-07-07 12:41:25",81
"2019-07-07 13:41:26",81
"2019-07-07 14:41:26",81
"2019-07-07 15:41:27",81
"2019-07-07 16:41:28",81
"2019-07-07 17:41:26",81
"2019-07-07 18:41:27",81
"2019-07-07 19:41:25",81
"2019-07-07 20:41:26",81
"2019-07-07 21:41:26",81
"2019-07-07 22:41:27",81
"2019-07-07 23:41:26",81
"2019-07-08 00:41:26",81
"2019-07-08 01:41:29",81
"2019-07-08 02:41:26",81
"2019-07-08 03:41:28",81
"2019-07-08 04:41:27",81
"2019-07-08 05:41:25",81
"2019-07-08 06:41:29",81
"2019-07-08 07:41:30",81
"2019-07-08 08:41:28",81
"2019-07-08 09:41:32",81
"2019-07-08 10:41:33",81
"2019-07-08 11:41:36",81
"2019-07-08 12:41:26",81
"2019-07-08 13:41:26",81
"2019-07-08 14:41:26",82
"2019-07-08 15:41:26",82
"2019-07-08 16:41:28",82
"2019-07-08 17:41:25",84
"2019-07-08 18:41:27",84
"2019-07-08 19:41:26",84
"2019-07-08 20:41:26",84
"2019-07-08 21:41:27",84
"2019-07-08 22:41:27",84
"2019-07-08 23:41:26",84
"2019-07-09 00:41:26",84
"2019-07-09 01:41:25",84
"2019-07-09 02:41:32",84
"2019-07-09 03:41:28",84
"2019-07-09 04:41:27",84
"2019-07-09 05:41:31",84
"2019-07-09 06:41:27",84
"2019-07-09 07:41:29",84
"2019-07-09 08:41:26",84
"2019-07-09 09:41:26",84
"2019-07-09 10:41:25",84
"2019-07-09 11:41:27",84
"2019-07-09 13:04:29",84
"2019-07-09 13:41:25",84
"2019-07-09 14:41:26",84
"2019-07-09 15:41:27",84
"2019-07-09 16:41:25",84
"2019-07-09 17:41:26",84
"2019-07-09 18:41:26",84
"2019-07-09 19:41:27",84
"2019-07-09 20:41:26",84
"2019-07-09 21:41:26",84
"2019-07-09 22:41:25",84
"2019-07-09 23:41:26",84
"2019-07-10 00:41:26",84
"2019-07-10 01:41:27",84
"2019-07-10 02:41:26",84
"2019-07-10 03:41:25",84
"2019-07-10 04:41:26",84
"2019-07-10 05:41:28",84
"2019-07-10 06:41:28",84
"2019-07-10 07:41:24",84
"2019-07-10 08:41:25",84
"2019-07-10 09:41:25",84
"2019-07-10 10:41:26",84
"2019-07-10 11:41:26",84
"2019-07-10 12:41:29",84
"2019-07-10 13:41:26",85
"2019-07-10 14:41:26",84
"2019-07-10 15:41:28",85
"2019-07-10 16:41:29",85
"2019-07-10 17:41:26",85
"2019-07-10 18:41:26",84
"2019-07-10 19:41:26",84
"2019-07-10 20:41:26",84
"2019-07-10 21:41:25",84
"2019-07-10 22:41:28",84
"2019-07-10 23:41:25",84
"2019-07-11 00:41:25",84
"2019-07-11 01:41:26",84
"2019-07-11 02:41:30",84
"2019-07-11 03:41:28",84
"2019-07-11 04:41:29",84
"2019-07-11 05:41:28",84
"2019-07-11 06:41:27",84
"2019-07-11 07:41:26",84
"2019-07-11 08:41:28",84
"2019-07-11 09:41:26",84
"2019-07-11 10:41:26",84
"2019-07-11 11:41:26",84
"2019-07-11 12:41:27",84
"2019-07-11 13:41:27",84
"2019-07-11 14:41:27",84
"2019-07-11 15:41:27",84
"2019-07-11 16:41:27",84
"2019-07-11 17:41:27",83
"2019-07-11 18:41:28",83
"2019-07-11 19:41:27",84
"2019-07-11 20:41:26",82
"2019-07-11 21:41:32",82
"2019-07-11 22:41:26",82
"2019-07-11 23:41:27",82
"2019-07-12 00:41:26",82
"2019-07-12 01:41:27",82
"2019-07-12 02:41:27",82
"2019-07-12 03:41:26",82
"2019-07-12 04:41:26",82
"2019-07-12 05:41:29",82
"2019-07-12 06:41:31",82
"2019-07-12 07:41:27",82
"2019-07-12 08:41:27",82
"2019-07-12 09:41:29",82
"2019-07-12 10:41:28",82
"2019-07-12 11:41:26",82
"2019-07-12 13:05:01",82
"2019-07-12 13:41:28",82
"2019-07-12 14:41:27",83
"2019-07-12 15:41:39",83
"2019-07-12 16:41:28",83
"2019-07-12 17:41:31",82
"2019-07-12 18:41:27",82
"2019-07-12 19:41:26",83
"2019-07-12 20:41:26",85
"2019-07-12 21:41:27",85
"2019-07-12 22:41:34",85
"2019-07-12 23:41:28",85
"2019-07-13 00:41:27",85
"2019-07-13 01:41:28",85
"2019-07-13 02:41:29",85
"2019-07-13 03:41:26",85
"2019-07-13 04:41:27",85
"2019-07-13 05:41:27",85
"2019-07-13 06:41:27",85
"2019-07-13 07:41:27",85
"2019-07-13 08:41:25",85
"2019-07-13 09:41:28",85
"2019-07-13 10:41:27",85
"2019-07-13 11:41:29",85
"2019-07-13 12:41:28",85
"2019-07-13 13:41:27",85
"2019-07-13 14:41:27",85
"2019-07-13 15:41:28",85
"2019-07-13 16:41:44",85
"2019-07-13 17:41:29",85
"2019-07-13 18:41:30",85
"2019-07-13 19:41:30",85
"2019-07-13 20:41:31",85
"2019-07-13 21:41:29",85
"2019-07-13 22:41:27",85
"2019-07-13 23:41:28",85
"2019-07-14 00:41:27",85
"2019-07-14 01:41:34",85
"2019-07-14 02:41:27",85
"2019-07-14 03:41:28",85
"2019-07-14 04:41:27",85
"2019-07-14 05:41:28",85
"2019-07-14 06:41:29",85
"2019-07-14 07:41:27",85
"2019-07-14 08:41:27",85
"2019-07-14 09:41:26",85
"2019-07-14 10:41:27",85
"2019-07-14 11:41:28",85
"2019-07-14 12:41:27",85
"2019-07-14 13:41:28",85
"2019-07-14 14:41:26",85
"2019-07-14 15:41:28",85
"2019-07-14 16:41:31",85
"2019-07-14 17:41:27",85
"2019-07-14 18:41:27",85
"2019-07-14 19:41:27",85
"2019-07-14 20:41:33",85
"2019-07-14 21:41:26",85
"2019-07-14 22:41:26",85
"2019-07-14 23:41:27",85
"2019-07-15 00:41:27",85
"2019-07-15 01:41:26",85
"2019-07-15 02:41:27",85
"2019-07-15 03:41:26",85
"2019-07-15 04:41:27",85
"2019-07-15 05:41:29",85
"2019-07-15 06:41:31",85
"2019-07-15 07:41:28",85
"2019-07-15 08:41:26",85
"2019-07-15 09:41:27",85
"2019-07-15 10:41:27",85
"2019-07-15 11:41:26",85
"2019-07-15 13:05:30",85
"2019-07-15 13:41:28",85
"2019-07-15 14:41:26",85
"2019-07-15 15:41:27",85
"2019-07-15 16:41:35",84
"2019-07-15 17:41:28",84
"2019-07-15 18:41:26",84
"2019-07-15 19:41:27",84
"2019-07-15 20:41:27",84
"2019-07-15 21:41:27",84
"2019-07-15 22:41:31",84
"2019-07-15 23:41:27",84
"2019-07-16 00:41:27",84
"2019-07-16 01:41:27",84
"2019-07-16 02:41:32",84
"2019-07-16 03:41:27",84
"2019-07-16 04:41:26",84
"2019-07-16 05:41:31",84
"2019-07-16 06:41:29",84
"2019-07-16 07:41:26",84
"2019-07-16 08:41:27",84
"2019-07-16 09:41:27",84
"2019-07-16 10:41:27",84
"2019-07-16 11:41:27",84
"2019-07-16 13:05:30",84
"2019-07-16 13:41:28",84
"2019-07-16 14:41:27",85
"2019-07-16 15:41:34",86
"2019-07-16 16:41:28",86
"2019-07-16 17:41:29",86
"2019-07-16 18:41:27",86
"2019-07-16 19:41:27",86
"2019-07-16 20:41:36",86
"2019-07-16 21:41:27",86
"2019-07-16 22:41:27",86
"2019-07-16 23:41:27",86
"2019-07-17 00:41:27",86
"2019-07-17 01:41:27",86
"2019-07-17 02:41:29",86
"2019-07-17 03:41:27",86
"2019-07-17 04:41:28",86
"2019-07-17 05:41:39",86
"2019-07-17 06:41:30",86
"2019-07-17 07:41:31",86
"2019-07-17 08:41:28",86
"2019-07-17 09:41:27",86
"2019-07-17 10:41:27",86
"2019-07-17 11:41:27",86
"2019-07-17 13:05:01",86
"2019-07-17 13:41:28",86
"2019-07-17 14:41:29",86
"2019-07-17 15:41:32",86
"2019-07-17 16:41:31",86
"2019-07-17 17:41:27",86
"2019-07-17 18:41:27",86
"2019-07-17 19:41:26",86
"2019-07-17 20:41:27",86
"2019-07-17 21:41:26",86
"2019-07-17 22:41:27",86
"2019-07-17 23:41:27",86
"2019-07-18 00:41:26",86
"2019-07-18 01:41:28",86
"2019-07-18 02:41:27",86
"2019-07-18 03:41:28",86
"2019-07-18 04:41:26",86
"2019-07-18 05:41:29",86
"2019-07-18 06:41:30",86
"2019-07-18 07:41:26",86
"2019-07-18 08:41:30",86
"2019-07-18 09:41:27",86
"2019-07-18 10:41:27",86
"2019-07-18 11:41:26",86
"2019-07-18 13:05:33",86
"2019-07-18 13:41:26",86
"2019-07-18 14:41:27",86
"2019-07-18 15:41:26",84
"2019-07-18 16:41:31",83
"2019-07-18 17:41:27",83
"2019-07-18 18:41:28",83
"2019-07-18 19:41:29",84
"2019-07-18 20:41:28",85
"2019-07-18 21:41:28",85
"2019-07-18 22:41:28",85
"2019-07-18 23:41:29",85
"2019-07-19 00:41:27",85
"2019-07-19 01:41:27",85
"2019-07-19 02:41:29",85
"2019-07-19 03:41:28",85
"2019-07-19 04:41:28",85
"2019-07-19 05:41:42",85
"2019-07-19 06:41:29",85
"2019-07-19 07:41:30",85
"2019-07-19 08:41:28",85
"2019-07-19 09:41:27",85
"2019-07-19 10:41:27",85
"2019-07-19 11:41:27",85
"2019-07-19 13:05:00",85
"2019-07-19 13:41:28",85
"2019-07-19 14:41:27",86
"2019-07-19 15:41:29",86
"2019-07-19 16:41:28",86
"2019-07-19 17:41:29",86
"2019-07-19 18:41:29",86
"2019-07-19 19:41:28",85
"2019-07-19 20:41:29",85
"2019-07-19 21:41:27",85
"2019-07-19 22:41:29",85
"2019-07-19 23:41:28",85
"2019-07-20 00:41:28",85
"2019-07-20 01:41:34",85
"2019-07-20 02:41:34",85
"2019-07-20 03:41:28",85
"2019-07-20 04:41:36",85
"2019-07-20 05:41:32",85
"2019-07-20 06:41:29",85
"2019-07-20 07:41:28",85
"2019-07-20 08:41:29",85
"2019-07-20 09:41:26",85
"2019-07-20 10:41:27",85
"2019-07-20 11:41:27",85
"2019-07-20 12:41:28",85
"2019-07-20 13:41:28",85
"2019-07-20 14:41:27",85
"2019-07-20 15:41:27",85
"2019-07-20 16:41:29",85
"2019-07-20 17:41:28",85
"2019-07-20 18:41:28",85
"2019-07-20 19:41:29",85
"2019-07-20 20:41:27",85
"2019-07-20 21:41:28",85
"2019-07-20 22:41:26",85
"2019-07-20 23:41:27",85
"2019-07-21 00:41:29",85
"2019-07-21 01:41:27",85
"2019-07-21 02:41:28",85
"2019-07-21 03:41:27",85
"2019-07-21 04:41:27",85
"2019-07-21 05:41:34",85
"2019-07-21 06:41:34",85
"2019-07-21 07:41:26",85
"2019-07-21 08:41:28",85
"2019-07-21 09:41:29",85
"2019-07-21 10:41:35",85
"2019-07-21 11:41:28",85
"2019-07-21 12:41:28",85
"2019-07-21 13:41:29",85
"2019-07-21 14:41:28",85
"2019-07-21 15:41:28",85
"2019-07-21 16:41:28",85
"2019-07-21 17:41:28",85
"2019-07-21 18:41:28",85
"2019-07-21 19:41:28",85
"2019-07-21 20:41:28",85
"2019-07-21 21:41:29",85
"2019-07-21 22:41:27",85
"2019-07-21 23:41:28",85
"2019-07-22 00:41:27",85
"2019-07-22 01:41:28",85
"2019-07-22 02:41:28",85
"2019-07-22 03:41:28",85
"2019-07-22 04:41:28",85
"2019-07-22 05:41:31",85
"2019-07-22 06:41:34",85
"2019-07-22 07:41:27",85
"2019-07-22 08:41:27",85
"2019-07-22 09:41:28",85
"2019-07-22 10:41:26",85
"2019-07-22 11:41:32",85
"2019-07-22 12:41:30",85
"2019-07-22 13:41:28",85
"2019-07-22 14:41:29",86
"2019-07-22 15:41:27",86
"2019-07-22 16:41:29",87
"2019-07-22 17:41:28",87
"2019-07-22 18:41:32",87
"2019-07-22 19:41:29",87
"2019-07-22 20:41:30",87
"2019-07-22 21:41:31",87
"2019-07-22 22:41:28",87
"2019-07-22 23:41:28",87
"2019-07-23 00:41:27",87
"2019-07-23 01:41:27",87
"2019-07-23 02:41:30",87
"2019-07-23 03:41:29",87
"2019-07-23 04:41:29",87
"2019-07-23 05:41:31",87
"2019-07-23 06:41:33",87
"2019-07-23 07:41:28",87
"2019-07-23 08:41:27",87
"2019-07-23 09:41:29",87
"2019-07-23 10:41:29",87
"2019-07-23 11:41:29",87
"2019-07-23 13:04:32",87
"2019-07-23 13:41:28",87
"2019-07-23 14:41:28",88
"2019-07-23 15:41:33",88
"2019-07-23 16:41:29",88
"2019-07-23 17:41:28",88
"2019-07-23 18:41:29",87
"2019-07-23 19:41:28",86
"2019-07-23 20:41:28",86
"2019-07-23 21:41:29",86
"2019-07-23 22:41:30",86
"2019-07-23 23:41:29",86
"2019-07-24 00:41:28",86
"2019-07-24 01:41:28",86
"2019-07-24 02:41:33",86
"2019-07-24 03:41:28",86
"2019-07-24 04:41:28",86
"2019-07-24 05:41:29",86
"2019-07-24 06:41:27",86
"2019-07-24 07:41:27",86
"2019-07-24 08:41:28",86
"2019-07-24 09:41:29",86
"2019-07-24 10:41:29",86
"2019-07-24 11:41:28",86
"2019-07-24 13:04:01",85
"2019-07-24 13:41:29",85
"2019-07-24 14:41:27",85
"2019-07-24 15:41:29",85
"2019-07-24 16:41:29",85
"2019-07-24 17:41:27",85
"2019-07-24 18:41:30",85
"2019-07-24 19:41:28",85
"2019-07-24 20:41:28",85
"2019-07-24 21:41:28",85
"2019-07-24 22:41:27",85
"2019-07-24 23:41:28",85
"2019-07-25 00:41:28",85
"2019-07-25 01:41:31",85
"2019-07-25 02:41:39",85
"2019-07-25 03:41:28",85
"2019-07-25 04:41:28",85
"2019-07-25 05:41:33",85
"2019-07-25 06:41:31",85
"2019-07-25 07:41:28",85
"2019-07-25 08:41:29",85
"2019-07-25 09:41:28",85
"2019-07-25 10:41:37",85
"2019-07-25 11:41:28",85
"2019-07-25 13:04:33",85
"2019-07-25 13:41:31",85
"2019-07-25 14:41:30",85
"2019-07-25 15:41:29",85
"2019-07-25 16:41:32",85
"2019-07-25 17:41:30",85
"2019-07-25 18:41:37",85
"2019-07-25 19:41:33",85
"2019-07-25 20:41:33",85
"2019-07-25 21:41:32",85
"2019-07-25 22:41:29",85
"2019-07-25 23:41:29",85
"2019-07-26 00:41:40",85
"2019-07-26 01:41:30",85
"2019-07-26 02:41:31",85
"2019-07-26 03:41:31",85
"2019-07-26 04:41:34",85
"2019-07-26 05:41:35",85
"2019-07-26 06:41:43",85
"2019-07-26 07:41:36",85
"2019-07-26 08:41:28",85
"2019-07-26 09:41:29",85
"2019-07-26 10:41:30",85
"2019-07-26 11:41:33",85
"2019-07-26 13:06:33",85
"2019-07-26 13:41:30",85
"2019-07-26 14:41:30",85
"2019-07-26 15:41:29",86
"2019-07-26 16:41:31",85
"2019-07-26 17:41:32",85
"2019-07-26 18:41:30",85
"2019-07-26 19:41:29",84
"2019-07-26 20:41:29",84
"2019-07-26 21:41:29",84
"2019-07-26 22:41:29",84
"2019-07-26 23:41:28",84
"2019-07-27 00:41:28",84
"2019-07-27 01:41:30",84
"2019-07-27 02:41:31",84
"2019-07-27 03:41:29",84
"2019-07-27 04:41:29",84
"2019-07-27 05:41:29",84
"2019-07-27 06:41:29",84
"2019-07-27 07:41:28",84
"2019-07-27 08:41:29",84
"2019-07-27 09:41:28",84
"2019-07-27 10:41:31",84
"2019-07-27 11:41:28",84
"2019-07-27 12:41:29",84
"2019-07-27 13:41:28",84
"2019-07-27 14:41:29",84
"2019-07-27 15:41:31",84
"2019-07-27 16:41:35",84
"2019-07-27 17:41:33",84
"2019-07-27 18:41:30",84
"2019-07-27 19:41:30",84
"2019-07-27 20:41:31",84
"2019-07-27 21:41:31",84
"2019-07-27 22:41:29",84
"2019-07-27 23:41:29",84
"2019-07-28 00:41:29",84
"2019-07-28 01:41:28",84
"2019-07-28 02:41:28",84
"2019-07-28 03:41:28",84
"2019-07-28 04:41:29",84
"2019-07-28 05:41:28",84
"2019-07-28 06:41:28",84
"2019-07-28 07:41:28",84
"2019-07-28 08:41:28",84
"2019-07-28 09:41:28",84
"2019-07-28 10:41:27",84
"2019-07-28 11:41:28",84
"2019-07-28 12:41:28",84
"2019-07-28 13:41:28",84
"2019-07-28 14:41:29",84
"2019-07-28 15:41:27",84
"2019-07-28 16:41:30",84
"2019-07-28 17:41:29",84
"2019-07-28 18:41:28",84
"2019-07-28 19:41:28",84
"2019-07-28 20:41:28",84
"2019-07-28 21:41:28",84
"2019-07-28 22:41:29",84
"2019-07-28 23:41:30",84
"2019-07-29 00:41:29",84
"2019-07-29 01:41:29",84
"2019-07-29 02:41:29",84
"2019-07-29 03:41:29",84
"2019-07-29 04:41:30",84
"2019-07-29 05:41:32",84
"2019-07-29 06:41:34",84
"2019-07-29 07:41:30",84
"2019-07-29 08:41:28",84
"2019-07-29 09:41:29",84
"2019-07-29 10:41:29",84
"2019-07-29 11:41:28",84
"2019-07-29 13:05:32",84
"2019-07-29 13:41:30",84
"2019-07-29 14:41:29",83
"2019-07-29 15:41:29",82
"2019-07-29 16:41:30",82
"2019-07-29 17:41:29",82
"2019-07-29 18:41:30",82
"2019-07-29 19:41:28",82
"2019-07-29 20:41:29",81
"2019-07-29 21:41:28",81
"2019-07-29 22:41:29",81
"2019-07-29 23:41:29",81
"2019-07-30 00:41:29",81
"2019-07-30 01:41:29",81
"2019-07-30 02:41:29",81
"2019-07-30 03:41:28",81
"2019-07-30 04:41:28",81
"2019-07-30 05:41:28",81
"2019-07-30 06:41:29",81
"2019-07-30 07:41:34",81
"2019-07-30 08:41:29",81
"2019-07-30 09:41:29",81
"2019-07-30 10:41:28",81
"2019-07-30 11:41:31",81
"2019-07-30 12:41:29",81
"2019-07-30 13:41:29",81
"2019-07-30 14:41:30",81
"2019-07-30 15:41:30",81
"2019-07-30 16:41:30",81
"2019-07-30 17:41:33",81
"2019-07-30 18:41:32",81
"2019-07-30 19:41:32",81
"2019-07-30 20:41:30",81
"2019-07-30 21:41:30",81
"2019-07-30 22:41:31",81
"2019-07-30 23:41:29",81
"2019-07-31 00:41:30",81
"2019-07-31 01:41:29",81
"2019-07-31 02:41:29",81
"2019-07-31 03:41:30",81
"2019-07-31 04:41:30",81
"2019-07-31 05:41:34",81
"2019-07-31 06:41:30",81
"2019-07-31 07:41:29",81
"2019-07-31 08:41:30",81
"2019-07-31 09:41:30",81
"2019-07-31 10:41:29",81
"2019-07-31 11:41:28",81
"2019-07-31 13:05:35",81
"2019-07-31 13:41:30",81
"2019-07-31 14:41:30",82
"2019-07-31 15:41:30",82
"2019-07-31 16:41:33",82
"2019-07-31 17:41:30",82
"2019-07-31 18:41:29",82
"2019-07-31 19:41:29",83
"2019-07-31 20:41:30",83
"2019-07-31 21:41:31",83
"2019-07-31 22:41:29",83
"2019-07-31 23:41:30",83
"2019-08-01 00:41:29",83
"2019-08-01 01:41:38",83
"2019-08-01 02:41:32",83
"2019-08-01 03:41:30",83
"2019-08-01 04:41:29",83
"2019-08-01 05:41:32",83
"2019-08-01 06:41:31",83
"2019-08-01 07:41:32",83
"2019-08-01 08:41:29",83
"2019-08-01 09:41:30",83
"2019-08-01 10:41:29",83
"2019-08-01 11:41:28",83
"2019-08-01 13:04:02",83
"2019-08-01 13:41:31",83
"2019-08-01 14:41:30",83
"2019-08-01 15:41:36",83
"2019-08-01 16:41:34",84
"2019-08-01 17:41:32",84
"2019-08-01 18:41:29",84
"2019-08-01 19:41:29",84
"2019-08-01 20:41:29",84
"2019-08-01 21:41:30",84
"2019-08-01 22:41:28",84
"2019-08-01 23:41:30",84
"2019-08-02 00:41:29",84
"2019-08-02 01:41:29",84
"2019-08-02 02:41:29",84
"2019-08-02 03:41:29",84
"2019-08-02 04:41:29",84
"2019-08-02 05:41:32",84
"2019-08-02 06:41:29",84
"2019-08-02 07:41:28",84
"2019-08-02 08:41:29",84
"2019-08-02 09:41:30",84
"2019-08-02 10:41:36",84
"2019-08-02 11:41:29",84
"2019-08-02 13:05:35",84
"2019-08-02 13:41:31",84
"2019-08-02 14:41:31",85
"2019-08-02 15:41:31",85
"2019-08-02 16:41:30",84
"2019-08-02 17:41:29",84
"2019-08-02 18:41:31",85
"2019-08-02 19:41:32",85
"2019-08-02 20:41:31",86
"2019-08-02 21:41:30",86
"2019-08-02 22:41:30",86
"2019-08-02 23:41:30",86
"2019-08-03 00:41:30",86
"2019-08-03 01:41:30",86
"2019-08-03 02:41:31",86
"2019-08-03 03:41:31",86
"2019-08-03 04:41:29",86
"2019-08-03 05:41:34",86
"2019-08-03 06:41:30",86
"2019-08-03 07:41:29",86
"2019-08-03 08:41:31",86
"2019-08-03 09:41:30",86
"2019-08-03 10:41:30",86
"2019-08-03 11:41:30",86
"2019-08-03 12:41:31",86
"2019-08-03 13:41:30",86
"2019-08-03 14:41:30",86
"2019-08-03 15:41:29",86
"2019-08-03 16:41:30",86
"2019-08-03 17:41:31",86
"2019-08-03 18:41:31",86
"2019-08-03 19:41:30",86
"2019-08-03 20:41:29",86
"2019-08-03 21:41:29",86
"2019-08-03 22:41:30",86
"2019-08-03 23:41:30",86
"2019-08-04 00:41:30",86
"2019-08-04 01:41:29",86
"2019-08-04 02:41:35",86
"2019-08-04 03:41:30",86
"2019-08-04 04:41:30",86
"2019-08-04 05:41:33",86
"2019-08-04 06:41:29",86
"2019-08-04 07:41:30",86
"2019-08-04 08:41:31",86
"2019-08-04 09:41:30",86
"2019-08-04 10:41:29",86
"2019-08-04 11:41:28",86
"2019-08-04 12:41:30",86
"2019-08-04 13:41:30",86
"2019-08-04 14:41:29",86
"2019-08-04 15:41:30",86
"2019-08-04 16:41:30",86
"2019-08-04 17:41:30",86
"2019-08-04 18:41:31",86
"2019-08-04 19:41:30",86
"2019-08-04 20:41:30",86
"2019-08-04 21:41:31",86
"2019-08-04 22:41:31",86
"2019-08-04 23:41:30",86
"2019-08-05 00:41:30",86
"2019-08-05 01:41:30",86
"2019-08-05 02:41:32",86
"2019-08-05 03:41:30",86
"2019-08-05 04:41:31",86
"2019-08-05 05:41:31",86
"2019-08-05 06:41:30",86
"2019-08-05 07:41:33",86
"2019-08-05 08:41:31",86
"2019-08-05 09:41:32",86
"2019-08-05 10:41:30",86
"2019-08-05 11:41:30",86
"2019-08-05 13:06:05",86
"2019-08-05 13:41:31",86
"2019-08-05 14:41:31",86
"2019-08-05 15:41:30",86
"2019-08-05 16:41:31",86
"2019-08-05 17:41:31",86
"2019-08-05 18:41:32",86
"2019-08-05 19:41:31",86
"2019-08-05 20:41:30",86
"2019-08-05 21:41:30",86
"2019-08-05 22:41:31",86
"2019-08-05 23:41:32",86
"2019-08-06 00:41:39",86
"2019-08-06 01:41:33",86
"2019-08-06 02:41:31",86
"2019-08-06 03:41:30",86
"2019-08-06 04:41:31",86
"2019-08-06 05:41:32",86
"2019-08-06 06:41:30",86
"2019-08-06 07:41:30",86
"2019-08-06 08:41:30",86
"2019-08-06 09:41:35",86
"2019-08-06 10:41:29",86
"2019-08-06 11:41:29",86
"2019-08-06 12:41:30",86
"2019-08-06 13:41:31",86
"2019-08-06 14:41:30",85
"2019-08-06 15:41:31",84
"2019-08-06 16:41:32",83
"2019-08-06 17:41:30",83
"2019-08-06 18:41:29",83
"2019-08-06 19:41:30",83
"2019-08-06 20:41:31",83
"2019-08-06 21:41:30",83
"2019-08-06 22:41:29",83
"2019-08-06 23:41:30",83
"2019-08-07 00:41:31",83
"2019-08-07 01:41:31",83
"2019-08-07 02:41:32",83
"2019-08-07 03:41:30",83
"2019-08-07 04:41:30",83
"2019-08-07 05:41:31",83
"2019-08-07 06:41:34",83
"2019-08-07 07:41:29",83
"2019-08-07 08:41:31",83
"2019-08-07 09:41:30",83
"2019-08-07 10:41:38",83
"2019-08-07 11:41:30",83
"2019-08-07 12:41:31",83
"2019-08-07 13:41:32",83
"2019-08-07 14:41:31",83
"2019-08-07 15:41:31",83
"2019-08-07 16:41:31",83
"2019-08-07 17:41:30",83
"2019-08-07 18:41:30",83
"2019-08-07 19:41:30",83
"2019-08-07 20:41:30",84
"2019-08-07 21:41:30",84
"2019-08-07 22:41:29",84
"2019-08-07 23:41:30",84
"2019-08-08 00:41:31",84
"2019-08-08 01:41:30",84
"2019-08-08 02:41:36",84
"2019-08-08 03:41:30",84
"2019-08-08 04:41:30",84
"2019-08-08 05:41:29",84
"2019-08-08 06:41:33",84
"2019-08-08 07:41:30",84
"2019-08-08 08:41:30",84
"2019-08-08 09:41:30",84
"2019-08-08 10:41:33",84
"2019-08-08 11:41:29",84
"2019-08-08 12:41:32",84
"2019-08-08 13:41:31",84
"2019-08-08 14:41:31",83
"2019-08-08 15:41:30",83
"2019-08-08 16:41:32",82
"2019-08-08 17:41:31",83
"2019-08-08 18:41:31",83
"2019-08-08 19:41:31",83
"2019-08-08 20:41:31",83
"2019-08-08 21:41:32",83
"2019-08-08 22:41:31",83
"2019-08-08 23:41:32",83
"2019-08-09 00:41:32",83
"2019-08-09 01:41:32",83
"2019-08-09 02:41:32",83
"2019-08-09 03:41:31",83
"2019-08-09 04:41:33",83
"2019-08-09 05:41:34",83
"2019-08-09 06:41:33",83
"2019-08-09 07:41:34",83
"2019-08-09 08:41:33",83
"2019-08-09 09:41:38",83
"2019-08-09 10:41:33",83
"2019-08-09 11:41:31",83
"2019-08-09 13:05:36",83
"2019-08-09 13:41:33",83
"2019-08-09 14:41:35",81
"2019-08-09 15:41:31",81
"2019-08-09 16:41:38",81
"2019-08-09 17:41:31",82
"2019-08-09 18:41:32",81
"2019-08-09 19:41:32",81
"2019-08-09 20:41:31",79
"2019-08-09 21:41:33",79
"2019-08-09 22:41:32",79
"2019-08-09 23:41:34",79
"2019-08-10 00:41:33",79
"2019-08-10 01:41:32",79
"2019-08-10 02:41:42",79
"2019-08-10 03:41:31",79
"2019-08-10 04:41:32",79
"2019-08-10 05:41:34",79
"2019-08-10 06:41:32",79
"2019-08-10 07:41:31",79
"2019-08-10 08:41:31",79
"2019-08-10 09:41:32",79
"2019-08-10 10:41:33",79
"2019-08-10 11:41:31",79
"2019-08-10 12:41:33",79
"2019-08-10 13:41:33",79
"2019-08-10 14:41:31",79
"2019-08-10 15:41:31",79
"2019-08-10 16:41:38",79
"2019-08-10 17:41:31",79
"2019-08-10 18:41:31",79
"2019-08-10 19:41:32",79
"2019-08-10 20:41:32",79
"2019-08-10 21:41:30",79
"2019-08-10 22:41:31",79
"2019-08-10 23:41:31",79
"2019-08-11 00:41:29",79
"2019-08-11 01:41:31",79
"2019-08-11 02:41:40",79
"2019-08-11 03:41:32",79
"2019-08-11 04:41:31",79
"2019-08-11 05:41:33",79
"2019-08-11 06:41:31",79
"2019-08-11 07:41:32",79
"2019-08-11 08:41:31",79
"2019-08-11 09:41:30",79
"2019-08-11 10:41:31",79
"2019-08-11 11:41:32",79
"2019-08-11 12:41:32",79
"2019-08-11 13:41:32",79
"2019-08-11 14:41:32",79
"2019-08-11 15:41:31",79
"2019-08-11 16:41:32",79
"2019-08-11 17:41:31",79
"2019-08-11 18:41:32",79
"2019-08-11 19:41:32",79
"2019-08-11 20:41:33",79
"2019-08-11 21:41:32",79
"2019-08-11 22:41:33",79
"2019-08-11 23:41:33",79
"2019-08-12 00:41:33",79
"2019-08-12 01:41:33",79
"2019-08-12 02:41:35",79
"2019-08-12 03:41:33",79
"2019-08-12 04:41:32",79
"2019-08-12 05:41:37",79
"2019-08-12 06:41:39",79
"2019-08-12 07:41:32",79
"2019-08-12 08:41:33",79
"2019-08-12 09:41:32",79
"2019-08-12 10:41:37",79
"2019-08-12 11:41:32",79
"2019-08-12 12:41:37",79
"2019-08-12 13:41:41",80
"2019-08-12 14:41:32",149
"2019-08-12 15:41:33",329
"2019-08-12 16:41:43",525
"2019-08-12 17:41:34",687
"2019-08-12 18:41:32",813
"2019-08-12 19:41:32",884
"2019-08-12 20:41:33",947
"2019-08-12 21:41:33",957
"2019-08-12 22:41:33",973
"2019-08-12 23:41:33",973
"2019-08-13 00:41:32",973
"2019-08-13 01:41:34",973
"2019-08-13 02:41:36",973
"2019-08-13 03:41:34",973
"2019-08-13 04:41:31",973
"2019-08-13 05:41:35",973
"2019-08-13 06:41:32",973
"2019-08-13 07:41:33",973
"2019-08-13 08:41:31",973
"2019-08-13 09:41:34",973
"2019-08-13 10:41:34",973
"2019-08-13 11:41:34",973
"2019-08-13 12:41:35",973
"2019-08-13 13:41:35",970
"2019-08-13 14:41:33",1027
"2019-08-13 15:41:38",988
"2019-08-13 16:41:35",964
"2019-08-13 17:41:33",964
"2019-08-13 18:41:34",959
"2019-08-13 19:41:33",953
"2019-08-13 20:41:33",949
"2019-08-13 21:41:33",948
"2019-08-13 22:41:41",946
"2019-08-13 23:41:33",946
"2019-08-14 00:41:36",946
"2019-08-14 01:41:34",946
"2019-08-14 02:41:34",946
"2019-08-14 03:41:33",946
"2019-08-14 04:41:32",946
"2019-08-14 05:41:39",946
"2019-08-14 06:41:33",946
"2019-08-14 07:41:32",946
"2019-08-14 08:41:32",946
"2019-08-14 09:41:34",946
"2019-08-14 10:41:31",946
"2019-08-14 11:41:32",946
"2019-08-14 13:04:38",949
"2019-08-14 13:41:34",949
"2019-08-14 14:41:35",923
"2019-08-14 15:41:35",895
"2019-08-14 16:41:33",884
"2019-08-14 17:41:32",874
"2019-08-14 18:41:34",875
"2019-08-14 19:41:34",878
"2019-08-14 20:41:32",881
"2019-08-14 21:41:36",880
"2019-08-14 22:41:33",881
"2019-08-14 23:41:32",881
"2019-08-15 00:41:32",881
"2019-08-15 01:41:33",881
"2019-08-15 02:41:35",881
"2019-08-15 03:41:34",881
"2019-08-15 04:41:33",881
"2019-08-15 05:41:36",881
"2019-08-15 06:41:32",881
"2019-08-15 07:41:32",881
"2019-08-15 08:41:47",881
"2019-08-15 09:41:33",881
"2019-08-15 10:41:32",881
"2019-08-15 11:41:31",881
"2019-08-15 13:04:37",880
"2019-08-15 13:41:37",880
"2019-08-15 14:41:33",861
"2019-08-15 15:41:32",854
"2019-08-15 16:41:40",836
"2019-08-15 17:41:31",829
"2019-08-15 18:41:33",818
"2019-08-15 19:41:31",820
"2019-08-15 20:41:33",817
"2019-08-15 21:41:31",814
"2019-08-15 22:41:31",814
"2019-08-15 23:41:35",814
"2019-08-16 00:41:32",814
"2019-08-16 01:41:40",814
"2019-08-16 02:41:34",814
"2019-08-16 03:41:33",814
"2019-08-16 04:41:30",814
"2019-08-16 05:41:47",814
"2019-08-16 06:41:31",814
"2019-08-16 07:41:32",814
"2019-08-16 08:41:32",814
"2019-08-16 09:41:31",814
"2019-08-16 10:41:31",814
"2019-08-16 11:41:31",814
"2019-08-16 12:41:31",814
"2019-08-16 13:41:33",813
"2019-08-16 14:41:32",813
"2019-08-16 15:41:33",810
"2019-08-16 16:41:33",800
"2019-08-16 18:41:33",802
"2019-08-16 19:41:34",799
"2019-08-16 20:41:35",799
"2019-08-16 21:41:34",798
"2019-08-16 22:41:36",799
"2019-08-16 23:41:33",799
"2019-08-17 00:41:35",799
"2019-08-17 01:41:35",799
"2019-08-17 02:41:44",799
"2019-08-17 03:41:34",799
"2019-08-17 04:41:35",799
"2019-08-17 05:41:34",799
"2019-08-17 06:41:34",799
"2019-08-17 07:41:33",799
"2019-08-17 08:41:35",799
"2019-08-17 09:41:34",799
"2019-08-17 10:41:33",799
"2019-08-17 11:41:32",799
"2019-08-17 12:41:32",799
"2019-08-17 13:41:34",799
"2019-08-17 14:41:44",799
"2019-08-17 15:41:34",799
"2019-08-17 16:41:34",799
"2019-08-17 17:41:33",799
"2019-08-17 18:41:32",799
"2019-08-17 19:41:33",799
"2019-08-17 20:41:36",799
"2019-08-17 21:41:33",799
"2019-08-17 22:41:32",799
"2019-08-17 23:41:33",799
"2019-08-18 00:41:33",799
"2019-08-18 01:41:32",799
"2019-08-18 02:41:35",799
"2019-08-18 03:41:33",799
"2019-08-18 04:41:33",799
"2019-08-18 05:41:38",799
"2019-08-18 06:41:48",799
"2019-08-18 07:41:34",799
"2019-08-18 08:41:35",799
"2019-08-18 09:41:35",799
"2019-08-18 10:41:33",799
"2019-08-18 11:41:34",799
"2019-08-18 12:41:35",799
"2019-08-18 13:41:35",799
"2019-08-18 14:41:34",799
"2019-08-18 15:41:35",799
"2019-08-18 16:41:35",799
"2019-08-18 17:41:34",799
"2019-08-18 18:41:33",799
"2019-08-18 19:41:34",799
"2019-08-18 20:41:34",799
"2019-08-18 21:41:41",799
"2019-08-18 22:41:36",799
"2019-08-18 23:41:34",799
"2019-08-19 00:41:35",799
"2019-08-19 01:41:36",799
"2019-08-19 02:41:34",799
"2019-08-19 03:41:33",799
"2019-08-19 04:41:33",799
"2019-08-19 05:41:35",801
"2019-08-19 06:41:35",801
"2019-08-19 07:41:44",801
"2019-08-19 08:41:34",801
"2019-08-19 09:41:40",801
"2019-08-19 10:41:35",801
"2019-08-19 11:41:33",801
"2019-08-19 12:41:37",801
"2019-08-19 13:41:34",801
"2019-08-19 14:41:32",795
"2019-08-19 15:41:33",809
"2019-08-19 16:41:32",813
"2019-08-19 17:41:32",818
"2019-08-19 18:41:34",823
"2019-08-19 19:41:33",823
"2019-08-19 20:41:32",821
"2019-08-19 21:41:33",821
"2019-08-19 22:41:32",821
"2019-08-19 23:41:33",821
"2019-08-20 00:41:34",821
"2019-08-20 01:41:33",821
"2019-08-20 02:41:34",821
"2019-08-20 03:41:32",821
"2019-08-20 04:41:33",821
"2019-08-20 05:41:39",821
"2019-08-20 06:41:37",821
"2019-08-20 07:41:32",821
"2019-08-20 08:41:32",821
"2019-08-20 09:41:32",821
"2019-08-20 10:41:51",821
"2019-08-20 11:41:31",821
"2019-08-20 13:03:37",820
"2019-08-20 13:41:40",820
"2019-08-20 14:41:34",816
"2019-08-20 15:41:32",808
"2019-08-20 16:41:34",795
"2019-08-20 17:41:34",785
"2019-08-20 18:41:34",775
"2019-08-20 19:41:34",771
"2019-08-20 20:41:34",761
"2019-08-20 21:41:36",762
"2019-08-20 22:41:34",762
"2019-08-20 23:41:33",762
"2019-08-21 00:41:34",762
"2019-08-21 01:41:34",762
"2019-08-21 02:41:38",762
"2019-08-21 03:41:37",762
"2019-08-21 04:41:33",762
"2019-08-21 05:41:34",762
"2019-08-21 06:41:37",762
"2019-08-21 07:41:33",762
"2019-08-21 08:41:34",762
"2019-08-21 09:41:33",762
"2019-08-21 10:41:33",762
"2019-08-21 11:41:33",762
"2019-08-21 12:41:33",762
"2019-08-21 13:41:35",762
"2019-08-21 14:41:34",760
"2019-08-21 15:41:36",756
"2019-08-21 16:41:48",752
"2019-08-21 17:41:33",754
"2019-08-21 18:41:34",748
"2019-08-21 19:41:34",747
"2019-08-21 20:41:33",746
"2019-08-21 21:41:34",747
"2019-08-21 22:41:37",747
"2019-08-21 23:41:34",747
"2019-08-22 00:41:35",747
"2019-08-22 01:41:33",747
"2019-08-22 02:41:35",747
"2019-08-22 03:41:34",747
"2019-08-22 04:41:33",747
"2019-08-22 05:41:35",747
"2019-08-22 06:41:34",747
"2019-08-22 07:41:34",747
"2019-08-22 08:41:34",747
"2019-08-22 09:41:35",747
"2019-08-22 10:41:34",747
"2019-08-22 11:41:35",747
"2019-08-22 12:41:34",747
"2019-08-22 13:41:35",747
"2019-08-22 14:41:38",745
"2019-08-22 15:41:36",738
"2019-08-22 16:41:38",731
"2019-08-22 17:41:37",720
"2019-08-22 18:41:37",717
"2019-08-22 19:41:36",714
"2019-08-22 20:41:36",710
"2019-08-22 21:41:37",709
"2019-08-22 22:41:35",709
"2019-08-22 23:41:36",709
"2019-08-23 00:41:38",709
"2019-08-23 01:41:40",709
"2019-08-23 02:41:37",709
"2019-08-23 03:41:35",709
"2019-08-23 04:41:33",709
"2019-08-23 05:41:36",709
"2019-08-23 06:41:35",709
"2019-08-23 07:41:35",709
"2019-08-23 08:41:37",709
"2019-08-23 09:41:34",709
"2019-08-23 10:41:38",709
"2019-08-23 11:41:34",709
"2019-08-23 12:41:37",709
"2019-08-23 13:41:35",709
"2019-08-23 14:41:35",706
"2019-08-23 15:41:36",706
"2019-08-23 16:41:37",706
"2019-08-23 17:41:34",705
"2019-08-23 18:41:36",706
"2019-08-23 19:41:36",704
"2019-08-23 20:41:34",705
"2019-08-23 21:41:35",705
"2019-08-23 22:41:40",705
"2019-08-23 23:41:35",705
"2019-08-24 00:41:34",705
"2019-08-24 01:41:33",705
"2019-08-24 02:41:52",705
"2019-08-24 03:41:33",705
"2019-08-24 04:41:32",705
"2019-08-24 05:41:36",705
"2019-08-24 06:41:35",705
"2019-08-24 07:41:37",705
"2019-08-24 08:41:35",705
"2019-08-24 09:41:35",705
"2019-08-24 10:41:35",705
"2019-08-24 11:41:34",705
"2019-08-24 12:41:36",705
"2019-08-24 13:41:34",705
"2019-08-24 14:41:35",705
"2019-08-24 15:41:34",705
"2019-08-24 16:41:40",705
"2019-08-24 17:41:34",705
"2019-08-24 18:41:36",705
"2019-08-24 19:41:33",705
"2019-08-24 20:41:34",705
"2019-08-24 21:41:34",705
"2019-08-24 22:41:34",705
"2019-08-24 23:41:33",705
"2019-08-25 00:41:33",705
"2019-08-25 01:41:38",705
"2019-08-25 02:41:43",705
"2019-08-25 03:41:33",705
"2019-08-25 04:41:34",705
"2019-08-25 05:41:34",705
"2019-08-25 06:41:34",705
"2019-08-25 07:41:34",705
"2019-08-25 08:41:36",705
"2019-08-25 09:41:33",705
"2019-08-25 10:41:34",705
"2019-08-25 11:41:36",705
"2019-08-25 12:41:34",705
"2019-08-25 13:41:33",705
"2019-08-25 14:41:34",705
"2019-08-25 15:41:35",705
"2019-08-25 16:41:39",705
"2019-08-25 17:41:32",705
"2019-08-25 18:41:33",705
"2019-08-25 19:41:36",705
"2019-08-25 20:41:34",705
"2019-08-25 21:41:35",705
"2019-08-25 22:41:33",705
"2019-08-25 23:41:35",705
"2019-08-26 00:41:34",705
"2019-08-26 01:41:32",705
"2019-08-26 02:41:38",705
"2019-08-26 03:41:33",705
"2019-08-26 04:41:34",705
"2019-08-26 05:41:34",705
"2019-08-26 06:41:33",705
"2019-08-26 07:41:35",705
"2019-08-26 08:41:33",705
"2019-08-26 09:41:33",705
"2019-08-26 10:41:35",705
"2019-08-26 11:41:33",705
"2019-08-26 12:41:36",705
"2019-08-26 13:41:34",705
"2019-08-26 14:41:34",705
"2019-08-26 15:41:35",703
"2019-08-26 16:41:37",705
"2019-08-26 17:41:34",704
"2019-08-26 18:41:34",701
"2019-08-26 19:41:36",703
"2019-08-26 20:41:34",703
"2019-08-26 21:41:35",703
"2019-08-26 22:41:33",703
"2019-08-26 23:41:33",703
"2019-08-27 00:41:34",703
"2019-08-27 01:41:34",703
"2019-08-27 02:41:39",703
"2019-08-27 03:41:34",703
"2019-08-27 04:41:33",703
"2019-08-27 05:41:36",703
"2019-08-27 06:41:36",703
"2019-08-27 07:41:34",703
"2019-08-27 08:41:36",703
"2019-08-27 09:41:33",703
"2019-08-27 10:41:33",703
"2019-08-27 11:41:37",703
"2019-08-27 12:41:36",703
"2019-08-27 13:41:48",703
"2019-08-27 14:41:34",702
"2019-08-27 15:41:36",699
"2019-08-27 16:41:37",696
"2019-08-27 17:41:33",694
"2019-08-27 18:41:34",692
"2019-08-27 19:41:36",693
"2019-08-27 20:41:34",691
"2019-08-27 21:41:36",691
"2019-08-27 22:41:35",691
"2019-08-27 23:41:36",691
"2019-08-28 00:41:40",691
"2019-08-28 01:41:35",691
"2019-08-28 02:41:40",691
"2019-08-28 03:41:43",691
"2019-08-28 04:41:35",691
"2019-08-28 05:41:36",691
"2019-08-28 06:41:36",691
"2019-08-28 07:41:38",691
"2019-08-28 08:41:33",691
"2019-08-28 09:41:36",691
"2019-08-28 10:41:36",691
"2019-08-28 11:41:37",691
"2019-08-28 12:41:35",691
"2019-08-28 13:41:34",691
"2019-08-28 14:41:33",691
"2019-08-28 15:41:32",686
"2019-08-28 16:41:46",685
"2019-08-28 17:41:34",688
"2019-08-28 18:41:34",686
"2019-08-28 19:41:34",685
"2019-08-28 20:41:34",687
"2019-08-28 21:41:34",687
"2019-08-28 22:41:34",687
"2019-08-28 23:41:36",687
"2019-08-29 00:41:33",687
"2019-08-29 01:41:34",687
"2019-08-29 02:41:37",687
"2019-08-29 03:41:33",687
"2019-08-29 04:41:33",687
"2019-08-29 05:41:43",687
"2019-08-29 06:41:32",687
"2019-08-29 07:41:34",687
"2019-08-29 08:41:34",687
"2019-08-29 09:41:36",687
"2019-08-29 10:41:32",687
"2019-08-29 11:41:31",687
"2019-08-29 12:41:35",687
"2019-08-29 13:41:34",687
"2019-08-29 14:41:33",685
"2019-08-29 15:41:33",682
"2019-08-29 16:41:38",678
"2019-08-29 17:41:33",675
"2019-08-29 18:41:32",673
"2019-08-29 19:41:30",675
"2019-08-29 20:41:33",675
"2019-08-29 21:41:33",675
"2019-08-29 22:41:31",675
"2019-08-29 23:41:33",675
"2019-08-30 00:41:34",675
"2019-08-30 01:41:35",675
"2019-08-30 02:41:34",675
"2019-08-30 03:41:34",675
"2019-08-30 04:41:34",675
"2019-08-30 05:41:38",675
"2019-08-30 06:41:32",675
"2019-08-30 07:41:32",675
"2019-08-30 08:41:31",675
"2019-08-30 09:41:31",675
"2019-08-30 10:41:31",675
"2019-08-30 11:41:30",675
"2019-08-30 12:41:33",675
"2019-08-30 13:41:32",675
"2019-08-30 14:41:32",673
"2019-08-30 15:41:32",670
"2019-08-30 16:41:34",669
"2019-08-30 17:41:33",668
"2019-08-30 18:41:31",669
"2019-08-30 19:41:31",673
"2019-08-30 20:41:40",681
"2019-08-30 21:41:39",681
"2019-08-30 22:41:41",681
"2019-08-30 23:41:39",681
"2019-08-31 00:41:38",681
"2019-08-31 01:41:40",681
"2019-08-31 02:41:39",681
"2019-08-31 03:41:39",681
"2019-08-31 04:41:39",681
"2019-08-31 23:41:47",681
"2019-09-01 00:41:41",681
"2019-09-01 01:41:39",681
"2019-09-01 02:41:40",681
"2019-09-01 03:41:40",681
"2019-09-01 04:41:39",681
"2019-09-01 05:41:39",681
"2019-09-01 06:41:39",681
"2019-09-01 07:41:38",681
"2019-09-01 08:41:40",681
"2019-09-01 09:41:39",681
"2019-09-01 10:41:39",681
"2019-09-01 11:41:38",681
"2019-09-01 12:41:40",681
"2019-09-01 13:41:39",681
"2019-09-01 14:41:39",681
"2019-09-01 15:41:39",681
"2019-09-01 16:41:43",681
"2019-09-01 17:41:42",681
"2019-09-01 18:41:39",681
"2019-09-01 19:41:38",681
"2019-09-01 20:41:39",681
"2019-09-01 21:41:39",681
"2019-09-01 22:41:40",681
"2019-09-01 23:41:40",681
"2019-09-02 00:41:38",681
"2019-09-02 01:41:37",681
"2019-09-02 02:41:38",681
"2019-09-02 03:41:39",681
"2019-09-02 04:41:40",681
"2019-09-02 05:41:46",681
"2019-09-02 06:41:40",681
"2019-09-02 07:41:41",681
"2019-09-02 08:41:38",681
"2019-09-02 09:41:39",681
"2019-09-02 10:41:45",681
"2019-09-02 11:41:40",681
"2019-09-02 12:41:38",681
"2019-09-02 13:41:40",681
"2019-09-02 14:41:38",681
"2019-09-02 15:41:39",681
"2019-09-02 16:41:46",681
"2019-09-02 17:41:38",681
"2019-09-02 18:41:40",681
"2019-09-02 19:41:39",681
"2019-09-02 20:41:39",681
"2019-09-02 21:41:39",681
"2019-09-02 22:41:40",681
"2019-09-02 23:41:39",681
"2019-09-03 00:41:39",681
"2019-09-03 01:41:41",681
"2019-09-03 02:41:41",681
"2019-09-03 03:41:38",681
"2019-09-03 04:41:38",681
"2019-09-03 05:41:44",681
"2019-09-03 06:41:41",681
"2019-09-03 07:41:38",681
"2019-09-03 08:41:45",681
"2019-09-03 09:41:39",681
"2019-09-03 10:41:43",681
"2019-09-03 11:41:38",681
"2019-09-03 13:05:45",681
"2019-09-03 13:41:44",681
"2019-09-03 14:41:40",679
"2019-09-03 15:41:39",677
"2019-09-03 16:41:43",675
"2019-09-03 17:41:40",676
"2019-09-03 18:41:39",674
"2019-09-03 19:41:37",674
"2019-09-03 20:41:39",671
"2019-09-03 21:41:39",671
"2019-09-03 22:41:43",671
"2019-09-03 23:41:39",671
"2019-09-04 00:41:41",671
"2019-09-04 01:41:41",671
"2019-09-04 02:41:39",671
"2019-09-04 03:41:39",671
"2019-09-04 04:41:38",671
"2019-09-04 05:41:45",671
"2019-09-04 06:41:40",671
"2019-09-04 07:41:38",671
"2019-09-04 08:41:38",671
"2019-09-04 09:41:40",671
"2019-09-04 10:41:39",671
"2019-09-04 11:41:38",671
"2019-09-04 13:04:45",671
"2019-09-04 13:41:39",671
"2019-09-04 14:41:39",666
"2019-09-04 15:41:40",665
"2019-09-04 16:41:45",660
"2019-09-04 17:41:38",663
"2019-09-04 18:41:41",663
"2019-09-04 19:41:40",663
"2019-09-04 20:41:39",664
"2019-09-04 21:41:38",664
"2019-09-04 22:41:38",664
"2019-09-04 23:41:40",664
"2019-09-05 01:41:39",664
"2019-09-05 02:41:43",664
"2019-09-05 03:41:38",664
"2019-09-05 04:41:39",664
"2019-09-05 05:41:45",664
"2019-09-05 06:41:38",664
"2019-09-05 07:41:42",664
"2019-09-05 08:41:39",664
"2019-09-05 09:41:38",664
"2019-09-05 10:41:43",664
"2019-09-05 11:41:39",664
"2019-09-05 13:05:43",664
"2019-09-05 13:41:40",664
"2019-09-05 14:41:42",662
"2019-09-05 15:41:39",661
"2019-09-05 16:41:50",655
"2019-09-05 17:41:40",654
"2019-09-05 18:41:38",653
"2019-09-05 19:41:38",652
"2019-09-05 20:41:41",651
"2019-09-05 21:41:39",650
"2019-09-05 22:41:40",649
"2019-09-05 23:41:41",649
"2019-09-06 00:41:40",649
"2019-09-06 01:41:40",649
"2019-09-06 02:41:39",649
"2019-09-06 03:41:38",649
"2019-09-06 04:41:38",649
"2019-09-06 05:41:48",649
"2019-09-06 06:41:39",649
"2019-09-06 07:41:41",649
"2019-09-06 08:41:39",649
"2019-09-06 09:41:40",649
"2019-09-06 10:41:40",649
"2019-09-06 11:41:52",649
"2019-09-06 13:04:43",649
"2019-09-06 13:41:39",649
"2019-09-06 14:41:38",653
"2019-09-06 15:41:38",645
"2019-09-06 16:41:46",644
"2019-09-06 17:41:38",640
"2019-09-06 18:41:42",640
"2019-09-06 19:41:38",638
"2019-09-06 20:41:40",638
"2019-09-06 21:41:40",638
"2019-09-06 22:41:40",638
"2019-09-06 23:41:39",638
"2019-09-07 00:41:39",638
"2019-09-07 01:41:41",638
"2019-09-07 02:41:39",638
"2019-09-07 03:41:40",638
"2019-09-07 04:41:39",638
"2019-09-07 05:41:58",638
"2019-09-07 06:41:39",638
"2019-09-07 07:41:37",638
"2019-09-07 08:41:37",638
"2019-09-07 09:41:39",638
"2019-09-07 10:41:42",638
"2019-09-07 11:41:39",638
"2019-09-07 12:41:37",638
"2019-09-07 13:41:40",638
"2019-09-07 14:41:39",638
"2019-09-07 15:41:39",638
"2019-09-07 16:41:39",638
"2019-09-07 17:41:39",638
"2019-09-07 18:41:39",638
"2019-09-07 19:41:38",638
"2019-09-07 20:41:39",638
"2019-09-07 22:41:37",638
"2019-09-07 23:41:40",638
"2019-09-08 00:41:39",638
"2019-09-08 01:41:41",638
"2019-09-08 02:41:43",638
"2019-09-08 03:41:40",638
"2019-09-08 04:41:39",638
"2019-09-08 05:41:41",638
"2019-09-08 06:41:39",638
"2019-09-08 07:41:38",638
"2019-09-08 08:41:40",638
"2019-09-08 09:41:38",638
"2019-09-08 10:41:42",638
"2019-09-08 11:41:39",638
"2019-09-08 12:41:38",638
"2019-09-08 13:41:41",638
"2019-09-08 14:41:39",638
"2019-09-08 15:41:39",638
"2019-09-08 16:41:43",638
"2019-09-08 17:41:39",638
"2019-09-08 18:41:39",638
"2019-09-08 19:41:44",638
"2019-09-08 20:41:41",638
"2019-09-08 21:41:40",638
"2019-09-08 22:41:38",638
"2019-09-08 23:41:38",638
"2019-09-09 00:41:39",638
"2019-09-09 01:41:38",638
"2019-09-09 02:41:40",638
"2019-09-09 03:41:39",638
"2019-09-09 04:41:38",638
"2019-09-09 05:41:45",638
"2019-09-09 06:41:38",638
"2019-09-09 07:41:39",638
"2019-09-09 08:41:39",638
"2019-09-09 09:41:38",638
"2019-09-09 10:41:38",638
"2019-09-09 11:41:39",638
"2019-09-09 13:04:44",638
"2019-09-09 13:41:41",638
"2019-09-09 14:41:45",638
"2019-09-09 15:41:40",631
"2019-09-09 16:41:47",628
"2019-09-09 17:41:38",628
"2019-09-09 18:41:39",627
"2019-09-09 19:41:39",625
"2019-09-09 20:41:38",625
"2019-09-09 21:41:39",624
"2019-09-09 22:41:37",624
"2019-09-09 23:41:39",624
"2019-09-10 00:41:39",624
"2019-09-10 01:41:39",624
"2019-09-10 02:41:40",624
"2019-09-10 03:41:40",624
"2019-09-10 04:41:40",624
"2019-09-10 05:41:41",624
"2019-09-10 06:41:39",624
"2019-09-10 07:41:37",624
"2019-09-10 08:41:41",624
"2019-09-10 09:41:48",624
"2019-09-10 10:41:39",624
"2019-09-10 11:41:39",624
"2019-09-10 12:41:40",624
"2019-09-10 13:41:40",624
"2019-09-10 14:41:39",624
"2019-09-10 15:41:38",622
"2019-09-10 16:41:41",621
"2019-09-10 17:41:39",619
"2019-09-10 18:41:39",619
"2019-09-10 19:41:46",619
"2019-09-10 20:41:38",621
"2019-09-10 21:41:40",621
"2019-09-10 22:41:38",621
"2019-09-10 23:41:40",621
"2019-09-11 00:41:38",621
"2019-09-11 01:41:39",621
"2019-09-11 02:41:38",621
"2019-09-11 03:41:38",621
"2019-09-11 04:41:39",621
"2019-09-11 05:41:43",621
"2019-09-11 06:41:40",621
"2019-09-11 07:41:38",621
"2019-09-11 08:41:38",621
"2019-09-11 09:41:41",621
"2019-09-11 10:41:49",621
"2019-09-11 11:41:43",621
"2019-09-11 12:41:40",621
"2019-09-11 13:41:41",621
"2019-09-11 14:41:39",616
"2019-09-11 15:41:38",614
"2019-09-11 16:41:40",616
"2019-09-11 17:41:38",617
"2019-09-11 18:41:39",617
"2019-09-11 19:41:39",615
"2019-09-11 20:41:38",613
"2019-09-11 21:41:44",613
"2019-09-11 22:41:39",613
"2019-09-11 23:41:38",613
"2019-09-12 00:41:40",613
"2019-09-12 01:41:39",613
"2019-09-12 02:41:45",613
"2019-09-12 03:41:40",613
"2019-09-12 04:41:38",613
"2019-09-12 05:41:43",613
"2019-09-12 06:41:40",613
"2019-09-12 07:41:39",613
"2019-09-12 08:41:38",613
"2019-09-12 09:41:38",613
"2019-09-12 10:41:49",613
"2019-09-12 11:41:40",613
"2019-09-12 13:05:45",613
"2019-09-12 13:41:40",613
"2019-09-12 14:41:42",613
"2019-09-12 15:41:41",612
"2019-09-12 16:41:40",612
"2019-09-12 17:41:39",612
"2019-09-12 18:41:39",612
"2019-09-12 19:41:39",609
"2019-09-12 20:41:38",610
"2019-09-12 21:41:37",610
"2019-09-12 22:41:38",610
"2019-09-12 23:41:39",610
"2019-09-13 00:41:38",610
"2019-09-13 01:41:40",610
"2019-09-13 02:41:39",610
"2019-09-13 03:41:39",610
"2019-09-13 04:41:38",610
"2019-09-13 05:41:39",610
"2019-09-13 06:41:39",610
"2019-09-13 07:41:38",610
"2019-09-13 08:41:39",610
"2019-09-13 09:41:38",610
"2019-09-13 10:41:39",610
"2019-09-13 11:41:38",610
"2019-09-13 13:05:42",610
"2019-09-13 14:06:44",612
"2019-09-13 14:41:40",612
"2019-09-13 15:41:40",612
"2019-09-13 16:41:40",611
"2019-09-13 17:41:39",611
"2019-09-13 18:41:39",610
"2019-09-13 19:41:40",609
"2019-09-13 20:41:37",608
"2019-09-13 21:41:42",608
"2019-09-13 22:41:38",608
"2019-09-13 23:41:39",608
"2019-09-14 00:41:42",608
"2019-09-14 01:41:37",608
"2019-09-14 02:41:40",608
"2019-09-14 03:41:40",608
"2019-09-14 04:41:37",608
"2019-09-14 05:41:39",608
"2019-09-14 06:41:39",608
"2019-09-14 07:41:39",608
"2019-09-14 08:41:39",608
"2019-09-14 09:41:37",608
"2019-09-14 10:41:39",608
"2019-09-14 11:41:37",608
"2019-09-14 12:41:39",608
"2019-09-14 13:41:37",608
"2019-09-14 14:41:39",608
"2019-09-14 15:41:37",608
"2019-09-14 16:41:40",608
"2019-09-14 17:41:39",608
"2019-09-14 18:41:37",608
"2019-09-14 19:41:37",608
"2019-09-14 20:41:37",608
"2019-09-14 21:41:40",608
"2019-09-14 22:41:39",608
"2019-09-14 23:41:39",608
"2019-09-15 00:41:39",608
"2019-09-15 01:41:37",608
"2019-09-15 02:41:40",608
"2019-09-15 03:41:40",608
"2019-09-15 04:41:39",608
"2019-09-15 05:41:37",608
"2019-09-15 06:41:41",608
"2019-09-15 07:41:40",608
"2019-09-15 08:41:40",608
"2019-09-15 09:41:38",608
"2019-09-15 10:41:39",608
"2019-09-15 11:41:39",608
"2019-09-15 12:41:40",608
"2019-09-15 13:41:40",608
"2019-09-15 14:41:38",608
"2019-09-15 15:41:38",608
"2019-09-15 16:41:40",608
"2019-09-15 17:41:36",608
"2019-09-15 18:41:38",608
"2019-09-15 19:41:38",608
"2019-09-15 20:41:38",608
"2019-09-15 21:41:40",608
"2019-09-15 22:41:38",608
"2019-09-15 23:41:38",608
"2019-09-16 00:41:40",608
"2019-09-16 01:41:38",608
"2019-09-16 02:41:40",608
"2019-09-16 03:41:40",608
"2019-09-16 04:41:38",608
"2019-09-16 05:41:40",608
"2019-09-16 06:41:40",608
"2019-09-16 07:41:38",608
"2019-09-16 08:41:39",608
"2019-09-16 09:41:40",608
"2019-09-16 10:41:39",608
"2019-09-16 11:41:37",608
"2019-09-16 13:05:14",608
"2019-09-16 13:41:40",608
"2019-09-16 14:41:42",604
"2019-09-16 15:41:40",601
"2019-09-16 16:41:42",600
"2019-09-16 17:41:39",599
"2019-09-16 18:41:40",599
"2019-09-16 19:41:47",598
"2019-09-16 20:41:43",597
"2019-09-16 21:41:41",597
"2019-09-16 22:41:43",597
"2019-09-16 23:41:41",597
"2019-09-17 00:41:41",597
"2019-09-17 01:41:39",597
"2019-09-17 02:41:41",597
"2019-09-17 03:41:42",597
"2019-09-17 04:41:40",597
"2019-09-17 05:41:40",597
"2019-09-17 06:41:38",597
"2019-09-17 07:41:41",597
"2019-09-17 08:41:38",597
"2019-09-17 09:41:42",597
"2019-09-17 10:41:41",597
"2019-09-17 11:41:39",597
"2019-09-17 12:41:39",597
"2019-09-17 13:41:42",597
"2019-09-17 14:41:40",596
"2019-09-17 15:41:40",593
"2019-09-17 16:41:42",589
"2019-09-17 17:41:39",587
"2019-09-17 18:41:41",584
"2019-09-17 19:41:39",583
"2019-09-17 20:41:40",584
"2019-09-17 21:41:40",584
"2019-09-17 22:41:42",584
"2019-09-17 23:41:40",584
"2019-09-18 00:41:40",584
"2019-09-18 01:41:40",584
"2019-09-18 02:41:38",584
"2019-09-18 03:41:39",584
"2019-09-18 04:41:46",584
"2019-09-18 05:41:40",584
"2019-09-18 06:41:42",584
"2019-09-18 07:41:39",584
"2019-09-18 08:41:41",584
"2019-09-18 09:41:41",584
"2019-09-18 10:41:40",584
"2019-09-18 11:41:39",584
"2019-09-18 13:36:48",584
"2019-09-18 13:44:05",584
"2019-09-18 14:41:41",582
"2019-09-18 15:41:42",580
"2019-09-18 16:41:43",579
"2019-09-18 17:41:39",581
"2019-09-18 18:41:39",581
"2019-09-18 19:41:42",581
"2019-09-18 20:41:40",581
"2019-09-18 21:41:39",581
"2019-09-18 22:41:41",581
"2019-09-18 23:41:43",581
"2019-09-19 00:41:38",581
"2019-09-19 01:41:40",581
"2019-09-19 02:41:43",581
"2019-09-19 03:41:41",581
"2019-09-19 04:41:39",581
"2019-09-19 05:41:40",581
"2019-09-19 06:41:42",581
"2019-09-19 07:41:38",581
"2019-09-19 08:41:40",581
"2019-09-19 09:41:39",581
"2019-09-19 10:41:40",581
"2019-09-19 11:41:38",581
"2019-09-19 13:05:14",581
"2019-09-19 13:41:42",581
"2019-09-19 14:41:39",582
"2019-09-19 15:41:40",580
"2019-09-19 16:41:43",579
"2019-09-19 17:41:41",578
"2019-09-19 18:41:41",577
"2019-09-19 19:41:38",578
"2019-09-19 20:41:42",578
"2019-09-19 21:41:39",578
"2019-09-19 22:41:41",578
"2019-09-19 23:41:38",578
"2019-09-20 00:41:41",578
"2019-09-20 01:41:45",578
"2019-09-20 02:41:38",578
"2019-09-20 03:41:40",578
"2019-09-20 04:41:40",578
"2019-09-20 05:41:41",578
"2019-09-20 06:41:39",578
"2019-09-20 07:41:39",578
"2019-09-20 08:41:41",578
"2019-09-20 09:41:38",578
"2019-09-20 10:41:38",578
"2019-09-20 11:41:40",578
"2019-09-20 12:41:42",578
"2019-09-20 13:41:37",578
"2019-09-20 14:41:39",574
"2019-09-20 15:41:40",576
"2019-09-20 16:41:40",573
"2019-09-20 17:41:43",573
"2019-09-20 18:41:38",571
"2019-09-20 19:41:41",571
"2019-09-20 20:41:37",571
"2019-09-20 21:41:39",572
"2019-09-20 22:41:41",572
"2019-09-20 23:41:37",572
"2019-09-21 00:41:37",572
"2019-09-21 01:41:38",572
"2019-09-21 02:41:39",572
"2019-09-21 03:41:41",572
"2019-09-21 04:41:36",572
"2019-09-21 05:41:40",572
"2019-09-21 06:41:40",572
"2019-09-21 07:41:37",572
"2019-09-21 08:41:38",572
"2019-09-21 09:41:39",572
"2019-09-21 10:41:37",572
"2019-09-21 11:41:38",572
"2019-09-21 12:41:40",572
"2019-09-21 13:41:39",572
"2019-09-21 14:41:38",572
"2019-09-21 15:41:37",572
"2019-09-21 16:41:40",572
"2019-09-21 17:41:38",572
"2019-09-21 18:41:38",572
"2019-09-21 19:41:38",572
"2019-09-21 20:41:37",572
"2019-09-21 21:41:38",572
"2019-09-21 22:41:38",572
"2019-09-21 23:41:39",572
"2019-09-22 00:41:37",572
"2019-09-22 01:41:38",572
"2019-09-22 02:41:39",572
"2019-09-22 03:41:38",572
"2019-09-22 04:41:39",572
"2019-09-22 05:41:38",572
"2019-09-22 06:41:40",572
"2019-09-22 07:41:41",572
"2019-09-22 08:41:38",572
"2019-09-22 09:41:39",572
"2019-09-22 10:41:38",572
"2019-09-22 11:41:37",572
"2019-09-22 12:41:39",572
"2019-09-22 13:41:38",572
"2019-09-22 14:41:40",572
"2019-09-22 15:41:37",572
"2019-09-22 16:41:40",572
"2019-09-22 17:41:38",572
"2019-09-22 18:41:38",572
"2019-09-22 19:41:40",572
"2019-09-22 20:41:37",572
"2019-09-22 21:41:38",572
"2019-09-22 22:41:37",572
"2019-09-22 23:41:38",572
"2019-09-23 00:41:40",572
"2019-09-23 01:41:37",572
"2019-09-23 02:41:37",572
"2019-09-23 03:41:39",572
"2019-09-23 04:41:37",572
"2019-09-23 05:41:37",572
"2019-09-23 06:41:39",572
"2019-09-23 07:41:38",572
"2019-09-23 08:41:39",572
"2019-09-23 09:41:38",572
"2019-09-23 10:41:38",572
"2019-09-23 11:41:40",572
"2019-09-23 12:41:39",572
"2019-09-23 13:41:38",572
"2019-09-23 14:41:40",573
"2019-09-23 15:41:37",575
"2019-09-23 16:41:39",575
"2019-09-23 17:41:38",572
"2019-09-23 18:41:41",573
"2019-09-23 19:41:38",573
"2019-09-23 20:41:38",572
"2019-09-23 21:41:39",573
"2019-09-23 22:41:39",573
"2019-09-23 23:41:37",573
"2019-09-24 00:41:39",573
"2019-09-24 01:41:38",573
"2019-09-24 02:41:43",573
"2019-09-24 03:41:40",573
"2019-09-24 04:41:38",573
"2019-09-24 05:41:43",573
"2019-09-24 06:41:37",573
"2019-09-24 07:41:38",573
"2019-09-24 08:41:39",573
"2019-09-24 09:41:37",573
"2019-09-24 10:41:39",573
"2019-09-24 11:41:39",573
"2019-09-24 12:41:40",573
"2019-09-24 13:41:38",573
"2019-09-24 14:41:39",572
"2019-09-24 15:41:41",572
"2019-09-24 16:41:40",572
"2019-09-24 17:41:39",571
"2019-09-24 18:41:40",571
"2019-09-24 19:41:37",570
"2019-09-24 20:41:38",567
"2019-09-24 21:41:40",567
"2019-09-24 22:41:38",567
"2019-09-24 23:41:37",567
"2019-09-25 00:41:39",567
"2019-09-25 01:41:41",567
"2019-09-25 02:41:36",567
"2019-09-25 03:41:41",567
"2019-09-25 04:41:40",567
"2019-09-25 05:41:37",567
"2019-09-25 06:41:40",567
"2019-09-25 07:41:41",567
"2019-09-25 08:41:38",567
"2019-09-25 09:41:39",567
"2019-09-25 10:41:40",567
"2019-09-25 11:41:38",567
"2019-09-25 12:41:41",567
"2019-09-25 13:41:41",567
"2019-09-25 14:41:41",568
"2019-09-25 15:41:41",567
"2019-09-25 16:41:39",567
"2019-09-25 17:41:39",567
"2019-09-25 18:41:38",567
"2019-09-25 19:41:41",564
"2019-09-25 20:41:37",564
"2019-09-25 21:41:39",564
"2019-09-25 22:41:38",564
"2019-09-25 23:41:41",564
"2019-09-26 00:41:38",564
"2019-09-26 01:41:39",564
"2019-09-26 02:41:41",564
"2019-09-26 03:41:39",564
"2019-09-26 04:41:42",564
"2019-09-26 05:41:40",564
"2019-09-26 06:41:39",564
"2019-09-26 07:41:38",564
"2019-09-26 08:41:39",564
"2019-09-26 09:41:40",564
"2019-09-26 10:41:38",564
"2019-09-26 11:41:38",564
"2019-09-26 13:04:45",564
"2019-09-26 13:41:45",564
"2019-09-26 14:41:41",563
"2019-09-26 15:41:42",561
"2019-09-26 16:41:43",558
"2019-09-26 17:41:42",554
"2019-09-26 18:41:43",552
"2019-09-26 19:41:42",547
"2019-09-26 20:41:40",545
"2019-09-26 21:41:42",545
"2019-09-26 22:41:41",545
"2019-09-26 23:41:41",545
"2019-09-27 00:41:41",545
"2019-09-27 01:41:38",545
"2019-09-27 02:41:45",545
"2019-09-27 03:41:41",545
"2019-09-27 04:41:40",545
"2019-09-27 05:41:41",545
"2019-09-27 06:41:41",545
"2019-09-27 07:41:43",545
"2019-09-27 08:41:40",545
"2019-09-27 09:41:40",545
"2019-09-27 10:41:42",545
"2019-09-27 11:41:39",545
"2019-09-27 13:05:45",545
"2019-09-27 13:41:43",545
"2019-09-27 14:41:42",544
"2019-09-27 15:41:41",537
"2019-09-27 16:41:41",537
"2019-09-27 17:41:41",534
"2019-09-27 18:41:38",534
"2019-09-27 19:41:42",535
"2019-09-27 20:41:38",534
"2019-09-27 21:41:39",534
"2019-09-27 22:41:44",534
"2019-09-27 23:41:41",534
"2019-09-28 00:41:40",534
"2019-09-28 01:41:42",534
"2019-09-28 02:41:40",534
"2019-09-28 03:41:41",534
"2019-09-28 04:41:40",534
"2019-09-28 05:41:43",534
"2019-09-28 06:41:38",534
"2019-09-28 07:41:41",534
"2019-09-28 08:41:39",534
"2019-09-28 09:41:40",534
"2019-09-28 10:41:38",534
"2019-09-28 11:41:40",534
"2019-09-28 12:41:41",534
"2019-09-28 13:41:43",534
"2019-09-28 14:41:39",534
"2019-09-28 15:41:38",534
"2019-09-28 16:41:42",534
"2019-09-28 17:41:41",534
"2019-09-28 18:41:38",534
"2019-09-28 19:41:39",534
"2019-09-28 20:41:41",534
"2019-09-28 21:41:39",534
"2019-09-28 22:41:40",534
"2019-09-28 23:41:38",534
"2019-09-29 00:41:39",534
"2019-09-29 01:41:41",534
"2019-09-29 02:41:41",534
"2019-09-29 03:41:41",534
"2019-09-29 04:41:40",534
"2019-09-29 05:41:41",534
"2019-09-29 06:41:38",534
"2019-09-29 07:41:40",534
"2019-09-29 08:41:39",534
"2019-09-29 09:41:40",534
"2019-09-29 10:41:39",534
"2019-09-29 11:41:40",534
"2019-09-29 12:41:39",534
"2019-09-29 13:41:39",534
"2019-09-29 14:41:40",534
"2019-09-29 15:41:38",534
"2019-09-29 16:41:41",534
"2019-09-29 17:41:43",534
"2019-09-29 18:41:39",534
"2019-09-29 19:41:42",534
"2019-09-29 20:41:41",534
"2019-09-29 21:41:39",534
"2019-09-29 22:41:39",534
"2019-09-29 23:41:42",534
"2019-09-30 00:41:37",534
"2019-09-30 01:41:40",534
"2019-09-30 02:41:38",534
"2019-09-30 03:41:41",534
"2019-09-30 04:41:39",534
"2019-09-30 05:41:40",534
"2019-09-30 06:41:38",534
"2019-09-30 07:41:42",534
"2019-09-30 08:41:40",534
"2019-09-30 09:41:40",534
"2019-09-30 10:41:38",534
"2019-09-30 11:41:39",534
"2019-09-30 12:41:42",534
"2019-09-30 13:41:39",534
"2019-09-30 14:41:43",530
"2019-09-30 15:41:41",530
"2019-09-30 16:41:47",529
"2019-09-30 17:41:41",529
"2019-09-30 18:41:43",528
"2019-09-30 19:41:40",527
"2019-09-30 20:41:39",526
"2019-09-30 21:41:41",526
"2019-09-30 22:41:39",526
"2019-09-30 23:41:41",526
"2019-10-01 00:41:40",526
"2019-10-01 01:41:39",526
"2019-10-01 02:41:39",526
"2019-10-01 03:41:41",526
"2019-10-01 04:41:38",526
"2019-10-01 05:41:39",526
"2019-10-01 06:41:40",526
"2019-10-01 07:41:41",526
"2019-10-01 08:41:39",526
"2019-10-01 09:41:44",526
"2019-10-01 10:41:40",526
"2019-10-01 11:41:39",526
"2019-10-01 13:04:44",526
"2019-10-01 13:41:40",526
"2019-10-01 14:41:39",526
"2019-10-01 15:41:39",525
"2019-10-01 16:41:41",523
"2019-10-01 17:41:38",522
"2019-10-01 18:41:40",522
"2019-10-01 19:41:40",522
"2019-10-01 20:41:38",520
"2019-10-01 21:41:39",520
"2019-10-01 22:41:40",520
"2019-10-01 23:41:39",520
"2019-10-02 00:41:46",520
"2019-10-02 01:41:39",520
"2019-10-02 02:41:38",520
"2019-10-02 03:41:39",520
"2019-10-02 04:41:42",520
"2019-10-02 05:41:41",520
"2019-10-02 06:41:39",520
"2019-10-02 07:41:38",520
"2019-10-02 08:41:38",520
"2019-10-02 09:41:40",520
"2019-10-02 10:41:37",520
"2019-10-02 11:41:38",520
"2019-10-02 13:05:13",520
"2019-10-02 13:41:39",520
"2019-10-02 14:41:39",520
"2019-10-02 15:41:40",520
"2019-10-02 16:41:37",519
"2019-10-02 17:41:38",519
"2019-10-02 18:41:39",518
"2019-10-02 19:41:39",518
"2019-10-02 20:41:39",517
"2019-10-02 21:41:39",517
"2019-10-02 22:41:41",517
"2019-10-02 23:41:37",517
"2019-10-03 00:41:37",517
"2019-10-03 01:41:38",517
"2019-10-03 02:41:38",517
"2019-10-03 03:41:39",517
"2019-10-03 04:41:39",517
"2019-10-03 05:41:38",517
"2019-10-03 06:41:38",517
"2019-10-03 07:41:40",517
"2019-10-03 08:41:38",517
"2019-10-03 09:41:39",517
"2019-10-03 10:41:41",517
"2019-10-03 11:41:38",517
"2019-10-03 13:05:12",517
"2019-10-03 13:42:20",517
"2019-10-03 14:41:41",516
"2019-10-03 15:41:38",516
"2019-10-03 16:41:39",517
"2019-10-03 17:41:40",518
"2019-10-03 18:41:41",520
"2019-10-03 19:41:40",521
"2019-10-03 20:41:39",520
"2019-10-03 21:41:40",520
"2019-10-03 22:41:40",520
"2019-10-03 23:41:41",520
"2019-10-04 00:41:39",520
"2019-10-04 01:41:39",520
"2019-10-04 02:41:39",520
"2019-10-04 03:41:39",520
"2019-10-04 04:41:39",520
"2019-10-04 05:41:43",520
"2019-10-04 06:41:41",520
"2019-10-04 07:41:39",520
"2019-10-04 08:41:40",520
"2019-10-04 09:41:39",520
"2019-10-04 10:41:41",520
"2019-10-04 11:41:39",520
"2019-10-04 12:41:40",520
"2019-10-04 13:41:42",519
"2019-10-04 14:41:38",518
"2019-10-04 15:41:39",514
"2019-10-04 16:41:41",513
"2019-10-04 17:41:39",511
"2019-10-04 18:41:40",509
"2019-10-04 19:41:39",508
"2019-10-04 20:41:40",508
"2019-10-04 21:41:40",508
"2019-10-04 22:41:38",508
"2019-10-04 23:41:39",508
"2019-10-05 00:41:41",508
"2019-10-05 01:41:39",508
"2019-10-05 02:41:39",508
"2019-10-05 03:41:38",508
"2019-10-05 04:41:38",508
"2019-10-05 05:41:43",508
"2019-10-05 06:41:39",508
"2019-10-05 07:41:39",508
"2019-10-05 08:41:41",508
"2019-10-05 09:41:39",508
"2019-10-05 10:41:39",508
"2019-10-05 11:41:39",508
"2019-10-05 12:41:40",508
"2019-10-05 13:41:40",508
"2019-10-05 14:41:39",508
"2019-10-05 15:41:39",508
"2019-10-05 16:41:40",508
"2019-10-05 17:41:42",508
"2019-10-05 18:41:40",508
"2019-10-05 19:41:39",508
"2019-10-05 20:41:40",508
"2019-10-05 21:41:39",508
"2019-10-05 22:41:39",508
"2019-10-05 23:41:39",508
"2019-10-06 00:41:39",508
"2019-10-06 01:41:40",508
"2019-10-06 02:41:43",508
"2019-10-06 03:41:41",508
"2019-10-06 04:41:39",508
"2019-10-06 05:41:39",508
"2019-10-06 06:41:42",508
"2019-10-06 07:41:40",508
"2019-10-06 08:41:41",508
"2019-10-06 09:41:40",508
"2019-10-06 10:41:40",508
"2019-10-06 11:41:40",508
"2019-10-06 12:41:40",508
"2019-10-06 13:41:39",508
"2019-10-06 14:41:40",508
"2019-10-06 15:41:38",508
"2019-10-06 16:41:39",508
"2019-10-06 17:41:39",508
"2019-10-06 18:41:42",508
"2019-10-06 19:41:41",508
"2019-10-06 20:41:39",508
"2019-10-06 21:41:38",508
"2019-10-06 22:41:38",508
"2019-10-06 23:41:38",508
"2019-10-07 00:41:39",508
"2019-10-07 01:41:40",508
"2019-10-07 02:41:41",508
"2019-10-07 03:41:39",508
"2019-10-07 04:41:39",508
"2019-10-07 05:41:39",508
"2019-10-07 06:41:40",508
"2019-10-07 07:41:39",508
"2019-10-07 08:41:39",508
"2019-10-07 09:41:43",508
"2019-10-07 10:41:40",508
"2019-10-07 11:41:39",508
"2019-10-07 12:41:44",508
"2019-10-07 13:41:40",507
"2019-10-07 14:41:39",503
"2019-10-07 15:41:40",499
"2019-10-07 16:41:41",499
"2019-10-07 17:41:39",498
"2019-10-07 18:41:40",499
"2019-10-07 19:41:41",498
"2019-10-07 20:41:39",497
"2019-10-07 21:41:39",497
"2019-10-07 22:41:39",497
"2019-10-07 23:41:42",497
"2019-10-08 00:41:39",497
"2019-10-08 01:41:39",497
"2019-10-08 02:41:39",497
"2019-10-08 03:41:41",497
"2019-10-08 04:41:39",497
"2019-10-08 05:41:39",497
"2019-10-08 06:41:40",497
"2019-10-08 07:41:39",497
"2019-10-08 08:41:39",497
"2019-10-08 09:41:40",497
"2019-10-08 10:41:41",497
"2019-10-08 11:41:39",497
"2019-10-08 12:41:39",497
"2019-10-08 13:41:40",497
"2019-10-08 14:41:38",494
"2019-10-08 15:41:39",490
"2019-10-08 16:41:42",490
"2019-10-08 17:41:41",489
"2019-10-08 18:41:41",488
"2019-10-08 19:41:41",489
"2019-10-08 20:41:39",488
"2019-10-08 21:41:39",488
"2019-10-08 22:41:40",488
"2019-10-08 23:41:40",488
"2019-10-09 00:41:39",488
"2019-10-09 01:41:40",488
"2019-10-09 02:41:40",488
"2019-10-09 03:41:39",488
"2019-10-09 04:41:41",488
"2019-10-09 05:41:39",488
"2019-10-09 06:41:40",488
"2019-10-09 07:41:43",488
"2019-10-09 08:41:40",488
"2019-10-09 09:41:38",488
"2019-10-09 10:41:40",488
"2019-10-09 11:41:39",488
"2019-10-09 12:41:43",488
"2019-10-09 13:41:40",488
"2019-10-09 14:41:40",488
"2019-10-09 15:41:44",486
"2019-10-09 16:41:41",484
"2019-10-09 17:41:45",483
"2019-10-09 18:41:42",483
"2019-10-09 19:41:43",483
"2019-10-09 20:41:40",482
"2019-10-09 21:41:39",482
"2019-10-09 22:41:40",482
"2019-10-09 23:41:40",482
"2019-10-10 00:41:41",482
"2019-10-10 01:41:39",482
"2019-10-10 02:41:41",482
"2019-10-10 03:41:39",482
"2019-10-10 04:41:39",482
"2019-10-10 05:41:43",482
"2019-10-10 06:41:40",482
"2019-10-10 07:41:41",482
"2019-10-10 08:41:40",482
"2019-10-10 09:41:39",482
"2019-10-10 10:41:39",482
"2019-10-10 11:41:40",482
"2019-10-10 13:04:44",482
"2019-10-10 13:41:41",482
"2019-10-10 14:41:40",483
"2019-10-10 15:41:40",480
"2019-10-10 16:41:40",480
"2019-10-10 17:41:39",479
"2019-10-10 18:41:39",477
"2019-10-10 19:41:41",473
"2019-10-10 20:41:40",473
"2019-10-10 21:41:41",473
"2019-10-10 22:41:40",473
"2019-10-10 23:41:51",473
"2019-10-11 00:41:41",473
"2019-10-11 01:41:40",473
"2019-10-11 02:41:41",473
"2019-10-11 03:41:43",473
"2019-10-11 04:41:40",473
"2019-10-11 05:41:39",473
"2019-10-11 06:41:42",473
"2019-10-11 07:41:41",473
"2019-10-11 08:41:40",473
"2019-10-11 09:41:43",473
"2019-10-11 10:41:40",473
"2019-10-11 11:41:40",473
"2019-10-11 13:05:15",473
"2019-10-11 13:41:42",473
"2019-10-11 14:41:40",471
"2019-10-11 15:41:45",469
"2019-10-11 16:41:41",468
"2019-10-11 17:41:40",468
"2019-10-11 18:41:41",469
"2019-10-11 19:41:41",470
"2019-10-11 20:41:39",470
"2019-10-11 21:41:40",470
"2019-10-11 22:41:40",470
"2019-10-11 23:41:40",470
"2019-10-12 00:41:42",470
"2019-10-12 01:41:39",470
"2019-10-12 02:41:40",470
"2019-10-12 03:41:42",470
"2019-10-12 04:41:39",470
"2019-10-12 05:41:42",470
"2019-10-12 06:41:43",470
"2019-10-12 07:41:39",470
"2019-10-12 08:41:40",470
"2019-10-12 09:41:42",470
"2019-10-12 10:41:39",470
"2019-10-12 11:41:39",470
"2019-10-12 12:41:43",470
"2019-10-12 13:41:40",470
"2019-10-12 14:41:40",470
"2019-10-12 15:41:40",470
"2019-10-12 16:41:42",470
"2019-10-12 17:41:42",470
"2019-10-12 18:41:40",470
"2019-10-12 19:41:41",470
"2019-10-12 20:41:41",470
"2019-10-12 21:41:39",470
"2019-10-12 22:41:41",470
"2019-10-12 23:41:40",470
"2019-10-13 00:41:42",470
"2019-10-13 01:41:40",470
"2019-10-13 02:41:40",470
"2019-10-13 03:41:42",470
"2019-10-13 04:41:39",470
"2019-10-13 05:41:40",470
"2019-10-13 06:41:41",470
"2019-10-13 07:41:40",470
"2019-10-13 08:41:42",470
"2019-10-13 09:41:42",470
"2019-10-13 10:41:38",470
"2019-10-13 11:41:43",470
"2019-10-13 12:41:40",470
"2019-10-13 13:41:42",470
"2019-10-13 14:41:41",470
"2019-10-13 15:41:40",470
"2019-10-13 16:41:44",470
"2019-10-13 17:41:40",470
"2019-10-13 18:41:41",470
"2019-10-13 19:41:41",470
"2019-10-13 20:41:42",470
"2019-10-13 21:41:42",470
"2019-10-13 22:41:41",470
"2019-10-13 23:41:44",470
"2019-10-14 00:41:40",470
"2019-10-14 01:41:41",470
"2019-10-14 02:41:40",470
"2019-10-14 03:41:40",470
"2019-10-14 04:41:42",470
"2019-10-14 05:41:40",470
"2019-10-14 06:41:42",470
"2019-10-14 07:41:40",470
"2019-10-14 08:41:40",470
"2019-10-14 09:41:43",470
"2019-10-14 10:41:41",470
"2019-10-14 11:41:41",470
"2019-10-14 12:41:43",470
"2019-10-14 13:41:41",470
"2019-10-14 14:41:41",470
"2019-10-14 15:41:42",468
"2019-10-14 16:41:44",468
"2019-10-14 17:41:40",469
"2019-10-14 18:41:43",469
"2019-10-14 19:41:40",470
"2019-10-14 20:41:41",470
"2019-10-14 21:41:41",470
"2019-10-14 22:41:42",470
"2019-10-14 23:41:47",470
"2019-10-15 00:41:39",470
"2019-10-15 01:41:41",470
"2019-10-15 02:41:44",470
"2019-10-15 03:41:40",470
"2019-10-15 04:41:40",470
"2019-10-15 05:41:42",470
"2019-10-15 06:41:41",470
"2019-10-15 07:41:44",470
"2019-10-15 08:41:42",470
"2019-10-15 09:41:40",470
"2019-10-15 10:41:41",470
"2019-10-15 11:41:42",470
"2019-10-15 12:41:42",470
"2019-10-15 13:41:44",470
"2019-10-15 14:41:41",470
"2019-10-15 15:41:40",470
"2019-10-15 16:41:43",471
"2019-10-15 17:41:42",471
"2019-10-15 18:41:44",471
"2019-10-15 19:41:43",471
"2019-10-15 20:41:46",473
"2019-10-15 21:41:42",473
"2019-10-15 22:41:41",473
"2019-10-15 23:41:41",473
"2019-10-16 00:41:41",473
"2019-10-16 01:41:41",473
"2019-10-16 02:41:42",473
"2019-10-16 03:41:45",473
"2019-10-16 04:41:42",473
"2019-10-16 05:41:42",473
"2019-10-16 06:41:41",473
"2019-10-16 07:41:46",473
"2019-10-16 08:41:46",473
"2019-10-16 09:41:42",473
"2019-10-16 10:41:43",473
"2019-10-16 11:41:41",473
"2019-10-16 12:41:41",473
"2019-10-16 13:41:45",473
"2019-10-16 14:41:41",473
"2019-10-16 15:41:45",472
"2019-10-16 16:41:41",472
"2019-10-16 17:41:41",472
"2019-10-16 18:41:42",472
"2019-10-16 19:41:41",471
"2019-10-16 20:41:41",471
"2019-10-16 21:41:43",471
"2019-10-16 22:41:40",471
"2019-10-16 23:41:42",471
"2019-10-17 00:41:41",471
"2019-10-17 01:41:42",471
"2019-10-17 02:41:41",471
"2019-10-17 04:41:42",471
"2019-10-17 05:41:41",471
"2019-10-17 06:41:41",471
"2019-10-17 07:41:43",471
"2019-10-17 08:41:42",471
"2019-10-17 09:41:41",471
"2019-10-17 10:41:40",471
"2019-10-17 11:41:43",471
"2019-10-17 12:41:41",471
"2019-10-17 13:41:43",471
"2019-10-17 14:41:42",470
"2019-10-17 15:41:41",469
"2019-10-17 16:41:40",462
"2019-10-17 17:41:42",456
"2019-10-17 18:41:41",456
"2019-10-17 19:41:43",452
"2019-10-17 20:41:42",451
"2019-10-17 21:41:41",451
"2019-10-17 22:41:42",451
"2019-10-17 23:41:41",451
"2019-10-18 00:41:41",451
"2019-10-18 01:41:42",451
"2019-10-18 02:41:40",451
"2019-10-18 03:41:44",451
"2019-10-18 04:41:40",451
"2019-10-18 05:41:41",451
"2019-10-18 06:41:45",451
"2019-10-18 07:41:41",451
"2019-10-18 08:41:42",451
"2019-10-18 09:41:42",451
"2019-10-18 10:41:44",451
"2019-10-18 11:41:42",451
"2019-10-18 13:04:16",451
"2019-10-18 13:41:40",451
"2019-10-18 14:41:41",449
"2019-10-18 15:41:43",448
"2019-10-18 16:41:41",446
"2019-10-18 17:41:42",446
"2019-10-18 18:41:41",446
"2019-10-18 19:41:41",446
"2019-10-18 20:41:43",445
"2019-10-18 21:41:41",445
"2019-10-18 22:41:40",445
"2019-10-18 23:41:41",445
"2019-10-19 00:41:41",445
"2019-10-19 01:41:43",445
"2019-10-19 02:41:41",445
"2019-10-19 03:41:40",445
"2019-10-19 04:41:42",445
"2019-10-19 05:41:40",445
"2019-10-19 06:41:43",445
"2019-10-19 07:41:42",445
"2019-10-19 08:41:41",445
"2019-10-19 09:41:42",445
"2019-10-19 10:41:43",445
"2019-10-19 11:41:40",445
"2019-10-19 12:41:43",445
"2019-10-19 13:41:40",445
"2019-10-19 14:41:42",445
"2019-10-19 15:41:41",445
"2019-10-19 16:41:43",445
"2019-10-19 17:41:41",445
"2019-10-19 18:41:41",445
"2019-10-19 19:41:43",445
"2019-10-19 20:41:41",445
"2019-10-19 21:41:40",445
"2019-10-19 22:41:41",445
"2019-10-19 23:41:40",445
"2019-10-20 00:41:41",445
"2019-10-20 01:41:40",445
"2019-10-20 02:41:43",445
"2019-10-20 03:41:40",445
"2019-10-20 04:41:42",445
"2019-10-20 05:41:43",445
"2019-10-20 06:41:42",445
"2019-10-20 07:41:43",445
"2019-10-20 08:41:41",445
"2019-10-20 09:41:41",445
"2019-10-20 10:41:43",445
"2019-10-20 11:41:41",445
"2019-10-20 12:41:43",445
"2019-10-20 13:41:41",445
"2019-10-20 14:41:40",445
"2019-10-20 15:41:40",445
"2019-10-20 16:41:43",445
"2019-10-20 17:41:40",445
"2019-10-20 18:41:41",445
"2019-10-20 19:41:40",445
"2019-10-20 20:41:40",445
"2019-10-20 21:41:40",445
"2019-10-20 22:41:40",445
"2019-10-20 23:41:41",445
"2019-10-21 00:41:42",445
"2019-10-21 01:41:43",445
"2019-10-21 02:41:41",445
"2019-10-21 03:41:41",445
"2019-10-21 04:41:40",445
"2019-10-21 05:41:44",445
"2019-10-21 06:41:41",445
"2019-10-21 07:41:41",445
"2019-10-21 08:41:42",445
"2019-10-21 09:41:42",445
"2019-10-21 10:41:41",445
"2019-10-21 11:41:43",445
"2019-10-21 13:05:14",445
"2019-10-21 13:41:45",445
"2019-10-21 14:41:41",445
"2019-10-21 15:41:42",446
"2019-10-21 16:41:42",447
"2019-10-21 17:41:41",447
"2019-10-21 18:41:41",448
"2019-10-21 19:41:42",447
"2019-10-21 20:41:41",444
"2019-10-21 21:41:41",444
"2019-10-21 22:41:44",444
"2019-10-21 23:41:41",444
"2019-10-22 00:41:41",444
"2019-10-22 01:41:41",444
"2019-10-22 02:41:43",444
"2019-10-22 03:41:44",444
"2019-10-22 04:41:42",444
"2019-10-22 05:41:42",444
"2019-10-22 06:41:41",444
"2019-10-22 07:41:44",444
"2019-10-22 08:41:42",444
"2019-10-22 09:41:43",444
"2019-10-22 10:41:40",444
"2019-10-22 11:41:40",444
"2019-10-22 12:41:46",444
"2019-10-22 13:41:41",445
"2019-10-22 14:41:41",444
"2019-10-22 15:41:45",444
"2019-10-22 16:41:42",444
"2019-10-22 17:41:44",443
"2019-10-22 18:41:43",443
"2019-10-22 19:41:41",442
"2019-10-22 20:41:43",442
"2019-10-22 21:41:42",442
"2019-10-22 22:41:43",442
"2019-10-22 23:41:43",442
"2019-10-23 00:41:46",442
"2019-10-23 01:41:43",442
"2019-10-23 02:41:41",442
"2019-10-23 03:41:41",442
"2019-10-23 04:41:44",442
"2019-10-23 05:41:43",442
"2019-10-23 06:41:47",442
"2019-10-23 07:41:43",442
"2019-10-23 08:41:42",442
"2019-10-23 09:41:43",442
"2019-10-23 10:41:43",442
"2019-10-23 11:41:41",442
"2019-10-23 12:41:45",442
"2019-10-23 13:41:45",442
"2019-10-23 14:41:41",441
"2019-10-23 15:41:41",441
"2019-10-23 16:41:43",439
"2019-10-23 17:41:41",439
"2019-10-23 18:41:41",438
"2019-10-23 19:41:41",437
"2019-10-23 20:41:43",437
"2019-10-23 21:41:41",437
"2019-10-23 22:41:42",437
"2019-10-23 23:41:42",437
"2019-10-24 00:47:39",437
"2019-10-24 01:41:42",437
"2019-10-24 02:41:43",437
"2019-10-24 03:41:45",437
"2019-10-24 04:41:41",437
"2019-10-24 05:41:44",437
"2019-10-24 06:41:47",437
"2019-10-24 07:41:42",437
"2019-10-24 08:41:42",437
"2019-10-24 09:41:44",437
"2019-10-24 10:41:41",437
"2019-10-24 11:41:41",437
"2019-10-24 13:05:16",437
"2019-10-24 13:41:42",437
"2019-10-24 14:41:40",434
"2019-10-24 15:41:44",433
"2019-10-24 16:41:41",434
"2019-10-24 17:41:42",434
"2019-10-24 18:41:41",434
"2019-10-24 19:41:44",433
"2019-10-24 20:41:41",433
"2019-10-24 21:41:41",433
"2019-10-24 22:41:41",433
"2019-10-24 23:41:42",433
"2019-10-25 00:41:42",433
"2019-10-25 01:41:42",433
"2019-10-25 02:41:44",433
"2019-10-25 03:41:41",433
"2019-10-25 04:41:40",433
"2019-10-25 05:41:43",433
"2019-10-25 06:41:43",433
"2019-10-25 07:41:43",433
"2019-10-25 08:41:44",433
"2019-10-25 09:41:41",433
"2019-10-25 10:41:41",433
"2019-10-25 11:41:46",433
"2019-10-25 13:05:15",433
"2019-10-25 13:41:43",433
"2019-10-25 14:41:45",433
"2019-10-25 15:41:41",434
"2019-10-25 16:41:45",436
"2019-10-25 17:41:42",436
"2019-10-25 18:41:41",434
"2019-10-25 19:41:41",435
"2019-10-25 20:41:41",435
"2019-10-25 21:41:41",435
"2019-10-25 22:41:42",435
"2019-10-25 23:41:41",435
"2019-10-26 00:41:41",435
"2019-10-26 01:41:44",435
"2019-10-26 02:41:42",435
"2019-10-26 03:41:43",435
"2019-10-26 04:41:44",435
"2019-10-26 05:41:41",435
"2019-10-26 06:41:40",435
"2019-10-26 07:41:44",435
"2019-10-26 08:41:41",435
"2019-10-26 09:41:41",435
"2019-10-26 10:41:40",435
"2019-10-26 11:41:43",435
"2019-10-26 12:41:42",435
"2019-10-26 13:41:42",435
"2019-10-26 14:41:44",435
"2019-10-26 15:41:44",435
"2019-10-26 16:41:42",435
"2019-10-26 17:41:42",435
"2019-10-26 18:41:43",435
"2019-10-26 19:41:43",435
"2019-10-26 20:41:42",435
"2019-10-26 21:41:43",435
"2019-10-26 22:41:42",435
"2019-10-26 23:41:42",435
"2019-10-27 00:41:43",435
"2019-10-27 01:41:42",435
"2019-10-27 02:41:43",435
"2019-10-27 03:41:43",435
"2019-10-27 04:41:41",435
"2019-10-27 05:41:45",435
"2019-10-27 06:41:42",435
"2019-10-27 07:41:41",435
"2019-10-27 08:41:42",435
"2019-10-27 09:41:41",435
"2019-10-27 10:41:40",435
"2019-10-27 11:41:41",435
"2019-10-27 12:41:43",435
"2019-10-27 13:41:42",435
"2019-10-27 14:41:41",435
"2019-10-27 15:41:46",435
"2019-10-27 16:41:41",435
"2019-10-27 17:41:42",435
"2019-10-27 18:41:43",435
"2019-10-27 19:41:44",435
"2019-10-27 20:41:45",435
"2019-10-27 21:41:41",435
"2019-10-27 22:41:40",435
"2019-10-27 23:41:41",435
"2019-10-28 00:41:41",435
"2019-10-28 01:41:42",435
"2019-10-28 02:41:41",435
"2019-10-28 03:41:44",435
"2019-10-28 04:41:41",435
"2019-10-28 05:41:41",435
"2019-10-28 06:41:43",435
"2019-10-28 07:41:42",435
"2019-10-28 08:41:41",435
"2019-10-28 09:41:41",435
"2019-10-28 10:41:43",435
"2019-10-28 11:41:39",435
"2019-10-28 12:41:45",435
"2019-10-28 14:41:44",434
"2019-10-28 15:41:49",434
"2019-10-28 16:41:47",431
"2019-10-28 17:41:45",436
"2019-10-28 18:41:45",437
"2019-10-28 19:41:45",438
"2019-10-28 23:41:43",440
"2019-10-29 00:41:43",440
"2019-10-29 01:41:46",440
"2019-10-29 02:41:44",440
"2019-10-29 03:41:46",440
"2019-10-29 04:41:43",440
"2019-10-29 05:41:45",440
"2019-10-29 06:41:45",440
"2019-10-29 07:41:44",440
"2019-10-29 08:41:44",440
"2019-10-29 09:41:42",440
"2019-10-29 10:41:45",440
"2019-10-29 11:41:42",440
"2019-10-29 12:41:43",440
"2019-10-29 13:41:48",440
"2019-10-29 14:41:43",440
"2019-10-29 15:41:45",435
"2019-10-29 16:41:45",437
"2019-10-29 17:41:42",438
"2019-10-29 18:41:44",438
"2019-10-29 19:41:45",438
"2019-10-29 20:41:42",436
"2019-10-29 21:41:44",436
"2019-10-29 22:41:43",436
"2019-10-29 23:41:44",436
"2019-10-30 00:41:48",436
"2019-10-30 01:41:44",436
"2019-10-30 02:41:43",436
"2019-10-30 03:41:44",436
"2019-10-30 04:41:45",436
"2019-10-30 05:41:47",436
"2019-10-30 06:41:44",436
"2019-10-30 07:41:50",436
"2019-10-30 08:41:44",436
"2019-10-30 09:41:44",436
"2019-10-30 10:41:45",436
"2019-10-30 11:41:41",436
"2019-10-30 13:05:45",436
"2019-10-30 13:41:45",436
"2019-10-30 14:41:42",435
"2019-10-30 15:41:42",433
"2019-10-30 16:41:43",433
"2019-10-30 17:41:43",434
"2019-10-30 18:41:43",434
"2019-10-30 19:41:43",434
"2019-10-30 20:41:42",432
"2019-10-30 21:41:43",432
"2019-10-30 22:41:42",432
"2019-10-30 23:41:43",432
"2019-10-31 00:41:42",432
"2019-10-31 01:41:43",432
"2019-10-31 02:41:42",432
"2019-10-31 03:41:44",432
"2019-10-31 04:41:42",432
"2019-10-31 05:41:43",432
"2019-10-31 06:41:45",432
"2019-10-31 07:41:44",432
"2019-10-31 08:41:43",432
"2019-10-31 09:41:46",432
"2019-10-31 10:41:43",432
"2019-10-31 11:41:43",432
"2019-10-31 13:06:48",432
"2019-10-31 13:41:44",432
"2019-10-31 14:41:44",430
"2019-10-31 15:41:45",430
"2019-10-31 16:41:44",430
"2019-10-31 17:41:44",430
"2019-10-31 18:41:43",430
"2019-10-31 19:41:43",430
"2019-10-31 20:41:45",429
"2019-10-31 22:04:47",429
"2019-10-31 22:41:47",429
"2019-10-31 23:41:43",429
"2019-11-01 00:41:43",429
"2019-11-01 01:41:43",429
"2019-11-01 02:41:43",429
"2019-11-01 03:41:45",429
"2019-11-01 04:41:43",429
"2019-11-01 05:41:46",429
"2019-11-01 06:41:42",429
"2019-11-01 07:41:46",429
"2019-11-01 08:41:44",429
"2019-11-01 09:41:45",429
"2019-11-01 10:41:44",429
"2019-11-01 11:41:47",429
"2019-11-01 13:37:52",429
"2019-11-01 13:47:11",429
"2019-11-01 14:41:44",428
"2019-11-01 15:41:43",428
"2019-11-01 16:41:47",428
"2019-11-01 17:41:45",428
"2019-11-01 18:41:48",428
"2019-11-01 19:41:44",427
"2019-11-01 20:41:44",429
"2019-11-01 21:41:43",429
"2019-11-01 22:41:44",429
"2019-11-01 23:41:44",429
"2019-11-02 00:41:46",429
"2019-11-02 01:41:44",429
"2019-11-02 02:41:44",429
"2019-11-02 03:41:47",429
"2019-11-02 04:41:44",429
"2019-11-02 05:41:43",429
"2019-11-02 06:41:46",429
"2019-11-02 07:41:44",429
"2019-11-02 08:41:44",429
"2019-11-02 09:41:43",429
"2019-11-02 10:41:46",429
"2019-11-02 11:41:44",429
"2019-11-02 12:41:46",429
"2019-11-02 13:41:45",429
"2019-11-02 14:41:44",429
"2019-11-02 15:41:47",429
"2019-11-02 16:41:43",429
"2019-11-02 17:41:44",429
"2019-11-02 18:41:44",429
"2019-11-02 19:41:44",429
"2019-11-02 20:41:44",429
"2019-11-02 23:41:44",429
"2019-11-03 00:41:44",429
"2019-11-03 01:41:44",429
"2019-11-03 02:41:45",429
"2019-11-03 03:41:44",429
"2019-11-03 05:41:45",429
"2019-11-03 06:41:44",429
"2019-11-03 07:41:45",429
"2019-11-03 21:41:45",429
"2019-11-03 22:41:43",429
"2019-11-03 23:41:46",429
"2019-11-04 00:41:43",429
"2019-11-04 01:41:44",429
"2019-11-04 02:41:43",429
"2019-11-04 03:41:43",429
"2019-11-04 04:41:43",429
"2019-11-04 05:41:46",429
"2019-11-04 06:41:44",429
"2019-11-04 07:41:43",429
"2019-11-04 08:41:43",429
"2019-11-04 09:41:45",429
"2019-11-04 10:41:43",429
"2019-11-04 11:41:43",429
"2019-11-04 12:41:43",429
"2019-11-04 14:07:17",429
"2019-11-04 15:41:43",427
"2019-11-04 16:41:44",425
"2019-11-04 17:41:44",426
"2019-11-04 18:41:44",426
"2019-11-04 19:41:46",428
"2019-11-04 20:41:44",427
"2019-11-04 21:41:44",426
"2019-11-04 22:41:44",426
"2019-11-04 23:41:44",426
"2019-11-05 00:41:44",426
"2019-11-05 01:41:44",426
"2019-11-05 02:41:46",426
"2019-11-05 03:41:45",426
"2019-11-05 04:41:43",426
"2019-11-05 05:41:44",426
"2019-11-05 06:41:45",426
"2019-11-05 07:41:44",426
"2019-11-05 08:41:44",426
"2019-11-05 09:41:45",426
"2019-11-05 10:41:43",426
"2019-11-05 11:41:44",426
"2019-11-05 12:41:43",426
"2019-11-05 14:07:17",426
"2019-11-05 14:41:46",426
"2019-11-05 15:41:44",423
"2019-11-05 16:41:44",421
"2019-11-05 17:41:44",421
"2019-11-05 18:41:44",419
"2019-11-05 19:41:45",419
"2019-11-05 20:41:45",419
"2019-11-05 21:41:44",420
"2019-11-05 22:41:44",420
"2019-11-05 23:41:44",420
"2019-11-06 00:41:44",420
"2019-11-06 01:41:44",420
"2019-11-06 02:41:45",420
"2019-11-06 03:41:45",420
"2019-11-06 04:41:47",420
"2019-11-06 05:41:44",420
"2019-11-06 06:41:47",420
"2019-11-06 07:41:43",420
"2019-11-06 08:41:43",420
"2019-11-06 09:41:45",420
"2019-11-06 10:41:46",420
"2019-11-06 11:41:44",420
"2019-11-06 12:41:43",420
"2019-11-06 13:41:44",420
"2019-11-06 14:41:46",420
"2019-11-06 15:41:45",422
"2019-11-06 16:41:45",420
"2019-11-06 17:41:46",422
"2019-11-06 18:41:45",422
"2019-11-06 19:41:45",422
"2019-11-06 20:41:45",422
"2019-11-06 21:41:45",422
"2019-11-06 22:41:45",422
"2019-11-06 23:41:45",422
"2019-11-07 00:41:45",422
"2019-11-07 01:41:44",422
"2019-11-07 02:41:46",422
"2019-11-07 03:41:45",422
"2019-11-07 04:41:46",422
"2019-11-07 05:41:46",422
"2019-11-07 06:41:44",422
"2019-11-07 07:41:45",422
"2019-11-07 08:41:45",422
"2019-11-07 09:41:45",422
"2019-11-07 10:41:43",422
"2019-11-07 11:41:44",422
"2019-11-07 12:41:44",422
"2019-11-07 14:05:48",422
"2019-11-07 14:42:17",422
"2019-11-07 15:41:47",423
"2019-11-07 16:41:47",425
"2019-11-07 17:41:46",426
"2019-11-07 18:41:47",426
"2019-11-07 19:41:47",426
"2019-11-07 21:06:19",423
"2019-11-07 21:41:46",423
"2019-11-07 22:41:46",423
"2019-11-07 23:41:47",422
"2019-11-08 00:41:48",422
"2019-11-08 01:41:47",422
"2019-11-08 02:41:49",422
"2019-11-08 03:41:46",422
"2019-11-08 04:41:46",422
"2019-11-08 05:41:48",422
"2019-11-08 06:41:46",422
"2019-11-08 07:41:47",422
"2019-11-08 08:41:50",422
"2019-11-08 09:41:47",422
"2019-11-08 10:41:47",422
"2019-11-08 11:41:45",422
"2019-11-08 12:41:46",422
"2019-11-08 14:07:20",422
"2019-11-08 14:42:21",422
"2019-11-08 15:41:46",425
"2019-11-08 16:41:47",425
"2019-11-08 17:41:48",425
"2019-11-08 18:41:47",423
"2019-11-08 19:41:48",422
"2019-11-08 20:41:46",422
"2019-11-08 21:41:47",423
"2019-11-08 22:41:46",423
"2019-11-08 23:41:46",423
"2019-11-09 00:41:47",423
"2019-11-09 01:41:48",423
"2019-11-09 02:41:47",423
"2019-11-09 03:41:46",423
"2019-11-09 04:41:48",423
"2019-11-09 05:41:46",423
"2019-11-09 06:41:47",423
"2019-11-09 07:41:47",423
"2019-11-09 08:41:48",423
"2019-11-09 09:41:46",423
"2019-11-09 10:41:46",423
"2019-11-09 11:41:48",423
"2019-11-09 12:41:46",423
"2019-11-09 13:41:46",423
"2019-11-09 14:41:47",423
"2019-11-09 15:41:48",423
"2019-11-09 16:41:47",423
"2019-11-09 17:41:47",423
"2019-11-09 18:41:45",423
"2019-11-09 19:41:47",423
"2019-11-09 20:41:48",423
"2019-11-09 21:41:46",423
"2019-11-09 22:41:48",423
"2019-11-09 23:41:46",423
"2019-11-10 00:41:46",423
"2019-11-10 01:41:47",423
"2019-11-10 02:41:48",423
"2019-11-10 03:41:45",423
"2019-11-10 04:41:46",423
"2019-11-10 05:41:46",423
"2019-11-10 06:41:46",423
"2019-11-10 07:41:45",423
"2019-11-10 08:41:47",423
"2019-11-10 09:41:48",423
"2019-11-10 10:41:45",423
"2019-11-10 11:41:46",423
"2019-11-10 12:41:46",423
"2019-11-10 13:41:45",423
"2019-11-10 14:41:45",423
"2019-11-10 15:41:47",423
"2019-11-10 16:41:46",423
"2019-11-10 17:41:46",423
"2019-11-10 18:41:47",423
"2019-11-10 19:41:45",423
"2019-11-10 20:41:46",423
"2019-11-10 21:41:45",423
"2019-11-10 22:41:47",423
"2019-11-10 23:41:47",423
"2019-11-11 00:41:47",423
"2019-11-11 01:41:48",423
"2019-11-11 02:41:48",423
"2019-11-11 03:41:47",423
"2019-11-11 04:41:46",423
"2019-11-11 05:41:48",423
"2019-11-11 06:41:46",423
"2019-11-11 07:41:48",423
"2019-11-11 08:41:50",423
"2019-11-11 09:41:48",423
"2019-11-11 10:41:48",423
"2019-11-11 11:41:47",423
"2019-11-11 12:41:48",423
"2019-11-11 13:41:47",423
"2019-11-11 14:41:49",423
"2019-11-11 15:41:50",422
"2019-11-11 16:41:47",419
"2019-11-11 17:41:49",420
"2019-11-11 18:41:49",420
"2019-11-11 19:41:48",421
"2019-11-11 21:41:47",422
"2019-11-11 22:41:47",422
"2019-11-11 23:41:46",422
"2019-11-12 00:41:45",422
"2019-11-12 01:41:46",422
"2019-11-12 02:41:47",422
"2019-11-12 03:41:47",422
"2019-11-12 04:41:45",422
"2019-11-12 05:41:47",422
"2019-11-12 06:41:46",422
"2019-11-12 07:41:48",422
"2019-11-12 08:41:45",422
"2019-11-12 09:41:46",422
"2019-11-12 10:41:45",422
"2019-11-12 11:41:48",422
"2019-11-12 12:41:50",422
"2019-11-12 14:05:49",422
"2019-11-12 14:41:48",422
"2019-11-12 15:41:46",419
"2019-11-12 16:41:48",419
"2019-11-12 17:41:47",414
"2019-11-12 18:41:49",413
"2019-11-12 19:41:46",411
"2019-11-12 20:41:45",410
"2019-11-12 21:41:47",409
"2019-11-12 22:41:48",409
"2019-11-12 23:41:47",409
"2019-11-13 00:41:49",409
"2019-11-13 01:41:46",409
"2019-11-13 02:41:47",409
"2019-11-13 03:41:49",409
"2019-11-13 04:41:47",409
"2019-11-13 05:41:51",409
"2019-11-13 06:41:46",409
"2019-11-13 07:41:50",409
"2019-11-13 08:41:48",409
"2019-11-13 09:41:48",409
"2019-11-13 10:41:46",409
"2019-11-13 11:41:50",409
"2019-11-13 12:41:46",409
"2019-11-13 13:41:46",409
"2019-11-13 15:41:49",405
"2019-11-13 16:41:46",404
"2019-11-13 17:41:48",400
"2019-11-13 18:41:49",400
"2019-11-13 19:41:46",400
"2019-11-13 20:41:47",401
"2019-11-13 21:41:45",402
"2019-11-13 22:41:47",402
"2019-11-13 23:41:47",402
"2019-11-14 00:41:47",402
"2019-11-14 01:41:45",402
"2019-11-14 02:41:48",402
"2019-11-14 03:41:46",402
"2019-11-14 04:41:46",402
"2019-11-14 05:41:50",402
"2019-11-14 06:41:45",402
"2019-11-14 07:41:49",402
"2019-11-14 08:41:48",402
"2019-11-14 09:41:48",402
"2019-11-14 10:41:47",402
"2019-11-14 11:41:49",402
"2019-11-14 12:41:45",402
"2019-11-14 14:05:24",402
"2019-11-14 14:41:48",402
"2019-11-14 15:41:48",403
"2019-11-14 17:41:48",403
"2019-11-14 18:41:47",402
"2019-11-14 19:41:47",403
"2019-11-14 20:41:48",402
"2019-11-14 21:41:51",403
"2019-11-14 22:41:47",403
"2019-11-14 23:41:48",403
"2019-11-15 00:41:48",403
"2019-11-15 01:41:47",403
"2019-11-15 02:41:47",403
"2019-11-15 03:41:48",403
"2019-11-15 04:41:48",403
"2019-11-15 05:41:48",403
"2019-11-15 06:41:49",403
"2019-11-15 07:41:46",403
"2019-11-15 08:41:53",403
"2019-11-15 09:41:47",403
"2019-11-15 10:41:47",403
"2019-11-15 11:41:47",403
"2019-11-15 12:41:50",403
"2019-11-15 14:08:20",403
"2019-11-15 15:41:51",404
"2019-11-15 16:41:47",405
"2019-11-15 17:41:48",405
"2019-11-15 18:41:52",403
"2019-11-15 19:41:49",401
"2019-11-15 20:41:49",399
"2019-11-15 21:41:46",399
"2019-11-15 22:41:49",399
"2019-11-15 23:41:48",399
"2019-11-16 00:41:49",399
"2019-11-16 01:41:47",399
"2019-11-16 02:41:48",399
"2019-11-16 03:41:47",399
"2019-11-16 04:41:49",399
"2019-11-16 05:41:48",399
"2019-11-16 06:41:48",399
"2019-11-16 07:41:48",399
"2019-11-16 08:41:48",399
"2019-11-16 09:41:49",399
"2019-11-16 10:41:46",399
"2019-11-16 11:41:47",399
"2019-11-16 12:41:49",399
"2019-11-16 13:41:50",399
"2019-11-16 14:41:49",399
"2019-11-16 15:41:47",399
"2019-11-16 16:41:48",399
"2019-11-16 17:41:49",399
"2019-11-16 18:41:47",399
"2019-11-16 19:41:46",399
"2019-11-16 20:41:46",399
"2019-11-16 21:41:46",399
"2019-11-16 22:41:47",399
"2019-11-16 23:41:46",399
"2019-11-17 00:41:46",399
"2019-11-17 01:41:46",399
"2019-11-17 02:41:48",399
"2019-11-17 03:41:46",399
"2019-11-17 04:41:47",399
"2019-11-17 05:41:47",399
"2019-11-17 06:41:49",399
"2019-11-17 07:41:48",399
"2019-11-17 08:41:47",399
"2019-11-17 10:41:50",399
"2019-11-17 11:41:50",399
"2019-11-17 12:41:47",399
"2019-11-17 13:41:49",399
"2019-11-17 14:41:46",399
"2019-11-17 15:41:46",399
"2019-11-17 16:41:48",399
"2019-11-17 17:41:46",399
"2019-11-17 18:41:46",399
"2019-11-17 19:41:47",399
"2019-11-17 20:41:48",399
"2019-11-17 21:41:49",399
"2019-11-17 22:41:47",399
"2019-11-17 23:41:50",399
"2019-11-18 00:41:46",399
"2019-11-18 01:41:46",399
"2019-11-18 02:41:48",399
"2019-11-18 03:41:47",399
"2019-11-18 04:41:46",399
"2019-11-18 05:41:49",399
"2019-11-18 06:41:45",399
"2019-11-18 07:41:47",399
"2019-11-18 08:41:49",399
"2019-11-18 09:41:50",399
"2019-11-18 10:41:48",399
"2019-11-18 11:41:46",399
"2019-11-18 12:41:48",399
"2019-11-18 14:06:51",399
"2019-11-18 14:41:47",399
"2019-11-18 15:41:50",399
"2019-11-18 16:41:48",397
"2019-11-18 17:41:50",397
"2019-11-18 18:41:50",396
"2019-11-18 19:41:48",395
"2019-11-18 20:41:49",394
"2019-11-18 21:41:49",394
"2019-11-18 22:41:46",394
"2019-11-18 23:41:49",394
"2019-11-19 00:41:48",394
"2019-11-19 01:41:47",394
"2019-11-19 02:41:47",394
"2019-11-19 03:41:47",394
"2019-11-19 04:41:47",394
"2019-11-19 05:41:46",394
"2019-11-19 06:41:48",394
"2019-11-19 07:41:47",394
"2019-11-19 08:41:47",394
"2019-11-19 09:41:49",394
"2019-11-19 10:41:47",394
"2019-11-19 11:41:47",394
"2019-11-19 12:41:48",394
"2019-11-19 14:06:52",394
"2019-11-19 14:41:48",394
"2019-11-19 15:41:49",393
"2019-11-19 16:41:48",392
"2019-11-19 17:41:48",391
"2019-11-19 18:41:46",391
"2019-11-19 19:41:49",391
"2019-11-19 20:41:48",392
"2019-11-19 21:41:51",390
"2019-11-19 22:41:49",390
"2019-11-19 23:41:48",390
"2019-11-20 00:41:48",390
"2019-11-20 01:41:48",390
"2019-11-20 02:41:49",390
"2019-11-20 03:41:49",390
"2019-11-20 04:41:47",390
"2019-11-20 05:41:48",390
"2019-11-20 06:41:48",390
"2019-11-20 07:41:49",390
"2019-11-20 08:41:49",390
"2019-11-20 09:41:52",390
"2019-11-20 10:41:53",390
"2019-11-20 11:41:52",390
"2019-11-20 12:41:50",390
"2019-11-20 14:06:23",390
"2019-11-20 14:41:53",390
"2019-11-20 15:41:50",389
"2019-11-20 16:41:51",391
"2019-11-20 22:41:49",390
"2019-11-20 23:41:47",390
"2019-11-21 00:41:47",390
"2019-11-21 01:41:47",390
"2019-11-21 02:41:50",390
"2019-11-21 03:41:47",390
"2019-11-21 04:41:46",390
"2019-11-21 05:41:49",390
"2019-11-21 06:41:51",390
"2019-11-21 07:41:46",390
"2019-11-21 08:41:46",390
"2019-11-21 09:41:48",390
"2019-11-21 10:41:49",390
"2019-11-21 11:41:46",390
"2019-11-21 12:41:47",390
"2019-11-21 14:05:51",390
"2019-11-21 14:41:51",390
"2019-11-21 15:41:46",387
"2019-11-21 16:41:48",385
"2019-11-21 17:41:49",384
"2019-11-21 18:41:46",382
"2019-11-21 19:41:46",380
"2019-11-21 20:41:46",380
"2019-11-21 21:41:47",380
"2019-11-21 22:41:47",380
"2019-11-21 23:41:48",380
"2019-11-22 00:41:48",380
"2019-11-22 01:41:50",380
"2019-11-22 02:41:47",380
"2019-11-22 03:41:47",380
"2019-11-22 04:41:46",380
"2019-11-22 05:41:50",380
"2019-11-22 06:41:49",380
"2019-11-22 07:41:50",380
"2019-11-22 08:41:51",380
"2019-11-22 09:41:50",380
"2019-11-22 10:41:51",380
"2019-11-22 11:41:48",380
"2019-11-22 12:41:48",380
"2019-11-22 13:41:47",380
"2019-11-22 14:41:49",380
"2019-11-22 15:41:45",379
"2019-11-22 16:41:46",379
"2019-11-22 17:41:51",378
"2019-11-22 18:41:50",378
"2019-11-22 19:41:46",378
"2019-11-22 20:41:48",377
"2019-11-22 21:41:47",375
"2019-11-22 22:41:46",375
"2019-11-22 23:41:49",375
"2019-11-23 00:41:53",375
"2019-11-23 01:41:47",375
"2019-11-23 02:41:47",375
"2019-11-23 03:41:47",375
"2019-11-23 04:41:50",375
"2019-11-23 05:41:47",375
"2019-11-23 06:41:48",375
"2019-11-23 07:41:48",375
"2019-11-23 08:41:48",375
"2019-11-23 09:41:49",375
"2019-11-23 10:41:50",375
"2019-11-23 11:41:46",375
"2019-11-23 12:41:46",375
"2019-11-23 13:41:46",375
"2019-11-23 14:41:47",375
"2019-11-23 15:41:47",375
"2019-11-23 16:41:47",375
"2019-11-23 17:41:48",375
"2019-11-23 18:41:47",375
"2019-11-23 19:41:48",375
"2019-11-23 20:41:45",375
"2019-11-23 21:41:47",375
"2019-11-23 22:41:45",375
"2019-11-23 23:41:46",375
"2019-11-24 00:41:48",375
"2019-11-24 01:41:46",375
"2019-11-24 02:41:46",375
"2019-11-24 03:41:47",375
"2019-11-24 04:41:45",375
"2019-11-24 05:41:46",375
"2019-11-24 06:41:46",375
"2019-11-24 07:41:45",375
"2019-11-24 08:41:47",375
"2019-11-24 09:41:48",375
"2019-11-24 10:41:49",375
"2019-11-24 11:41:47",375
"2019-11-24 12:41:45",375
"2019-11-24 13:41:45",375
"2019-11-24 14:41:46",375
"2019-11-24 15:41:47",375
"2019-11-24 16:41:47",375
"2019-11-24 17:41:46",375
"2019-11-24 18:41:48",375
"2019-11-24 19:41:46",375
"2019-11-24 20:41:48",375
"2019-11-24 21:41:46",375
"2019-11-24 22:41:49",375
"2019-11-24 23:41:46",375
"2019-11-25 00:41:47",375
"2019-11-25 01:41:49",375
"2019-11-25 02:41:48",375
"2019-11-25 04:41:45",375
"2019-11-25 05:41:46",375
"2019-11-25 06:41:47",375
"2019-11-25 07:41:47",375
"2019-11-25 08:41:51",375
"2019-11-25 09:41:51",375
"2019-11-25 10:41:51",375
"2019-11-25 11:41:49",375
"2019-11-25 12:41:50",375
"2019-11-25 13:41:47",375
"2019-11-25 14:41:47",375
"2019-11-25 15:41:49",370
"2019-11-25 16:41:47",369
"2019-11-25 17:41:47",368
"2019-11-25 18:41:46",368
"2019-11-25 19:41:49",369
"2019-11-25 20:41:48",370
"2019-11-25 21:41:46",370
"2019-11-25 22:41:51",370
"2019-11-25 23:41:48",370
"2019-11-26 00:41:49",370
"2019-11-26 01:41:47",370
"2019-11-26 02:41:48",370
"2019-11-26 03:41:48",370
"2019-11-26 04:41:47",370
"2019-11-26 05:41:50",370
"2019-11-26 06:41:53",370
"2019-11-26 07:41:48",370
"2019-11-26 08:41:48",370
"2019-11-26 09:41:52",370
"2019-11-26 20:41:50",363
"2019-11-26 21:41:49",361
"2019-11-26 22:41:51",361
"2019-11-26 23:41:48",361
"2019-11-27 00:41:51",361
"2019-11-27 01:41:48",361
"2019-11-27 02:41:47",361
"2019-11-27 03:41:49",361
"2019-11-27 04:41:47",361
"2019-11-27 05:41:48",361
"2019-11-27 06:41:48",361
"2019-11-27 07:41:48",361
"2019-11-27 08:41:53",361
"2019-11-27 09:41:52",361
"2019-11-27 10:41:47",361
"2019-11-27 11:41:45",361
"2019-11-27 12:41:53",361
"2019-11-27 13:41:48",361
"2019-11-27 14:41:49",361
"2019-11-27 15:41:52",361
"2019-11-27 16:41:49",362
"2019-11-27 17:41:47",362
"2019-11-27 18:41:49",363
"2019-11-27 19:41:48",363
"2019-11-27 20:41:48",363
"2019-11-27 21:41:48",361
"2019-11-27 22:41:48",361
"2019-11-27 23:41:47",361
"2019-11-28 00:41:48",361
"2019-11-28 01:41:49",361
"2019-11-28 02:41:52",361
"2019-11-28 03:41:50",361
"2019-11-28 04:41:49",361
"2019-11-28 05:41:48",361
"2019-11-28 06:41:48",361
"2019-11-28 07:41:50",361
"2019-11-28 08:41:48",361
"2019-11-28 09:41:52",361
"2019-11-28 10:41:50",361
"2019-11-28 11:41:48",361
"2019-11-28 12:41:47",361
"2019-11-28 13:41:46",361
"2019-11-28 14:41:48",361
"2019-11-28 15:41:48",361
"2019-11-28 16:41:48",361
"2019-11-28 17:41:49",361
"2019-11-28 18:41:48",361
"2019-11-28 19:41:48",361
"2019-11-28 20:41:47",361
"2019-11-28 21:41:48",361
"2019-11-28 22:41:47",361
"2019-11-28 23:41:48",361
"2019-11-29 00:41:48",361
"2019-11-29 01:41:48",361
"2019-11-29 02:41:48",361
"2019-11-29 03:41:46",361
"2019-11-29 04:41:49",361
"2019-11-29 05:41:49",361
"2019-11-29 06:41:48",361
"2019-11-29 07:41:49",361
"2019-11-29 08:41:54",361
"2019-11-29 09:41:57",361
"2019-11-29 10:42:01",361
"2019-11-29 11:41:50",361
"2019-11-29 12:41:49",361
"2019-11-29 13:41:54",361
"2019-11-29 14:41:54",361
"2019-11-29 15:41:52",361
"2019-11-29 16:41:54",361
"2019-11-29 17:41:53",362
"2019-11-29 18:41:52",364
"2019-11-29 20:41:51",364
"2019-11-29 21:41:48",363
"2019-11-29 22:41:53",363
"2019-11-29 23:41:50",363
"2019-11-30 00:41:49",363
"2019-11-30 01:41:48",363
"2019-11-30 02:41:50",363
"2019-11-30 03:41:51",363
"2019-11-30 04:41:49",363
"2019-11-30 05:41:52",363
"2019-11-30 06:41:51",363
"2019-11-30 07:41:51",363
"2019-11-30 08:41:50",363
"2019-11-30 21:41:57",363
"2019-11-30 22:41:52",363
"2019-11-30 23:41:50",363
"2019-12-01 00:41:49",363
"2019-12-01 01:41:48",363
"2019-12-01 02:41:51",363
"2019-12-01 22:41:55",363
"2019-12-01 23:41:49",363
"2019-12-02 00:41:47",363
"2019-12-02 01:41:50",363
"2019-12-02 02:41:49",363
"2019-12-02 06:13:52",363
"2019-12-02 06:42:30",363
"2019-12-02 07:42:39",363
"2019-12-02 08:42:30",363
"2019-12-02 09:42:30",363
"2019-12-02 10:42:30",363
"2019-12-02 11:42:30",363
"2019-12-02 12:42:28",363
"2019-12-02 14:06:25",363
"2019-12-02 14:42:32",363
"2019-12-02 15:42:34",363
"2019-12-02 16:42:31",362
"2019-12-02 17:42:37",361
"2019-12-02 18:42:38",361
"2019-12-02 19:42:41",363
"2019-12-02 20:42:36",363
"2019-12-02 21:42:37",362
"2019-12-02 22:42:38",362
"2019-12-02 23:42:38",362
"2019-12-03 00:42:35",362
"2019-12-03 01:42:37",362
"2019-12-03 02:42:38",362
"2019-12-03 03:42:36",362
"2019-12-03 04:42:37",362
"2019-12-03 05:42:38",362
"2019-12-03 06:42:30",362
"2019-12-03 07:42:31",362
"2019-12-03 08:42:29",362
"2019-12-03 09:42:35",362
"2019-12-03 10:42:39",362
"2019-12-03 11:42:35",362
"2019-12-03 12:42:29",362
"2019-12-03 13:42:28",362
"2019-12-03 14:42:38",362
"2019-12-03 15:42:30",363
"2019-12-03 16:42:39",363
"2019-12-03 17:42:37",363
"2019-12-03 18:42:37",363
"2019-12-03 19:42:37",363
"2019-12-03 20:42:37",362
"2019-12-03 21:42:46",362
"2019-12-03 22:42:37",362
"2019-12-03 23:42:37",362
"2019-12-04 00:42:49",362
"2019-12-04 01:42:52",362
"2019-12-04 02:42:49",362
"2019-12-04 03:42:40",362
"2019-12-04 04:42:40",362
"2019-12-04 05:42:40",362
"2019-12-04 06:42:38",362
"2019-12-04 07:42:40",362
"2019-12-04 08:42:34",362
"2019-12-04 09:42:32",362
"2019-12-04 10:42:32",362
"2019-12-04 11:42:34",362
"2019-12-04 12:42:32",362
"2019-12-04 14:05:55",362
"2019-12-04 14:42:43",362
"2019-12-04 15:42:44",361
"2019-12-04 16:42:40",361
"2019-12-04 17:42:39",362
"2019-12-04 18:42:40",362
"2019-12-04 19:42:40",361
"2019-12-04 20:42:39",360
"2019-12-04 21:42:37",360
"2019-12-04 22:42:37",360
"2019-12-04 23:42:38",360
"2019-12-05 00:42:39",360
"2019-12-05 01:42:40",360
"2019-12-05 02:42:38",360
"2019-12-05 03:42:39",360
"2019-12-05 04:42:39",360
"2019-12-05 05:42:37",360
"2019-12-05 06:42:41",360
"2019-12-05 07:42:32",360
"2019-12-05 08:42:38",360
"2019-12-05 09:42:30",360
"2019-12-05 10:42:30",360
"2019-12-05 11:42:31",360
"2019-12-05 12:42:30",360
"2019-12-05 13:42:39",360
"2019-12-05 14:42:38",360
"2019-12-05 15:42:39",357
"2019-12-05 16:42:38",357
"2019-12-05 17:42:38",356
"2019-12-05 18:42:39",356
"2019-12-05 20:06:26",358
"2019-12-05 20:42:47",358
"2019-12-05 21:42:38",358
"2019-12-05 22:42:38",358
"2019-12-05 23:42:35",358
"2019-12-06 00:42:38",358
"2019-12-06 01:42:37",358
"2019-12-06 02:42:40",358
"2019-12-06 03:42:38",358
"2019-12-06 04:42:37",358
"2019-12-06 05:42:43",358
"2019-12-06 06:42:38",358
"2019-12-06 07:42:40",358
"2019-12-06 08:42:40",358
"2019-12-06 09:42:37",358
"2019-12-06 10:42:39",358
"2019-12-06 11:42:39",358
"2019-12-06 12:42:31",358
"2019-12-06 13:43:03",358
"2019-12-06 14:42:42",358
"2019-12-06 15:42:48",354
"2019-12-06 16:42:40",355
"2019-12-06 17:42:37",354
"2019-12-06 18:42:38",354
"2019-12-06 19:42:39",352
"2019-12-06 20:42:37",352
"2019-12-06 21:42:30",352
"2019-12-06 22:42:30",352
"2019-12-06 23:42:33",352
"2019-12-07 00:42:30",352
"2019-12-07 01:42:39",352
"2019-12-07 02:42:40",352
"2019-12-07 03:42:37",352
"2019-12-07 04:42:38",352
"2019-12-07 05:42:48",352
"2019-12-07 06:42:33",352
"2019-12-07 07:42:31",352
"2019-12-07 08:42:32",352
"2019-12-07 09:42:29",352
"2019-12-07 10:42:31",352
"2019-12-07 11:42:30",352
"2019-12-07 12:42:37",352
"2019-12-07 13:42:54",352
"2019-12-07 14:42:38",352
"2019-12-07 15:42:40",352
"2019-12-07 16:42:39",352
"2019-12-07 17:42:40",352
"2019-12-07 18:42:38",352
"2019-12-07 19:42:32",352
"2019-12-07 20:42:38",352
"2019-12-07 21:42:40",352
"2019-12-07 22:42:31",352
"2019-12-07 23:42:31",352
"2019-12-08 00:42:35",352
"2019-12-08 01:42:31",352
"2019-12-08 02:42:39",352
"2019-12-08 03:42:38",352
"2019-12-08 04:42:37",352
"2019-12-08 05:42:40",352
"2019-12-08 06:42:39",352
"2019-12-08 07:42:38",352
"2019-12-08 08:42:38",352
"2019-12-08 09:42:37",352
"2019-12-08 10:42:38",352
"2019-12-08 11:42:30",352
"2019-12-08 12:42:31",352
"2019-12-08 13:42:38",352
"2019-12-08 14:42:31",352
"2019-12-08 15:42:34",352
"2019-12-08 16:42:38",352
"2019-12-08 17:42:40",352
"2019-12-08 18:42:30",352
"2019-12-08 19:42:36",352
"2019-12-08 20:42:37",352
"2019-12-08 21:42:37",352
"2019-12-08 22:42:40",352
"2019-12-08 23:42:38",352
"2019-12-09 00:42:37",352
"2019-12-09 01:42:30",352
"2019-12-09 02:42:31",352
"2019-12-09 03:42:39",352
"2019-12-09 04:42:32",352
"2019-12-09 05:42:35",352
"2019-12-09 06:42:40",352
"2019-12-09 07:42:31",352
"2019-12-09 08:42:33",352
"2019-12-09 09:42:30",352
"2019-12-09 10:42:32",352
"2019-12-09 11:42:29",352
"2019-12-09 12:42:29",352
"2019-12-09 14:06:57",352
"2019-12-09 14:42:36",352
"2019-12-09 15:42:35",351
"2019-12-09 16:42:42",350
"2019-12-09 17:42:47",350
"2019-12-09 18:42:38",348
"2019-12-09 19:42:31",348
"2019-12-09 20:42:40",348
"2019-12-09 21:42:40",349
"2019-12-09 22:42:31",349
"2019-12-09 23:42:36",349
"2019-12-10 00:42:45",349
"2019-12-10 01:42:37",349
"2019-12-10 02:42:39",349
"2019-12-10 03:42:42",349
"2019-12-10 04:42:38",349
"2019-12-10 05:42:43",349
"2019-12-10 06:42:41",349
"2019-12-10 07:42:40",349
"2019-12-10 08:42:42",349
"2019-12-10 09:42:32",349
"2019-12-10 10:42:30",349
"2019-12-10 11:42:30",349
"2019-12-10 12:42:45",349
"2019-12-10 13:42:30",349
"2019-12-10 14:42:33",349
"2019-12-10 15:42:31",347
"2019-12-10 16:42:41",348
"2019-12-10 17:42:36",347
"2019-12-10 18:42:38",346
"2019-12-10 19:42:31",346
"2019-12-10 20:42:37",346
"2019-12-10 21:42:37",346
"2019-12-10 22:42:40",346
"2019-12-10 23:42:39",346
"2019-12-11 00:42:39",346
"2019-12-11 01:42:40",346
"2019-12-11 02:42:50",346
"2019-12-11 03:42:35",346
"2019-12-11 04:42:40",346
"2019-12-11 05:42:42",346
"2019-12-11 06:42:35",346
"2019-12-11 07:42:32",346
"2019-12-11 08:42:38",346
"2019-12-11 09:42:30",346
"2019-12-11 10:42:33",346
"2019-12-11 11:42:33",346
"2019-12-11 12:42:40",346
"2019-12-11 13:42:34",346
"2019-12-11 14:42:51",346
"2019-12-11 15:42:35",347
"2019-12-11 16:42:43",347
"2019-12-11 17:42:44",348
"2019-12-11 18:42:40",349
"2019-12-11 19:42:46",350
"2019-12-11 20:42:30",350
"2019-12-11 21:42:41",350
"2019-12-11 22:42:39",350
"2019-12-11 23:42:41",350
"2019-12-12 00:42:38",350
"2019-12-12 01:42:43",350
"2019-12-12 02:42:42",350
"2019-12-12 03:42:32",350
"2019-12-12 04:42:37",350
"2019-12-12 05:42:41",350
"2019-12-12 06:42:43",350
"2019-12-12 07:42:41",350
"2019-12-12 08:42:32",350
"2019-12-12 09:42:36",350
"2019-12-12 10:42:37",350
"2019-12-12 11:42:31",350
"2019-12-12 12:42:31",350
"2019-12-12 14:05:28",350
"2019-12-12 14:42:50",350
"2019-12-12 15:42:37",349
"2019-12-12 16:42:43",348
"2019-12-12 17:42:34",347
"2019-12-12 18:42:35",347
"2019-12-12 19:42:34",347
"2019-12-12 20:42:35",346
"2019-12-12 21:42:35",346
"2019-12-12 22:42:32",346
"2019-12-12 23:42:35",346
"2019-12-13 00:42:56",346
"2019-12-13 01:42:34",346
"2019-12-13 02:42:32",346
"2019-12-13 03:42:33",346
"2019-12-13 04:42:32",346
"2019-12-13 05:42:39",346
"2019-12-13 06:42:43",346
"2019-12-13 07:42:36",346
"2019-12-13 08:42:34",346
"2019-12-13 09:42:32",346
"2019-12-13 10:42:34",346
"2019-12-13 11:42:33",346
"2019-12-13 12:42:33",346
"2019-12-13 14:37:33",346
"2019-12-13 14:45:16",346
"2019-12-13 15:42:33",345
"2019-12-13 16:42:32",345
"2019-12-13 17:42:36",344
"2019-12-13 18:42:33",344
"2019-12-13 19:42:31",342
"2019-12-13 20:42:50",342
"2019-12-13 21:42:31",342
"2019-12-13 22:42:32",342
"2019-12-13 23:42:30",342
"2019-12-14 00:42:31",342
"2019-12-14 01:42:32",342
"2019-12-14 02:42:32",342
"2019-12-14 03:42:38",342
"2019-12-14 04:42:32",342
"2019-12-14 05:42:34",342
"2019-12-14 06:42:33",342
"2019-12-14 07:42:32",342
"2019-12-14 08:42:33",342
"2019-12-14 09:42:31",342
"2019-12-14 10:42:31",342
"2019-12-14 11:42:34",342
"2019-12-14 12:42:31",342
"2019-12-14 13:42:32",342
"2019-12-14 14:42:32",342
"2019-12-14 15:42:31",342
"2019-12-14 16:42:34",342
"2019-12-14 17:42:32",342
"2019-12-14 18:42:33",342
"2019-12-14 19:42:32",342
"2019-12-14 20:42:33",342
"2019-12-14 22:42:38",342
"2019-12-14 23:42:32",342
"2019-12-15 00:42:32",342
"2019-12-15 01:42:34",342
"2019-12-15 02:42:32",342
"2019-12-15 03:42:32",342
"2019-12-15 04:42:33",342
"2019-12-15 05:42:32",342
"2019-12-15 06:42:31",342
"2019-12-15 07:42:34",342
"2019-12-15 08:42:32",342
"2019-12-15 09:42:31",342
"2019-12-15 10:42:32",342
"2019-12-15 11:42:32",342
"2019-12-15 13:42:31",342
"2019-12-15 14:42:32",342
"2019-12-15 15:42:33",342
"2019-12-15 16:42:33",342
"2019-12-15 17:42:32",342
"2019-12-15 19:42:31",342
"2019-12-15 20:42:32",342
"2019-12-15 21:42:32",342
"2019-12-15 22:42:35",342
"2019-12-15 23:42:33",342
"2019-12-16 00:42:32",342
"2019-12-16 01:42:39",342
"2019-12-16 02:42:33",342
"2019-12-16 04:42:41",342
"2019-12-16 05:42:33",342
"2019-12-16 06:42:32",342
"2019-12-16 07:42:31",342
"2019-12-16 08:42:33",342
"2019-12-16 09:42:34",342
"2019-12-16 10:42:33",342
"2019-12-16 11:42:32",342
"2019-12-16 12:42:31",342
"2019-12-16 13:42:31",342
"2019-12-16 14:42:40",342
"2019-12-16 16:04:57",340
"2019-12-16 16:42:33",340
"2019-12-16 17:42:32",339
"2019-12-16 18:42:31",339
"2019-12-16 19:42:33",339
"2019-12-16 20:42:34",339
"2019-12-16 21:42:33",338
"2019-12-16 22:42:31",338
"2019-12-16 23:42:32",338
"2019-12-17 00:42:31",338
"2019-12-17 01:42:32",338
"2019-12-17 02:42:40",338
"2019-12-17 03:42:32",338
"2019-12-17 04:42:33",338
"2019-12-17 05:42:31",338
"2019-12-17 06:42:33",338
"2019-12-17 07:42:33",338
"2019-12-17 08:42:39",338
"2019-12-17 09:42:32",338
"2019-12-17 10:42:32",338
"2019-12-17 11:42:31",338
"2019-12-17 12:42:31",338
"2019-12-17 14:06:28",338
"2019-12-17 14:42:35",338
"2019-12-17 15:42:35",337
"2019-12-17 16:42:32",337
"2019-12-17 17:42:31",337
"2019-12-17 18:42:32",336
"2019-12-17 19:42:38",336
"2019-12-17 20:42:33",335
"2019-12-17 21:42:32",335
"2019-12-17 22:42:33",336
"2019-12-17 23:42:32",336
"2019-12-18 01:42:30",336
"2019-12-18 02:42:40",336
"2019-12-18 03:42:31",336
"2019-12-18 04:42:30",336
"2019-12-18 05:42:31",336
"2019-12-18 06:42:31",336
"2019-12-18 07:42:31",336
"2019-12-18 08:42:33",336
"2019-12-18 09:42:32",336
"2019-12-18 10:42:41",336
"2019-12-18 11:42:32",336
"2019-12-18 12:42:29",336
"2019-12-18 14:05:26",336
"2019-12-18 14:42:33",336
"2019-12-18 15:42:31",334
"2019-12-18 16:42:32",332
"2019-12-18 17:42:37",331
"2019-12-18 18:42:31",332
"2019-12-18 19:42:30",333
"2019-12-18 20:42:30",333
"2019-12-18 21:42:30",333
"2019-12-18 22:42:31",333
"2019-12-18 23:42:31",333
"2019-12-19 00:42:32",333
"2019-12-19 01:42:33",333
"2019-12-19 02:42:40",333
"2019-12-19 03:42:30",333
"2019-12-19 04:42:31",333
"2019-12-19 05:42:33",333
"2019-12-19 06:42:31",333
"2019-12-19 07:42:31",333
"2019-12-19 08:42:32",333
"2019-12-19 09:42:32",333
"2019-12-19 10:42:30",333
"2019-12-19 11:42:29",333
"2019-12-19 12:42:32",333
"2019-12-19 14:06:58",333
"2019-12-19 14:42:36",333
"2019-12-19 15:42:40",334
"2019-12-19 16:42:38",334
"2019-12-19 17:42:39",335
"2019-12-19 18:42:40",335
"2019-12-19 19:42:39",334
"2019-12-19 21:07:00",334
"2019-12-19 21:42:39",334
"2019-12-19 22:42:39",334
"2019-12-19 23:42:38",334
"2019-12-20 00:42:41",334
"2019-12-20 01:42:38",334
"2019-12-20 02:42:49",334
"2019-12-20 03:42:39",334
"2019-12-20 04:42:41",334
"2019-12-20 05:42:40",334
"2019-12-20 06:42:39",334
"2019-12-20 07:42:40",334
"2019-12-20 08:42:40",334
"2019-12-20 09:42:44",334
"2019-12-20 10:42:32",334
"2019-12-20 11:42:41",334
"2019-12-20 12:42:39",334
"2019-12-20 14:05:59",334
"2019-12-20 14:42:55",334
"2019-12-20 15:42:49",333
"2019-12-20 16:42:51",332
"2019-12-20 17:42:52",332
"2019-12-20 18:42:43",330
"2019-12-20 19:42:47",333
"2019-12-20 20:42:53",333
"2019-12-20 21:42:42",333
"2019-12-20 22:42:42",333
"2019-12-20 23:42:43",333
"2019-12-21 00:42:53",333
"2019-12-21 01:42:44",333
"2019-12-21 02:42:43",333
"2019-12-21 03:42:42",333
"2019-12-21 04:42:43",333
"2019-12-21 05:42:36",333
"2019-12-21 06:42:35",333
"2019-12-21 07:42:41",333
"2019-12-21 08:42:45",333
"2019-12-21 09:42:35",333
"2019-12-21 10:42:34",333
"2019-12-21 11:42:33",333
"2019-12-21 12:42:34",333
"2019-12-21 13:42:35",333
"2019-12-21 14:42:35",333
"2019-12-21 15:42:36",333
"2019-12-21 16:42:43",333
"2019-12-21 17:42:38",333
"2019-12-21 18:42:36",333
"2019-12-21 19:42:35",333
"2019-12-21 20:42:34",333
"2019-12-21 21:42:35",333
"2019-12-21 22:42:42",333
"2019-12-21 23:42:34",333
"2019-12-22 00:42:36",333
"2019-12-22 01:42:43",333
"2019-12-22 02:42:37",333
"2019-12-22 04:42:35",333
"2019-12-22 05:42:36",333
"2019-12-22 06:42:36",333
"2019-12-22 07:42:37",333
"2019-12-22 08:42:38",333
"2019-12-22 09:42:36",333
"2019-12-22 10:42:35",333
"2019-12-22 11:42:34",333
"2019-12-22 12:42:35",333
"2019-12-22 13:42:36",333
"2019-12-22 14:42:37",333
"2019-12-22 15:42:42",333
"2019-12-22 16:42:44",333
"2019-12-22 17:42:34",333
"2019-12-22 18:42:35",333
"2019-12-22 19:42:42",333
"2019-12-22 20:42:44",333
"2019-12-22 22:42:34",333
"2019-12-22 23:42:43",333
"2019-12-23 00:42:44",333
"2019-12-23 01:42:46",333
"2019-12-23 02:42:44",333
"2019-12-23 03:42:45",333
"2019-12-23 04:42:43",333
"2019-12-23 05:42:44",333
"2019-12-23 06:42:42",333
"2019-12-23 07:42:36",333
"2019-12-23 08:42:36",333
"2019-12-23 09:42:37",333
"2019-12-23 10:42:35",333
"2019-12-23 11:42:35",333
"2019-12-23 12:42:34",333
"2019-12-23 14:07:03",333
"2019-12-23 14:42:50",333
"2019-12-23 15:42:36",333
"2019-12-23 16:42:35",332
"2019-12-23 17:42:44",332
"2019-12-23 18:42:40",332
"2019-12-23 19:42:43",332
"2019-12-23 20:42:51",332
"2019-12-23 21:42:40",333
"2019-12-23 22:42:35",333
"2019-12-23 23:42:41",333
"2019-12-24 00:42:35",333
"2019-12-24 01:42:41",333
"2019-12-24 02:42:46",333
"2019-12-24 03:42:44",333
"2019-12-24 04:42:48",333
"2019-12-24 05:42:36",333
"2019-12-24 06:42:43",333
"2019-12-24 07:42:34",333
"2019-12-24 08:42:35",333
"2019-12-24 09:42:35",333
"2019-12-24 10:42:38",333
"2019-12-24 11:42:35",333
"2019-12-24 12:42:34",333
"2019-12-24 13:42:33",333
"2019-12-24 14:42:44",333
"2019-12-24 15:42:40",331
"2019-12-24 16:42:42",330
"2019-12-24 17:42:32",332
"2019-12-24 18:42:34",332
"2019-12-24 19:42:33",332
"2019-12-24 20:42:34",332
"2019-12-24 21:42:33",332
"2019-12-24 22:42:39",332
"2019-12-24 23:42:44",332
"2019-12-25 00:42:39",332
"2019-12-25 01:42:34",332
"2019-12-25 02:42:35",332
"2019-12-25 03:42:36",332
"2019-12-25 04:42:43",332
"2019-12-25 05:42:42",332
"2019-12-25 06:42:36",332
"2019-12-25 07:42:35",332
"2019-12-25 08:42:45",332
"2019-12-25 09:42:36",332
"2019-12-25 10:42:37",332
"2019-12-25 11:42:36",332
"2019-12-25 12:42:35",332
"2019-12-25 13:42:34",332
"2019-12-25 14:42:32",332
"2019-12-25 15:42:41",332
"2019-12-25 16:42:35",332
"2019-12-25 17:42:41",332
"2019-12-25 18:42:34",332
"2019-12-25 19:42:33",332
"2019-12-25 20:42:34",332
"2019-12-25 21:42:33",332
"2019-12-25 22:42:34",332
"2019-12-25 23:42:36",332
"2019-12-26 00:42:40",332
"2019-12-26 01:42:42",332
"2019-12-26 02:42:41",332
"2019-12-26 03:42:41",332
"2019-12-26 04:42:43",332
"2019-12-26 05:42:37",332
"2019-12-26 06:42:42",332
"2019-12-26 07:42:35",332
"2019-12-26 08:42:36",332
"2019-12-26 09:42:36",332
"2019-12-26 10:42:33",332
"2019-12-26 11:42:33",332
"2019-12-26 12:42:32",332
"2019-12-26 13:42:33",332
"2019-12-26 14:42:35",332
"2019-12-26 15:42:34",332
"2019-12-26 16:42:39",331
"2019-12-26 17:42:44",332
"2019-12-26 18:42:35",333
"2019-12-26 19:42:34",335
"2019-12-26 20:42:52",335
"2019-12-26 21:42:40",338
"2019-12-26 22:42:45",338
"2019-12-26 23:42:41",338
"2019-12-27 00:42:34",338
"2019-12-27 01:42:42",338
"2019-12-27 02:42:44",338
"2019-12-27 03:42:42",338
"2019-12-27 04:42:42",338
"2019-12-27 05:42:42",338
"2019-12-27 06:42:42",338
"2019-12-27 07:42:35",338
"2019-12-27 08:42:39",338
"2019-12-27 09:42:36",338
"2019-12-27 10:42:35",338
"2019-12-27 11:42:34",338
"2019-12-27 12:42:34",338
"2019-12-27 14:07:00",338
"2019-12-27 14:42:38",338
"2019-12-27 15:42:35",339
"2019-12-27 16:42:34",342
"2019-12-27 17:42:39",345
"2019-12-27 18:42:42",345
"2019-12-27 19:42:53",345
"2019-12-27 20:42:41",348
"2019-12-27 21:42:52",347
"2019-12-27 22:42:43",347
"2019-12-27 23:42:34",347
"2019-12-28 00:42:42",347
"2019-12-28 01:42:36",347
"2019-12-28 02:42:43",347
"2019-12-28 03:42:35",347
"2019-12-28 04:42:41",347
"2019-12-28 05:42:42",347
"2019-12-28 06:42:42",347
"2019-12-28 07:42:38",347
"2019-12-28 08:42:46",347
"2019-12-28 09:42:37",347
"2019-12-28 10:42:37",347
"2019-12-28 11:42:35",347
"2019-12-28 12:42:34",347
"2019-12-28 13:42:34",347
"2019-12-28 14:42:36",347
"2019-12-28 15:42:35",347
"2019-12-28 16:42:35",347
"2019-12-28 17:42:42",347
"2019-12-28 18:42:36",347
"2019-12-28 19:42:36",347
"2019-12-28 20:42:35",347
"2019-12-28 21:42:36",347
"2019-12-28 22:42:38",347
"2019-12-28 23:42:51",347
"2019-12-29 00:42:36",347
"2019-12-29 01:42:45",347
"2019-12-29 02:42:44",347
"2019-12-29 03:42:45",347
"2019-12-29 04:42:38",347
"2019-12-29 05:42:46",347
"2019-12-29 06:42:46",347
"2019-12-29 07:42:41",347
"2019-12-29 08:42:47",347
"2019-12-29 09:42:37",347
"2019-12-29 10:42:38",347
"2019-12-29 11:42:39",347
"2019-12-29 12:42:39",347
"2019-12-29 13:42:37",347
"2019-12-29 14:42:38",347
"2019-12-29 15:42:43",347
"2019-12-29 16:42:41",347
"2019-12-29 17:42:35",347
"2019-12-29 18:42:41",347
"2019-12-29 19:42:41",347
"2019-12-29 20:42:34",347
"2019-12-29 21:42:51",347
"2019-12-29 22:42:37",347
"2019-12-29 23:42:36",347
"2019-12-30 00:42:37",347
"2019-12-30 01:42:47",347
"2019-12-30 02:42:52",347
"2019-12-30 03:42:42",347
"2019-12-30 04:42:52",347
"2019-12-30 05:42:37",347
"2019-12-30 06:42:32",347
"2019-12-30 07:42:35",347
"2019-12-30 08:42:37",347
"2019-12-30 09:42:55",347
"2019-12-30 10:42:34",347
"2019-12-30 11:42:35",347
"2019-12-30 12:42:34",347
"2019-12-30 14:06:59",347
"2019-12-30 14:42:48",347
"2019-12-30 15:42:36",347
"2019-12-30 16:42:36",342
"2019-12-30 17:42:39",340
"2019-12-30 18:42:44",340
"2019-12-30 19:42:37",337
"2019-12-30 20:42:37",337
"2019-12-30 21:42:36",337
"2019-12-30 22:42:36",337
"2019-12-30 23:42:36",337
"2019-12-31 00:42:36",337
"2019-12-31 01:42:35",337
"2019-12-31 02:42:37",337
"2019-12-31 03:42:40",337
"2019-12-31 04:42:36",337
"2019-12-31 05:42:36",337
"2019-12-31 06:42:37",337
"2019-12-31 07:42:35",337
"2019-12-31 08:42:44",337
"2019-12-31 09:42:42",337
"2019-12-31 10:42:43",337
"2019-12-31 11:42:41",337
"2019-12-31 12:42:42",337
"2019-12-31 14:08:00",337
"2019-12-31 14:42:53",337
"2019-12-31 15:42:45",337
"2019-12-31 16:42:34",338
"2019-12-31 17:42:33",338
"2019-12-31 18:42:33",337
"2019-12-31 19:42:35",337
"2019-12-31 20:42:35",335
"2019-12-31 21:42:35",334
"2019-12-31 22:42:32",334
"2019-12-31 23:42:33",334
"2020-01-01 00:42:34",334
"2020-01-01 01:42:36",334
"2020-01-01 02:42:34",334
"2020-01-01 03:42:39",334
"2020-01-01 04:42:35",334
"2020-01-01 05:42:44",334
"2020-01-01 06:42:42",334
"2020-01-01 07:42:43",334
"2020-01-01 08:42:40",334
"2020-01-01 09:42:36",334
"2020-01-01 10:42:34",334
"2020-01-01 11:42:34",334
"2020-01-01 12:42:34",334
"2020-01-01 13:42:37",334
"2020-01-01 14:42:35",334
"2020-01-01 15:42:35",334
"2020-01-01 16:42:34",334
"2020-01-01 17:42:34",334
"2020-01-01 18:42:35",334
"2020-01-01 19:42:34",334
"2020-01-01 20:42:34",334
"2020-01-01 21:42:35",334
"2020-01-01 22:42:42",334
"2020-01-01 23:42:52",334
"2020-01-02 00:42:39",334
"2020-01-02 01:42:41",334
"2020-01-02 02:42:53",334
"2020-01-02 03:42:35",334
"2020-01-02 04:42:34",334
"2020-01-02 05:42:35",334
"2020-01-02 06:42:34",334
"2020-01-02 07:42:33",334
"2020-01-02 08:42:37",334
"2020-01-02 09:42:36",334
"2020-01-02 10:42:39",334
"2020-01-02 11:42:35",334
"2020-01-02 12:42:36",334
"2020-01-02 14:08:30",334
"2020-01-02 14:43:31",334
"2020-01-02 15:42:39",331
"2020-01-02 16:42:37",330
"2020-01-02 17:42:37",329
"2020-01-02 18:42:39",330
"2020-01-02 19:42:37",328
"2020-01-02 20:42:37",328
"2020-01-02 21:42:36",328
"2020-01-02 22:43:14",328
"2020-01-02 23:42:34",328
"2020-01-03 00:42:44",328
"2020-01-03 01:42:37",328
"2020-01-03 02:42:43",328
"2020-01-03 03:42:36",328
"2020-01-03 04:42:35",328
"2020-01-03 05:42:35",328
"2020-01-03 06:42:38",328
"2020-01-03 07:42:35",328
"2020-01-03 08:42:39",328
"2020-01-03 09:42:34",328
"2020-01-03 10:42:36",328
"2020-01-03 11:42:35",328
"2020-01-03 12:42:35",328
"2020-01-03 14:08:30",328
"2020-01-03 14:45:59",328
"2020-01-03 15:42:38",329
"2020-01-03 16:42:43",328
"2020-01-03 17:43:05",328
"2020-01-03 18:42:35",328
"2020-01-03 19:42:35",328
"2020-01-03 20:42:34",328
"2020-01-03 21:42:34",326
"2020-01-03 22:42:35",326
"2020-01-03 23:42:34",326
"2020-01-04 00:42:37",326
"2020-01-04 01:42:34",326
"2020-01-04 02:42:37",326
"2020-01-04 03:42:35",326
"2020-01-04 04:42:36",326
"2020-01-04 05:42:36",326
"2020-01-04 06:42:35",326
"2020-01-04 07:42:35",326
"2020-01-04 08:42:38",326
"2020-01-04 09:42:32",326
"2020-01-04 10:42:35",326
"2020-01-04 11:42:33",326
"2020-01-04 12:42:36",326
"2020-01-04 13:42:34",326
"2020-01-04 14:42:35",326
"2020-01-04 15:42:36",326
"2020-01-04 16:42:34",326
"2020-01-04 17:42:37",326
"2020-01-04 18:42:36",326
"2020-01-04 19:42:35",326
"2020-01-04 20:42:35",326
"2020-01-04 21:42:51",326
"2020-01-04 22:42:34",326
"2020-01-04 23:42:45",326
"2020-01-05 00:42:35",326
"2020-01-05 01:42:52",326
"2020-01-05 02:42:46",326
"2020-01-05 03:42:43",326
"2020-01-05 04:42:35",326
"2020-01-05 05:42:35",326
"2020-01-05 06:42:35",326
"2020-01-05 07:42:35",326
"2020-01-05 08:42:36",326
"2020-01-05 09:42:35",326
"2020-01-05 10:42:34",326
"2020-01-05 11:42:35",326
"2020-01-05 12:42:35",326
"2020-01-05 13:42:35",326
"2020-01-05 14:42:35",326
"2020-01-05 15:42:36",326
"2020-01-05 16:42:37",326
"2020-01-05 17:42:54",326
"2020-01-05 18:42:41",326
"2020-01-05 20:42:36",326
"2020-01-05 21:42:49",326
"2020-01-05 22:42:36",326
"2020-01-05 23:42:37",326
"2020-01-06 00:42:37",326
"2020-01-06 01:42:36",326
"2020-01-06 02:42:46",326
"2020-01-06 03:42:44",326
"2020-01-06 04:42:45",326
"2020-01-06 05:42:37",326
"2020-01-06 06:42:38",326
"2020-01-06 07:42:36",326
"2020-01-06 08:42:36",326
"2020-01-16 06:42:36",310
"2020-01-16 07:42:36",310
"2020-01-16 08:42:38",310
"2020-01-16 09:42:42",310
"2020-01-16 10:42:35",310
"2020-01-16 11:42:37",310
"2020-01-16 12:42:34",310
"2020-01-16 14:08:31",310
"2020-01-16 15:42:36",310
"2020-01-16 16:42:38",310
"2020-01-16 17:42:39",310
"2020-01-16 18:42:36",311
"2020-01-16 19:42:36",311
"2020-01-16 20:42:36",311
"2020-01-16 21:42:36",311
"2020-01-16 22:42:37",311
"2020-01-16 23:42:38",311
"2020-01-17 00:42:54",311
"2020-01-17 01:42:57",311
"2020-01-17 02:42:36",311
"2020-01-17 03:42:36",311
"2020-01-17 04:42:37",311
"2020-01-17 05:42:36",311
"2020-01-17 06:42:39",311
"2020-01-17 07:42:35",311
"2020-01-17 08:42:39",311
"2020-01-17 09:42:57",311
"2020-01-17 10:42:36",311
"2020-01-17 11:42:38",311
"2020-01-17 12:42:39",311
"2020-01-17 14:06:33",311
"2020-01-17 14:42:40",311
"2020-01-17 15:42:38",312
"2020-01-17 16:42:37",312
"2020-01-17 17:42:38",313
"2020-01-17 18:42:37",313
"2020-01-17 19:42:37",313
"2020-01-17 20:42:36",313
"2020-01-17 21:42:36",312
"2020-01-17 22:42:40",312
"2020-01-17 23:42:36",312
"2020-01-18 00:42:48",312
"2020-01-18 01:42:36",312
"2020-01-18 02:42:36",312
"2020-01-18 03:42:36",312
"2020-01-18 04:42:36",312
"2020-01-18 05:42:37",312
"2020-01-18 06:42:36",312
"2020-01-18 07:42:37",312
"2020-01-18 08:42:38",312
"2020-01-18 09:42:37",312
"2020-01-18 10:42:35",312
"2020-01-18 11:42:35",312
"2020-01-18 12:42:37",312
"2020-01-18 13:42:39",312
"2020-01-18 14:42:36",312
"2020-01-18 15:42:37",312
"2020-01-18 16:42:36",312
"2020-01-18 17:42:38",312
"2020-01-18 18:42:37",312
"2020-01-18 19:42:56",312
"2020-01-18 20:42:37",312
"2020-01-18 21:42:37",312
"2020-01-18 22:42:39",312
"2020-01-18 23:42:37",312
"2020-01-19 00:42:35",312
"2020-01-19 01:42:35",312
"2020-01-19 02:42:39",312
"2020-01-19 03:42:38",312
"2020-01-19 04:42:37",312
"2020-01-19 05:42:37",312
"2020-01-19 06:42:38",312
"2020-01-19 07:42:37",312
"2020-01-19 08:42:45",312
"2020-01-19 09:42:40",312
"2020-01-19 10:42:36",312
"2020-01-19 11:42:36",312
"2020-01-19 12:42:36",312
"2020-01-19 13:42:37",312
"2020-01-19 14:42:39",312
"2020-01-19 15:42:57",312
"2020-01-19 16:42:36",312
"2020-01-19 17:42:36",312
"2020-01-19 18:42:37",312
"2020-01-19 19:42:55",312
"2020-01-19 20:42:36",312
"2020-01-19 21:42:35",312
"2020-01-19 22:42:38",312
"2020-01-19 23:42:56",312
"2020-01-20 00:42:56",312
"2020-01-20 01:42:55",312
"2020-01-20 02:42:48",312
"2020-01-20 03:42:56",312
"2020-01-20 04:42:53",312
"2020-01-20 05:42:36",312
"2020-01-20 06:42:56",312
"2020-01-20 07:42:35",312
"2020-01-20 08:42:57",312
"2020-01-20 09:51:25",312
"2020-01-20 10:42:51",312
"2020-01-20 11:42:40",312
"2020-01-20 12:42:35",312
"2020-01-20 13:42:52",312
"2020-01-20 14:42:55",312
"2020-01-20 15:42:54",312
"2020-01-20 16:42:38",312
"2020-01-20 17:42:54",312
"2020-01-20 18:42:37",312
"2020-01-20 19:42:54",312
"2020-01-20 20:42:54",312
"2020-01-20 21:42:56",312
"2020-01-20 22:42:56",312
"2020-01-20 23:42:53",312
"2020-01-21 00:42:54",312
"2020-01-21 01:42:54",312
"2020-01-21 02:42:55",312
"2020-01-21 03:42:37",312
"2020-01-21 04:42:38",312
"2020-01-21 05:42:37",312
"2020-01-21 06:42:36",312
"2020-01-21 07:42:36",312
"2020-01-21 08:42:38",312
"2020-01-21 09:59:53",312
"2020-01-21 10:42:54",312
"2020-01-21 11:42:38",312
"2020-01-21 12:42:36",312
"2020-01-21 13:42:37",312
"2020-01-21 15:42:56",311
"2020-01-21 16:42:38",310
"2020-01-21 17:42:50",310
"2020-01-21 18:42:39",311
"2020-01-21 19:42:57",311
"2020-01-21 20:42:36",311
"2020-01-21 21:42:53",312
"2020-01-21 22:42:54",312
"2020-01-21 23:42:36",312
"2020-01-22 00:42:39",312
"2020-01-22 01:42:37",312
"2020-01-22 02:42:55",312
"2020-01-22 03:42:40",312
"2020-01-22 04:42:36",312
"2020-01-22 05:42:37",312
"2020-01-22 06:42:39",312
"2020-01-22 07:42:36",312
"2020-01-22 08:42:36",312
"2020-01-22 09:56:05",312
"2020-01-22 10:42:36",312
"2020-01-22 11:42:36",312
"2020-01-22 12:42:55",312
"2020-01-22 13:42:54",312
"2020-01-22 14:42:43",312
"2020-01-22 15:42:40",312
"2020-01-22 16:42:55",309
"2020-01-22 17:42:53",309
"2020-01-22 18:42:56",308
"2020-01-22 19:42:54",307
"2020-01-22 20:42:56",307
"2020-01-22 21:42:57",307
"2020-01-22 22:42:44",307
"2020-01-22 23:42:51",307
"2020-01-23 00:42:57",307
"2020-01-23 01:42:57",307
"2020-01-23 02:42:39",307
"2020-01-23 03:42:37",307
"2020-01-23 04:42:39",307
"2020-01-23 05:42:38",307
"2020-01-23 06:42:38",307
"2020-01-23 07:42:37",307
"2020-01-23 08:42:38",307
"2020-01-23 10:42:37",307
"2020-01-23 11:42:37",307
"2020-01-23 12:42:38",307
"2020-01-23 14:08:02",307
"2020-01-23 14:42:47",307
"2020-01-23 15:42:39",307
"2020-01-23 16:42:39",307
"2020-01-23 17:42:37",307
"2020-01-23 18:42:38",306
"2020-01-23 19:42:37",306
"2020-01-23 20:42:38",306
"2020-01-23 21:42:46",306
"2020-01-23 22:42:40",306
"2020-01-23 23:42:37",306
"2020-01-24 00:42:38",306
"2020-01-24 01:42:39",306
"2020-01-24 02:42:57",306
"2020-01-24 03:42:36",306
"2020-01-24 04:42:37",306
"2020-01-24 05:42:38",306
"2020-01-24 06:42:37",306
"2020-01-24 07:42:38",306
"2020-01-24 08:42:40",306
"2020-01-24 09:54:09",306
"2020-01-24 10:42:39",306
"2020-01-24 11:42:37",306
"2020-01-24 12:42:37",306
"2020-01-24 14:07:03",306
"2020-01-24 14:42:39",306
"2020-01-24 15:42:40",305
"2020-01-24 16:42:38",305
"2020-01-24 17:42:37",305
"2020-01-24 18:42:38",305
"2020-01-24 19:42:39",305
"2020-01-24 20:42:45",303
"2020-01-24 21:42:37",303
"2020-01-24 22:42:37",303
"2020-01-24 23:42:39",303
"2020-01-25 00:42:39",303
"2020-01-25 01:42:39",303
"2020-01-25 02:42:48",303
"2020-01-25 03:42:41",303
"2020-01-25 04:42:38",303
"2020-01-25 05:42:40",303
"2020-01-25 06:42:40",303
"2020-01-25 07:42:39",303
"2020-01-25 08:42:41",303
"2020-01-25 09:54:37",303
"2020-01-25 10:42:42",303
"2020-01-25 11:42:36",303
"2020-01-25 12:42:40",303
"2020-01-25 13:42:39",303
"2020-01-25 14:42:37",303
"2020-01-25 15:42:39",303
"2020-01-25 16:42:39",303
"2020-01-25 17:42:36",303
"2020-01-25 18:42:38",303
"2020-01-25 19:42:37",303
"2020-01-25 20:42:39",303
"2020-01-25 21:42:39",303
"2020-01-25 22:42:38",303
"2020-01-25 23:42:39",303
"2020-01-26 00:42:38",303
"2020-01-26 01:42:40",303
"2020-01-26 02:42:42",303
"2020-01-26 03:42:43",303
"2020-01-26 04:42:39",303
"2020-01-26 06:42:38",303
"2020-01-26 07:42:39",303
"2020-01-27 02:42:39",303
"2020-01-27 03:42:38",303
"2020-01-27 04:42:49",303
"2020-01-27 05:42:44",303
"2020-01-27 06:42:43",303
"2020-01-27 07:42:41",303
"2020-01-27 08:42:41",303
"2020-01-27 09:42:45",303
"2020-01-27 10:42:42",303
"2020-01-27 11:42:43",303
"2020-01-27 12:42:44",303
"2020-01-27 13:42:42",303
"2020-01-27 14:43:04",303
"2020-01-27 15:42:51",302
"2020-01-27 16:42:42",302
"2020-01-27 17:42:44",302
"2020-01-27 18:42:44",301
"2020-01-27 19:42:51",301
"2020-01-27 20:42:43",300
"2020-01-27 21:42:45",300
"2020-01-27 22:42:59",300
"2020-01-27 23:42:48",300
"2020-01-28 00:42:39",300
"2020-01-28 01:42:49",300
"2020-01-28 02:42:47",300
"2020-01-28 03:42:47",300
"2020-01-28 04:42:46",300
"2020-01-28 05:42:50",300
"2020-01-28 06:42:38",300
"2020-01-28 07:42:39",300
"2020-01-28 08:42:42",300
"2020-01-28 09:42:49",300
"2020-01-28 10:42:37",300
"2020-01-28 11:42:38",300
"2020-01-28 12:42:38",300
"2020-01-28 14:07:35",300
"2020-01-28 14:42:56",300
"2020-01-28 15:42:44",301
"2020-01-28 16:42:49",301
"2020-01-28 17:42:43",300
"2020-01-28 18:42:45",299
"2020-01-28 19:42:47",299
"2020-01-28 21:42:52",298
"2020-01-28 22:42:47",298
"2020-01-28 23:42:43",298
"2020-01-29 00:42:41",298
"2020-01-29 01:42:48",298
"2020-01-29 02:42:55",298
"2020-01-29 03:42:50",298
"2020-01-29 04:42:39",298
"2020-01-29 05:42:46",298
"2020-01-29 06:42:41",298
"2020-01-29 07:42:40",298
"2020-01-29 08:42:44",298
"2020-01-29 09:42:43",298
"2020-01-29 10:42:39",298
"2020-01-29 11:42:38",298
"2020-01-29 12:42:41",298
"2020-01-29 13:42:48",298
"2020-01-29 14:42:47",298
"2020-01-29 15:42:51",298
"2020-01-29 16:42:45",297
"2020-01-29 17:42:50",297
"2020-01-29 18:42:48",296
"2020-01-29 19:42:49",296
"2020-01-29 20:42:48",296
"2020-01-29 21:42:48",295
"2020-01-29 22:42:39",295
"2020-01-29 23:42:40",295
"2020-01-30 00:42:47",295
"2020-01-30 01:42:54",295
"2020-01-30 02:42:48",295
"2020-01-30 03:42:39",295
"2020-01-30 04:42:48",295
"2020-01-30 05:42:56",295
"2020-01-30 06:42:57",295
"2020-01-30 07:42:41",295
"2020-01-30 08:42:41",295
"2020-01-30 09:42:44",295
"2020-01-30 10:42:37",295
"2020-01-30 11:42:38",295
"2020-01-30 12:42:40",295
"2020-01-30 13:42:39",295
"2020-01-30 14:42:47",295
"2020-01-30 15:42:44",294
"2020-01-30 16:42:50",294
"2020-01-30 17:42:50",294
"2020-01-30 18:42:49",294
"2020-01-30 19:42:47",294
"2020-01-30 20:42:46",294
"2020-01-30 21:42:53",293
"2020-01-30 22:42:40",293
"2020-01-30 23:42:40",293
"2020-01-31 00:42:45",293
"2020-01-31 01:42:48",293
"2020-01-31 02:42:41",293
"2020-01-31 03:42:43",293
"2020-01-31 04:42:39",293
"2020-01-31 05:42:41",293
"2020-01-31 06:42:41",293
"2020-01-31 07:42:40",293
"2020-01-31 08:42:46",293
"2020-01-31 09:42:45",293
"2020-01-31 10:42:40",293
"2020-01-31 11:42:40",293
"2020-01-31 12:42:40",293
"2020-01-31 13:42:40",293
"2020-01-31 14:42:42",293
"2020-01-31 15:42:45",292
"2020-01-31 16:42:43",292
"2020-01-31 17:42:40",292
"2020-01-31 18:42:40",292
"2020-01-31 19:42:41",292
"2020-01-31 20:42:41",292
"2020-01-31 21:42:38",292
"2020-01-31 22:42:40",292
"2020-01-31 23:42:39",292
"2020-02-01 00:42:37",292
"2020-02-01 01:43:24",292
"2020-02-01 02:42:42",292
"2020-02-01 03:42:42",292
"2020-02-01 04:42:44",292
"2020-02-01 05:42:46",292
"2020-02-01 06:42:41",292
"2020-02-01 07:42:45",292
"2020-02-01 08:42:43",292
"2020-02-01 09:42:42",292
"2020-02-01 10:42:40",292
"2020-02-01 11:42:39",292
"2020-02-01 12:42:39",292
"2020-02-01 13:42:41",292
"2020-02-01 14:42:40",292
"2020-02-01 15:42:40",292
"2020-02-01 16:42:40",292
"2020-02-01 17:42:39",292
"2020-02-01 18:42:40",292
"2020-02-01 19:42:38",292
"2020-02-01 20:42:41",292
"2020-02-01 21:42:51",292
"2020-02-01 22:42:46",292
"2020-02-01 23:42:49",292
"2020-02-02 00:42:49",292
"2020-02-02 01:42:48",292
"2020-02-02 02:42:48",292
"2020-02-02 03:42:47",292
"2020-02-02 04:42:49",292
"2020-02-02 05:42:45",292
"2020-02-02 06:42:47",292
"2020-02-02 07:42:48",292
"2020-02-02 08:42:48",292
"2020-02-02 09:42:48",292
"2020-02-02 10:42:45",292
"2020-02-02 11:42:44",292
"2020-02-02 12:42:51",292
"2020-02-02 13:42:47",292
"2020-02-02 14:42:47",292
"2020-02-02 15:42:46",292
"2020-02-02 16:42:46",292
"2020-02-02 17:42:48",292
"2020-02-02 18:42:45",292
"2020-02-02 19:42:47",292
"2020-02-02 20:42:46",292
"2020-02-02 21:42:47",292
"2020-02-02 22:42:47",292
"2020-02-02 23:42:52",292
"2020-02-03 00:42:56",292
"2020-02-03 01:42:48",292
"2020-02-03 02:42:47",292
"2020-02-03 03:42:50",292
"2020-02-03 04:42:49",292
"2020-02-03 05:42:48",292
"2020-02-03 06:42:48",292
"2020-02-03 07:42:49",292
"2020-02-03 08:42:51",292
"2020-02-03 09:42:51",292
"2020-02-03 10:42:47",292
"2020-02-03 11:42:50",292
"2020-02-03 12:42:46",292
"2020-02-03 14:44:13",292
"2020-02-03 14:52:00",292
"2020-02-03 15:42:51",293
"2020-02-03 16:42:52",293
"2020-02-03 17:42:51",292
"2020-02-03 18:42:49",293
"2020-02-03 19:42:46",293
"2020-02-03 20:42:50",293
"2020-02-03 21:42:50",292
"2020-02-03 22:42:48",292
"2020-02-03 23:42:48",292
"2020-02-04 00:42:47",292
"2020-02-04 01:42:49",292
"2020-02-04 02:42:49",292
"2020-02-04 03:42:53",292
"2020-02-04 04:42:49",292
"2020-02-04 05:42:50",292
"2020-02-04 06:42:50",292
"2020-02-04 07:42:53",292
"2020-02-04 08:42:40",292
"2020-02-04 09:42:54",292
"2020-02-04 10:42:46",292
"2020-02-04 11:42:48",292
"2020-02-04 12:42:48",292
"2020-02-04 14:11:09",292
"2020-02-04 14:43:00",292
"2020-02-04 15:42:54",293
"2020-02-04 16:42:54",293
"2020-02-04 17:42:51",293
"2020-02-04 18:42:53",293
"2020-02-04 19:42:49",293
"2020-02-04 20:42:50",293
"2020-02-04 21:42:49",293
"2020-02-04 22:42:52",293
"2020-02-04 23:42:51",293
"2020-02-05 00:42:49",293
"2020-02-05 01:42:52",293
"2020-02-05 02:42:49",293
"2020-02-05 03:42:51",293
"2020-02-05 04:43:06",293
"2020-02-05 05:42:49",293
"2020-02-05 06:42:52",293
"2020-02-05 07:42:49",293
"2020-02-05 08:42:54",293
"2020-02-05 09:42:51",293
"2020-02-05 10:42:48",293
"2020-02-05 11:42:54",293
"2020-02-05 12:42:52",293
"2020-02-05 14:05:08",293
"2020-02-05 14:42:54",293
"2020-02-05 15:42:52",292
"2020-02-05 16:42:52",292
"2020-02-05 17:42:50",292
"2020-02-05 18:42:48",292
"2020-02-05 19:42:51",292
"2020-02-05 20:42:52",292
"2020-02-05 21:42:49",292
"2020-02-05 22:42:50",292
"2020-02-05 23:42:53",292
"2020-02-06 00:42:51",292
"2020-02-06 01:42:54",292
"2020-02-06 02:42:53",292
"2020-02-06 03:43:02",292
"2020-02-06 04:43:01",292
"2020-02-06 05:42:50",292
"2020-02-06 06:42:43",292
"2020-02-06 07:42:54",292
"2020-02-06 08:42:52",292
"2020-02-06 09:42:52",292
"2020-02-06 10:42:47",292
"2020-02-06 11:42:50",292
"2020-02-06 12:42:49",292
"2020-02-06 13:42:49",292
"2020-02-06 14:42:55",292
"2020-02-06 15:43:02",294
"2020-02-06 16:42:49",293
"2020-02-06 17:42:50",293
"2020-02-06 18:42:50",293
"2020-02-06 19:42:50",293
"2020-02-06 20:42:50",293
"2020-02-06 21:42:50",293
"2020-02-06 22:42:50",293
"2020-02-06 23:42:49",293
"2020-02-07 00:42:51",293
"2020-02-07 01:42:58",293
"2020-02-07 02:42:49",293
"2020-02-07 03:42:51",293
"2020-02-07 04:42:51",293
"2020-02-07 05:42:56",293
"2020-02-07 06:42:59",293
"2020-02-07 07:42:49",293
"2020-02-07 08:42:53",293
"2020-02-07 09:42:56",293
"2020-02-07 10:42:55",293
"2020-02-07 11:42:51",293
"2020-02-07 12:42:49",293
"2020-02-07 14:06:37",293
"2020-02-07 14:42:50",293
"2020-02-07 15:42:50",292
"2020-02-07 16:42:48",292
"2020-02-07 17:42:51",292
"2020-02-07 18:42:50",292
"2020-02-07 19:42:55",292
"2020-02-07 20:42:50",292
"2020-02-07 21:42:50",290
"2020-02-07 22:42:51",290
"2020-02-07 23:42:48",290
"2020-02-08 00:42:49",290
"2020-02-08 01:42:48",290
"2020-02-08 02:42:50",290
"2020-02-08 03:42:49",290
"2020-02-08 04:42:51",290
"2020-02-08 05:42:49",290
"2020-02-08 06:42:51",290
"2020-02-08 07:42:49",290
"2020-02-08 08:42:49",290
"2020-02-08 09:42:55",290
"2020-02-08 10:42:41",290
"2020-02-08 11:42:49",290
"2020-02-08 12:42:48",290
"2020-02-08 13:42:47",290
"2020-02-08 14:42:49",290
"2020-02-08 15:42:50",290
"2020-02-08 16:42:50",290
"2020-02-08 17:42:51",290
"2020-02-08 18:45:31",290
"2020-02-08 19:42:49",290
"2020-02-08 20:42:52",290
"2020-02-08 21:42:51",290
"2020-02-08 22:42:52",290
"2020-02-08 23:42:48",290
"2020-02-09 00:42:49",290
"2020-02-09 01:42:51",290
"2020-02-09 02:42:55",290
"2020-02-09 03:42:49",290
"2020-02-09 04:42:49",290
"2020-02-09 05:42:50",290
"2020-02-09 06:42:54",290
"2020-02-09 07:42:51",290
"2020-02-09 08:42:53",290
"2020-02-09 09:42:51",290
"2020-02-09 10:42:50",290
"2020-02-09 11:42:52",290
"2020-02-09 12:42:51",290
"2020-02-09 13:42:49",290
"2020-02-09 14:42:51",290
"2020-02-09 15:42:49",290
"2020-02-09 16:42:52",290
"2020-02-09 17:42:48",290
"2020-02-09 18:42:51",290
"2020-02-09 19:42:52",290
"2020-02-09 20:42:48",290
"2020-02-09 21:42:56",290
"2020-02-09 22:42:49",290
"2020-02-09 23:43:06",290
"2020-02-10 00:42:52",290
"2020-02-10 01:42:50",290
"2020-02-10 02:42:50",290
"2020-02-10 03:42:52",290
"2020-02-10 04:42:50",290
"2020-02-10 05:42:56",290
"2020-02-10 06:42:53",290
"2020-02-10 07:42:49",290
"2020-02-10 08:42:50",290
"2020-02-10 09:42:54",290
"2020-02-10 10:42:50",290
"2020-02-10 11:42:50",290
"2020-02-10 12:42:49",290
"2020-02-10 13:42:49",290
"2020-02-10 14:42:52",291
"2020-02-10 15:42:53",291
"2020-02-10 16:42:53",291
"2020-02-10 17:42:48",291
"2020-02-10 18:42:50",290
"2020-02-10 19:42:51",290
"2020-02-10 20:42:53",290
"2020-02-10 21:42:52",290
"2020-02-10 22:42:51",290
"2020-02-10 23:42:47",290
"2020-02-11 00:42:51",290
"2020-02-11 01:42:59",290
"2020-02-11 02:42:52",290
"2020-02-11 03:42:51",290
"2020-02-11 04:42:50",290
"2020-02-11 05:42:50",290
"2020-02-11 06:42:53",290
"2020-02-11 07:42:50",290
"2020-02-11 08:42:51",290
"2020-02-11 09:42:55",290
"2020-02-11 10:42:48",290
"2020-02-11 11:42:52",290
"2020-02-11 12:42:49",290
"2020-02-11 14:07:07",290
"2020-02-11 14:42:55",290
"2020-02-11 15:42:54",290
"2020-02-11 16:42:55",290
"2020-02-11 17:42:50",289
"2020-02-11 18:42:50",289
"2020-02-11 19:42:52",289
"2020-02-11 20:42:51",289
"2020-02-11 21:44:10",289
"2020-02-11 22:43:00",289
"2020-02-11 23:42:50",289
"2020-02-12 00:43:00",289
"2020-02-12 01:42:51",289
"2020-02-12 02:43:06",289
"2020-02-12 03:42:50",289
"2020-02-12 04:42:50",289
"2020-02-12 05:42:50",289
"2020-02-12 06:42:53",289
"2020-02-12 07:42:51",289
"2020-02-12 08:42:51",289
"2020-02-12 09:42:53",289
"2020-02-12 10:42:49",289
"2020-02-12 11:42:49",289
"2020-02-12 12:42:51",289
"2020-02-12 14:07:07",289
"2020-02-12 14:42:54",289
"2020-02-12 15:42:52",288
"2020-02-12 16:42:49",289
"2020-02-12 17:42:50",289
"2020-02-12 18:42:53",289
"2020-02-12 19:42:49",289
"2020-02-12 20:42:53",289
"2020-02-12 21:42:51",289
"2020-02-12 22:42:42",289
"2020-02-12 23:42:41",289
"2020-02-13 00:42:50",289
"2020-02-13 01:42:46",289
"2020-02-13 02:42:50",289
"2020-02-13 03:42:49",289
"2020-02-13 04:42:48",289
"2020-02-13 05:42:50",289
"2020-02-13 06:42:52",289
"2020-02-13 07:42:43",289
"2020-02-13 08:42:43",289
"2020-02-13 09:42:43",289
"2020-02-13 10:42:39",289
"2020-02-13 11:42:49",289
"2020-02-13 12:42:41",289
"2020-02-13 14:07:07",289
"2020-02-13 14:42:44",289
"2020-02-13 15:42:47",288
"2020-02-13 16:42:45",288
"2020-02-13 17:42:50",288
"2020-02-13 18:42:51",288
"2020-02-13 19:42:51",288
"2020-02-13 20:42:50",287
"2020-02-13 21:42:50",287
"2020-02-13 22:42:44",287
"2020-02-13 23:42:42",287
"2020-02-14 00:42:43",287
"2020-02-14 01:42:43",287
"2020-02-14 02:42:52",287
"2020-02-14 03:42:43",287
"2020-02-14 04:42:43",287
"2020-02-14 05:42:43",287
"2020-02-14 06:42:41",287
"2020-02-14 07:42:42",287
"2020-02-14 08:42:49",287
"2020-02-14 09:42:46",287
"2020-02-14 10:42:42",287
"2020-02-14 11:42:43",287
"2020-02-14 12:42:41",287
"2020-02-14 13:42:45",287
"2020-02-14 14:42:44",287
"2020-02-14 15:42:55",287
"2020-02-14 16:42:45",287
"2020-02-14 17:42:44",288
"2020-02-14 18:42:42",288
"2020-02-14 19:42:43",287
"2020-02-14 20:42:51",287
"2020-02-14 21:42:42",287
"2020-02-14 22:42:42",287
"2020-02-14 23:42:49",287
"2020-02-15 00:42:42",287
"2020-02-15 01:42:45",287
"2020-02-15 02:42:42",287
"2020-02-15 03:42:44",287
"2020-02-15 04:42:45",287
"2020-02-15 05:42:41",287
"2020-02-15 06:42:44",287
"2020-02-15 07:42:43",287
"2020-02-15 08:42:41",287
"2020-02-15 09:42:45",287
"2020-02-15 10:42:40",287
"2020-02-15 11:42:43",287
"2020-02-15 12:42:49",287
"2020-02-15 13:42:42",287
"2020-02-15 14:42:44",287
"2020-02-15 15:42:44",287
"2020-02-15 16:42:41",287
"2020-02-15 17:42:43",287
"2020-02-15 18:42:51",287
"2020-02-15 19:42:42",287
"2020-02-15 20:42:42",287
"2020-02-15 21:42:42",287
"2020-02-15 22:42:43",287
"2020-02-15 23:42:43",287
"2020-02-16 00:42:40",287
"2020-02-16 01:42:42",287
"2020-02-16 02:42:42",287
"2020-02-16 03:42:40",287
"2020-02-16 04:42:43",287
"2020-02-16 05:42:43",287
"2020-02-16 06:42:41",287
"2020-02-16 07:42:42",287
"2020-02-16 08:42:42",287
"2020-02-16 09:42:44",287
"2020-02-16 10:42:42",287
"2020-02-16 11:42:43",287
"2020-02-16 12:42:43",287
"2020-02-16 13:42:42",287
"2020-02-16 14:42:43",287
"2020-02-16 15:42:52",287
"2020-02-16 16:42:51",287
"2020-02-16 17:42:43",287
"2020-02-16 18:42:44",287
"2020-02-16 19:42:43",287
"2020-02-16 20:42:41",287
"2020-02-16 21:42:41",287
"2020-02-16 22:42:43",287
"2020-02-16 23:42:44",287
"2020-02-17 00:42:43",287
"2020-02-17 01:42:40",287
"2020-02-17 02:42:42",287
"2020-02-17 03:42:42",287
"2020-02-17 04:42:43",287
"2020-02-17 05:42:42",287
"2020-02-17 06:42:44",287
"2020-02-17 07:42:41",287
"2020-02-17 08:42:43",287
"2020-02-17 09:42:44",287
"2020-02-17 10:42:42",287
"2020-02-17 11:42:42",287
"2020-02-17 12:42:46",287
"2020-02-17 13:42:40",287
"2020-02-17 14:42:39",287
"2020-02-17 15:42:43",287
"2020-02-17 16:42:46",287
"2020-02-17 17:42:41",287
"2020-02-17 18:42:42",287
"2020-02-17 19:42:41",287
"2020-02-17 20:42:42",287
"2020-02-17 22:42:45",287
"2020-02-17 23:42:50",287
"2020-02-18 00:42:41",287
"2020-02-18 01:42:42",287
"2020-02-18 02:42:45",287
"2020-02-18 03:42:43",287
"2020-02-18 04:42:43",287
"2020-02-18 05:42:44",287
"2020-02-18 06:42:42",287
"2020-02-18 07:42:42",287
"2020-02-18 08:42:44",287
"2020-02-18 09:42:46",287
"2020-02-18 10:42:43",287
"2020-02-18 11:42:41",287
"2020-02-18 12:42:49",287
"2020-02-18 14:07:35",287
"2020-02-18 14:42:47",287
"2020-02-18 15:42:44",286
"2020-02-18 16:42:45",286
"2020-02-18 17:42:41",286
"2020-02-18 18:42:41",286
"2020-02-18 19:42:40",286
"2020-02-18 20:42:39",286
"2020-02-18 21:42:40",286
"2020-02-18 22:42:39",286
"2020-02-18 23:42:41",286
"2020-02-19 01:42:40",286
"2020-02-19 02:42:42",286
"2020-02-19 03:42:44",286
"2020-02-19 04:42:42",286
"2020-02-19 05:42:42",286
"2020-02-19 06:42:40",286
"2020-02-19 07:42:42",286
"2020-02-19 08:42:42",286
"2020-02-19 09:42:41",286
"2020-02-19 10:42:40",286
"2020-02-19 11:42:39",286
"2020-02-19 12:42:40",286
"2020-02-19 14:09:06",286
"2020-02-19 14:42:51",286
"2020-02-19 15:42:46",286
"2020-02-19 16:42:41",286
"2020-02-19 17:42:41",285
"2020-02-19 18:42:41",285
"2020-02-19 19:42:40",285
"2020-02-19 20:42:40",285
"2020-02-19 21:42:49",284
"2020-02-19 22:42:44",284
"2020-02-19 23:42:42",284
"2020-02-20 00:42:40",284
"2020-02-20 01:42:42",284
"2020-02-20 02:42:45",284
"2020-02-20 03:42:41",284
"2020-02-20 04:42:40",284
"2020-02-20 05:42:42",284
"2020-02-20 06:42:48",284
"2020-02-20 07:42:40",284
"2020-02-20 08:42:40",284
"2020-02-20 09:42:42",284
"2020-02-20 10:42:44",284
"2020-02-20 11:42:39",284
"2020-02-20 12:42:47",284
"2020-02-20 13:42:47",284
"2020-02-20 14:42:42",284
"2020-02-20 15:42:45",284
"2020-02-20 16:42:41",285
"2020-02-20 17:42:48",285
"2020-02-20 18:42:46",285
"2020-02-20 19:42:56",285
"2020-02-20 20:42:51",285
"2020-02-20 21:42:49",285
"2020-02-20 22:42:52",285
"2020-02-20 23:42:51",285
"2020-02-21 00:42:48",285
"2020-02-21 01:42:51",285
"2020-02-21 02:42:53",285
"2020-02-21 03:43:06",285
"2020-02-21 04:43:07",285
"2020-02-21 05:42:54",285
"2020-02-21 06:42:55",285
"2020-02-21 07:42:54",285
"2020-02-21 08:42:54",285
"2020-02-21 09:43:10",285
"2020-02-21 10:43:26",285
"2020-02-21 11:43:07",285
"2020-02-21 12:43:07",285
"2020-02-21 13:43:04",285
"2020-02-21 14:42:58",285
"2020-02-21 15:43:11",286
"2020-02-21 16:43:23",287
"2020-02-21 17:43:19",288
"2020-02-21 18:43:05",289
"2020-02-21 19:42:51",289
"2020-02-21 20:42:51",289
"2020-02-21 21:43:08",289
"2020-02-21 22:42:56",289
"2020-02-21 23:43:51",289
"2020-02-22 00:43:19",289
"2020-02-22 01:42:59",289
"2020-02-22 02:42:58",289
"2020-02-22 03:43:17",289
"2020-02-22 04:43:05",289
"2020-02-22 05:43:07",289
"2020-02-22 06:42:50",289
"2020-02-22 07:43:05",289
"2020-02-22 08:43:18",289
"2020-02-22 09:42:52",289
"2020-02-22 10:43:01",289
"2020-02-22 11:42:52",289
"2020-02-22 12:43:10",289
"2020-02-22 13:43:54",289
"2020-02-22 14:42:52",289
"2020-02-22 15:42:57",289
"2020-02-22 16:43:21",289
"2020-02-22 17:43:13",289
"2020-02-22 18:42:55",289
"2020-02-22 19:42:55",289
"2020-02-22 20:43:09",289
"2020-02-22 21:43:42",289
"2020-02-22 22:43:18",289
"2020-02-22 23:42:51",289
"2020-02-23 00:42:55",289
"2020-02-23 01:42:59",289
"2020-02-23 02:43:07",289
"2020-02-23 03:42:55",289
"2020-02-23 04:43:11",289
"2020-02-23 05:43:10",289
"2020-02-23 06:42:56",289
"2020-02-23 07:43:01",289
"2020-02-23 08:43:19",289
"2020-02-23 09:42:55",289
"2020-02-23 10:42:57",289
"2020-02-23 11:42:57",289
"2020-02-23 12:42:57",289
"2020-02-23 13:42:57",289
"2020-02-23 14:43:10",289
"2020-02-23 15:42:55",289
"2020-02-23 16:42:58",289
"2020-02-23 17:42:54",289
"2020-02-23 18:42:58",289
"2020-02-23 19:42:58",289
"2020-02-23 20:42:56",289
"2020-02-23 21:43:10",289
"2020-02-23 22:42:49",289
"2020-02-23 23:42:59",289
"2020-02-24 00:43:16",289
"2020-02-24 01:42:52",289
"2020-02-24 02:43:12",289
"2020-02-24 03:42:55",289
"2020-02-24 04:43:02",289
"2020-02-24 05:43:16",289
"2020-02-24 06:42:54",289
"2020-02-24 07:42:55",289
"2020-02-24 08:42:56",289
"2020-02-24 09:55:31",289
"2020-02-24 10:42:52",289
"2020-02-24 11:43:11",289
"2020-02-24 12:42:50",289
"2020-02-24 13:43:06",289
"2020-02-24 14:43:18",289
"2020-02-24 15:42:53",286
"2020-02-24 16:43:08",285
"2020-02-24 17:42:54",285
"2020-02-24 18:42:59",285
"2020-02-24 19:43:14",284
"2020-02-24 20:43:14",284
"2020-02-24 21:43:14",284
"2020-02-24 22:43:10",284
"2020-02-24 23:42:52",284
"2020-02-25 00:42:57",284
"2020-02-25 01:42:50",284
"2020-02-25 02:43:01",284
"2020-02-25 03:43:01",284
"2020-02-25 04:42:58",284
"2020-02-25 05:43:22",284
"2020-02-25 06:43:00",284
"2020-02-25 07:43:02",284
"2020-02-25 08:43:14",284
"2020-02-25 09:56:16",284
"2020-02-25 10:43:12",284
"2020-02-25 11:43:00",284
"2020-02-25 12:43:03",284
"2020-02-25 14:08:34",284
"2020-02-25 14:43:01",284
"2020-02-25 15:43:00",284
"2020-02-25 16:42:57",284
"2020-02-25 17:42:58",284
"2020-02-25 18:43:07",284
"2020-02-25 19:42:58",284
"2020-02-25 20:43:15",283
"2020-02-25 21:43:10",283
"2020-02-25 22:42:58",283
"2020-02-25 23:42:58",283
"2020-02-26 00:42:57",283
"2020-02-26 01:42:56",283
"2020-02-26 02:43:02",283
"2020-02-26 03:42:55",283
"2020-02-26 04:43:17",283
"2020-02-26 05:43:12",283
"2020-02-26 06:43:12",283
"2020-02-26 07:43:22",283
"2020-02-26 08:43:11",283
"2020-02-26 09:43:03",283
"2020-02-26 10:42:59",283
"2020-02-26 11:43:10",283
"2020-02-26 12:42:56",283
"2020-02-26 13:43:09",283
"2020-02-26 14:43:13",283
"2020-02-26 15:43:16",279
"2020-02-26 16:42:57",280
"2020-02-26 17:43:00",280
"2020-02-26 18:42:58",280
"2020-02-26 19:43:11",280
"2020-02-26 20:43:08",280
"2020-02-26 21:43:11",279
"2020-02-26 22:43:09",279
"2020-02-26 23:43:12",279
"2020-02-27 00:42:59",279
"2020-02-27 01:42:58",279
"2020-02-27 02:42:51",279
"2020-02-27 03:43:13",279
"2020-02-27 04:42:53",279
"2020-02-27 05:42:59",279
"2020-02-27 06:42:56",279
"2020-02-27 07:42:57",279
"2020-02-27 08:43:06",279
"2020-02-27 09:43:01",279
"2020-02-27 10:43:15",279
"2020-02-27 11:43:03",279
"2020-02-27 12:43:13",279
"2020-02-27 14:07:05",279
"2020-02-27 14:43:18",279
"2020-02-27 15:43:05",276
"2020-02-27 16:43:10",276
"2020-02-27 17:42:58",275
"2020-02-27 18:43:08",275
"2020-02-27 19:42:51",273
"2020-02-27 20:42:59",273
"2020-02-27 21:42:58",273
"2020-02-27 22:43:07",273
"2020-02-27 23:42:54",273
"2020-02-28 00:43:14",273
"2020-02-28 01:42:55",273
"2020-02-28 02:42:54",273
"2020-02-28 03:43:13",273
"2020-02-28 04:43:16",273
"2020-02-28 05:43:11",273
"2020-02-28 06:42:58",273
"2020-02-28 07:43:14",273
"2020-02-28 08:43:19",273
"2020-02-28 09:43:16",273
"2020-02-28 10:42:55",273
"2020-02-28 11:43:02",273
"2020-02-28 12:43:09",273
"2020-02-28 14:07:39",273
"2020-02-28 14:43:01",273
"2020-02-28 15:42:55",270
"2020-02-28 16:43:01",270
"2020-02-28 17:42:59",269
"2020-02-28 18:42:58",269
"2020-02-28 19:43:13",270
"2020-02-28 20:42:54",270
"2020-02-28 21:42:56",269
"2020-02-28 22:43:11",269
"2020-02-28 23:42:56",269
"2020-02-29 00:42:56",269
"2020-02-29 01:42:55",269
"2020-02-29 02:43:00",269
"2020-02-29 03:42:53",269
"2020-02-29 04:43:00",269
"2020-02-29 05:43:19",269
"2020-02-29 06:43:10",269
"2020-02-29 07:43:43",269
"2020-02-29 08:43:58",269
"2020-02-29 09:43:41",269
"2020-02-29 10:42:55",269
"2020-02-29 11:42:53",269
"2020-02-29 12:43:42",269
"2020-02-29 13:43:43",269
"2020-02-29 14:42:58",269
"2020-02-29 15:42:58",269
"2020-02-29 16:43:14",269
"2020-02-29 17:43:12",269
"2020-02-29 18:42:59",269
"2020-02-29 19:42:58",269
"2020-02-29 20:42:54",269
"2020-02-29 21:43:05",269
"2020-02-29 22:44:00",269
"2020-02-29 23:43:40",269
"2020-03-01 00:43:41",269
"2020-03-01 01:43:42",269
"2020-03-01 02:43:01",269
"2020-03-01 03:43:41",269
"2020-03-01 04:42:57",269
"2020-03-01 05:43:11",269
"2020-03-01 06:42:58",269
"2020-03-01 07:43:09",269
"2020-03-01 08:42:55",269
"2020-03-01 09:43:42",269
"2020-03-01 10:43:39",269
"2020-03-01 11:43:07",269
"2020-03-01 12:43:11",269
"2020-03-01 13:42:56",269
"2020-03-01 14:42:53",269
"2020-03-01 15:43:43",269
"2020-03-01 16:43:13",269
"2020-03-01 17:43:40",269
"2020-03-01 18:43:44",269
"2020-03-01 19:43:46",269
"2020-03-01 20:43:44",269
"2020-03-01 21:42:57",269
"2020-03-01 22:42:58",269
"2020-03-01 23:43:43",269
"2020-03-02 00:42:52",269
"2020-03-02 01:43:13",269
"2020-03-02 02:43:41",269
"2020-03-02 03:43:59",269
"2020-03-02 04:43:16",269
"2020-03-02 05:43:44",269
"2020-03-02 07:42:55",269
"2020-03-02 08:43:41",269
"2020-03-02 09:43:41",269
"2020-03-02 10:43:09",269
"2020-03-02 11:42:55",269
"2020-03-02 12:43:08",269
"2020-03-02 13:43:41",269
"2020-03-02 18:44:43",269
"2020-03-03 00:43:13",270
"2020-03-03 01:43:23",270
"2020-03-03 02:43:14",270
"2020-03-03 03:43:27",270
"2020-03-03 04:43:45",270
"2020-03-03 05:45:11",270
"2020-03-03 06:43:53",270
"2020-03-03 07:43:12",270
"2020-03-03 08:44:04",270
"2020-03-03 09:44:09",270
"2020-03-03 10:43:14",270
"2020-03-03 11:44:20",270
"2020-03-03 12:43:11",270
"2020-03-03 13:44:07",270
"2020-03-03 14:44:09",270
"2020-03-03 16:44:21",269
"2020-03-03 17:44:09",268
"2020-03-03 18:42:56",268
"2020-03-03 19:42:56",267
"2020-03-03 20:43:15",267
"2020-03-03 21:43:12",267
"2020-03-03 22:44:26",267
"2020-03-03 23:43:44",267
"2020-03-04 00:44:00",267
"2020-03-04 01:43:46",267
"2020-03-04 02:43:01",267
"2020-03-04 03:43:13",267
"2020-03-04 04:44:07",267
"2020-03-04 05:43:03",267
"2020-03-04 06:43:53",267
"2020-03-04 07:43:11",267
"2020-03-04 08:43:46",267
"2020-03-04 09:43:16",267
"2020-03-04 10:42:57",267
"2020-03-04 11:43:59",267
"2020-03-04 12:43:59",267
"2020-03-04 13:42:59",267
"2020-03-04 14:42:57",267
"2020-03-04 15:44:05",266
"2020-03-04 16:42:59",266
"2020-03-04 17:43:12",266
"2020-03-04 18:43:43",266
"2020-03-04 19:43:51",266
"2020-03-04 20:43:49",266
"2020-03-04 21:42:57",266
"2020-03-04 22:43:45",266
"2020-03-04 23:43:04",266
"2020-03-05 00:43:07",266
"2020-03-05 01:43:15",266
"2020-03-05 02:43:00",266
"2020-03-05 03:43:01",266
"2020-03-05 04:43:14",266
"2020-03-05 05:43:14",266
"2020-03-05 06:43:01",266
"2020-03-05 07:43:00",266
"2020-03-05 08:44:11",266
"2020-03-05 09:43:16",266
"2020-03-05 10:42:58",266
"2020-03-05 11:43:13",266
"2020-03-05 12:43:13",266
"2020-03-05 13:43:16",266
"2020-03-05 14:43:46",266
"2020-03-05 15:43:14",266
"2020-03-05 16:43:47",267
"2020-03-05 17:42:59",267
"2020-03-05 18:43:03",267
"2020-03-05 19:43:00",267
"2020-03-05 20:42:58",266
"2020-03-05 21:42:57",266
"2020-03-05 22:43:46",266
"2020-03-05 23:43:48",266
"2020-03-06 00:42:57",266
"2020-03-06 01:43:00",266
"2020-03-06 02:43:48",266
"2020-03-06 03:43:46",266
"2020-03-06 04:43:48",266
"2020-03-06 05:43:49",266
"2020-03-06 06:44:00",266
"2020-03-06 07:43:47",266
"2020-03-06 08:43:08",266
"2020-03-06 09:43:52",266
"2020-03-06 10:43:03",266
"2020-03-06 11:44:01",266
"2020-03-06 12:43:07",266
"2020-03-06 13:42:54",266
"2020-03-06 14:44:09",266
"2020-03-06 15:43:12",267
"2020-03-06 16:43:12",267
"2020-03-06 17:43:05",267
"2020-03-06 18:42:56",267
"2020-03-06 19:43:08",267
"2020-03-06 20:42:59",266
"2020-03-06 21:42:58",266
"2020-03-06 22:42:57",266
"2020-03-06 23:43:13",266
"2020-03-07 00:42:59",266
"2020-03-07 01:43:14",266
"2020-03-07 02:43:01",266
"2020-03-07 03:44:01",266
"2020-03-07 04:44:02",266
"2020-03-07 05:43:48",266
"2020-03-07 06:43:48",266
"2020-03-07 07:43:18",266
"2020-03-07 08:43:45",266
"2020-03-07 09:43:07",266
"2020-03-07 10:43:14",266
"2020-03-07 11:43:45",266
"2020-03-07 12:43:12",266
"2020-03-07 13:42:59",266
"2020-03-07 14:43:03",266
"2020-03-07 15:43:01",266
"2020-03-07 16:43:00",266
"2020-03-07 17:43:14",266
"2020-03-07 18:43:03",266
"2020-03-07 19:43:03",266
"2020-03-07 20:43:50",266
"2020-03-07 21:44:03",266
"2020-03-07 22:43:48",266
"2020-03-07 23:43:47",266
"2020-03-08 00:42:59",266
"2020-03-08 01:43:15",266
"2020-03-08 02:43:18",266
"2020-03-08 03:43:49",266
"2020-03-08 04:43:47",266
"2020-03-08 05:43:52",266
"2020-03-08 06:43:27",266
"2020-03-08 07:43:48",266
"2020-03-08 08:43:51",266
"2020-03-08 09:43:17",266
"2020-03-08 10:43:52",266
"2020-03-08 11:43:11",266
"2020-03-08 12:44:02",266
"2020-03-08 13:44:04",266
"2020-03-08 14:42:56",266
"2020-03-08 15:43:53",266
"2020-03-08 16:42:59",266
"2020-03-08 17:43:04",266
"2020-03-08 18:44:05",266
"2020-03-08 19:43:30",266
"2020-03-08 20:43:16",266
"2020-03-08 21:42:56",266
"2020-03-08 22:43:45",266
"2020-03-08 23:43:00",266
"2020-03-09 00:43:52",266
"2020-03-09 01:42:59",266
"2020-03-09 02:43:52",266
"2020-03-09 03:43:50",266
"2020-03-09 04:43:52",266
"2020-03-09 05:42:59",266
"2020-03-09 06:43:00",266
"2020-03-09 07:43:02",266
"2020-03-09 08:42:58",266
"2020-03-09 09:43:13",266
"2020-03-09 10:43:44",266
"2020-03-09 11:43:48",266
"2020-03-09 12:43:25",266
"2020-03-09 13:43:03",266
"2020-03-09 14:44:02",266
"2020-03-09 15:43:25",268
"2020-03-09 16:43:12",268
"2020-03-09 17:42:58",268
"2020-03-09 18:42:58",267
"2020-03-09 19:42:59",267
"2020-03-09 20:43:01",266
"2020-03-09 21:43:44",266
"2020-03-09 22:43:43",265
"2020-03-09 23:44:00",265
"2020-03-10 00:42:54",265
"2020-03-10 01:43:45",265
"2020-03-10 02:43:13",265
"2020-03-10 03:44:02",265
"2020-03-10 04:43:12",265
"2020-03-10 06:44:00",265
"2020-03-10 07:43:57",265
"2020-03-10 08:43:03",265
"2020-03-10 09:43:45",265
"2020-03-10 10:43:43",265
"2020-03-10 11:43:46",265
"2020-03-10 12:43:12",265
"2020-03-10 13:43:18",265
"2020-03-10 14:44:02",264
"2020-03-10 15:44:01",266
"2020-03-10 16:42:54",266
"2020-03-10 17:43:47",266
"2020-03-10 18:43:47",266
"2020-03-10 19:43:50",266
"2020-03-10 20:44:41",266
"2020-03-10 21:44:01",266
"2020-03-10 22:43:47",266
"2020-03-10 23:43:11",266
"2020-03-11 00:43:53",266
"2020-03-11 01:43:58",266
"2020-03-11 02:44:04",266
"2020-03-11 03:43:14",266
"2020-03-11 04:43:13",266
"2020-03-11 05:44:00",266
"2020-03-11 06:43:50",266
"2020-03-11 07:42:57",266
"2020-03-11 08:43:16",266
"2020-03-11 09:42:53",266
"2020-03-11 10:42:59",266
"2020-03-11 11:43:49",266
"2020-03-11 12:44:01",266
"2020-03-11 13:43:47",266
"2020-03-11 14:43:11",266
"2020-03-11 15:43:01",267
"2020-03-11 16:43:57",266
"2020-03-11 17:43:12",267
"2020-03-11 18:42:55",264
"2020-03-11 19:43:59",264
"2020-03-11 20:44:00",264
"2020-03-11 21:43:12",264
"2020-03-11 22:43:15",264
"2020-03-11 23:43:22",264
"2020-03-12 00:42:56",264
"2020-03-12 01:43:50",264
"2020-03-12 02:43:10",264
"2020-03-12 03:43:46",264
"2020-03-12 04:43:59",264
"2020-03-12 05:43:12",264
"2020-03-12 06:43:02",264
"2020-03-12 07:43:08",264
"2020-03-12 08:43:54",264
"2020-03-12 09:43:28",264
"2020-03-12 10:43:50",264
"2020-03-12 11:43:47",264
"2020-03-12 12:43:44",264
"2020-03-12 13:44:01",264
"2020-03-12 14:43:00",264
"2020-03-12 15:42:53",263
"2020-03-12 16:43:00",263
"2020-03-12 17:42:56",262
"2020-03-12 18:44:01",262
"2020-03-12 19:43:12",262
"2020-03-12 20:43:00",262
"2020-03-12 21:44:05",262
"2020-03-12 22:42:57",262
"2020-03-12 23:44:06",262
"2020-03-13 00:44:06",262
"2020-03-13 01:42:57",262
"2020-03-13 02:43:47",262
"2020-03-13 03:43:49",262
"2020-03-13 04:43:10",262
"2020-03-13 05:43:15",262
"2020-03-13 06:44:08",262
"2020-03-13 07:44:09",262
"2020-03-13 08:44:15",262
"2020-03-13 09:44:18",262
"2020-03-13 10:43:13",262
"2020-03-13 11:43:43",262
"2020-03-13 13:07:09",262
"2020-03-13 13:43:18",262
"2020-03-13 14:43:15",261
"2020-03-13 15:43:16",261
"2020-03-13 16:43:48",261
"2020-03-13 17:43:43",261
"2020-03-13 18:44:01",261
"2020-03-13 19:43:46",261
"2020-03-13 20:43:02",260
"2020-03-13 21:43:12",260
"2020-03-13 22:42:58",260
"2020-03-13 23:43:42",260
"2020-03-14 00:43:13",260
"2020-03-14 01:43:58",260
"2020-03-14 02:43:50",260
"2020-03-14 03:43:10",260
"2020-03-14 04:44:00",260
"2020-03-14 05:43:52",260
"2020-03-14 06:43:16",260
"2020-03-14 07:44:01",260
"2020-03-14 08:43:48",259
"2020-03-14 09:43:48",259
"2020-03-14 10:43:09",259
"2020-03-14 11:43:02",259
"2020-03-14 12:43:09",259
"2020-03-14 13:43:00",259
"2020-03-14 14:43:45",259
"2020-03-14 15:42:58",259
"2020-03-14 16:43:45",259
"2020-03-14 17:43:12",259
"2020-03-14 18:43:47",259
"2020-03-14 19:43:14",259
"2020-03-14 20:43:52",259
"2020-03-14 21:43:47",259
"2020-03-14 22:44:00",259
"2020-03-14 23:43:44",259
"2020-03-15 00:43:06",259
"2020-03-15 01:43:12",259
"2020-03-15 02:43:59",259
"2020-03-15 03:43:59",259
"2020-03-15 04:43:01",259
"2020-03-15 05:44:00",259
"2020-03-15 06:43:15",259
"2020-03-15 07:44:05",259
"2020-03-15 08:59:56",259
"2020-03-15 09:43:26",259
"2020-03-15 10:43:43",259
"2020-03-15 11:44:01",259
"2020-03-15 12:43:45",259
"2020-03-15 13:43:02",259
"2020-03-15 14:43:23",259
"2020-03-15 15:43:09",259
"2020-03-15 16:43:43",259
"2020-03-15 17:43:14",259
"2020-03-15 18:43:58",259
"2020-03-15 19:43:49",259
"2020-03-15 20:43:18",259
"2020-03-15 21:43:15",259
"2020-03-15 22:43:43",259
"2020-03-15 23:43:42",259
"2020-03-16 00:42:58",259
"2020-03-16 01:42:59",259
"2020-03-16 02:42:57",259
"2020-03-16 03:43:34",259
"2020-03-16 04:43:49",259
"2020-03-16 05:44:03",259
"2020-03-16 06:43:11",259
"2020-03-16 07:44:00",259
"2020-03-16 08:58:33",259
"2020-03-16 09:43:46",259
"2020-03-16 10:43:17",259
"2020-03-16 11:43:46",259
"2020-03-16 13:08:42",259
"2020-03-16 13:43:49",259
"2020-03-16 14:43:14",258
"2020-03-16 15:43:47",259
"2020-03-16 16:42:59",259
"2020-03-16 17:43:13",258
"2020-03-16 18:43:00",258
"2020-03-16 19:43:58",259
"2020-03-16 20:42:56",259
"2020-03-16 21:43:15",259
"2020-03-16 22:42:59",259
"2020-03-16 23:43:49",259
"2020-03-17 00:43:46",259
"2020-03-17 01:43:03",259
"2020-03-17 02:43:46",259
"2020-03-17 20:10:34",259
"2020-03-17 20:18:21",259
"2020-03-17 20:43:14",259
"2020-03-17 21:43:01",259
"2020-03-17 22:43:01",259
"2020-03-17 23:43:05",259
"2020-03-18 00:43:13",259
"2020-03-18 01:43:18",259
"2020-03-18 02:43:17",259
"2020-03-18 03:43:16",259
"2020-03-18 04:43:18",259
"2020-03-18 05:43:07",259
"2020-03-18 06:43:02",259
"2020-03-18 07:43:17",259
"2020-03-18 08:42:58",259
"2020-03-18 09:43:14",259
"2020-03-18 10:43:00",259
"2020-03-18 11:42:59",259
"2020-03-18 13:08:40",259
"2020-03-18 13:43:18",259
"2020-03-18 14:43:04",260
"2020-03-18 15:43:06",260
"2020-03-18 16:43:02",260
"2020-03-18 17:43:15",259
"2020-03-18 18:42:58",259
"2020-03-18 19:43:13",259
"2020-03-18 20:43:04",260
"2020-03-18 21:43:05",260
"2020-03-18 22:42:59",260
"2020-03-18 23:43:10",260
"2020-03-19 00:43:06",260
"2020-03-19 01:43:09",260
"2020-03-19 02:42:59",260
"2020-03-19 03:42:57",260
"2020-03-19 04:43:03",260
"2020-03-19 05:43:54",260
"2020-03-19 06:42:59",260
"2020-03-19 07:43:05",260
"2020-03-19 08:43:03",260
"2020-03-19 09:43:12",260
"2020-03-19 10:42:59",260
"2020-03-19 11:43:01",260
"2020-03-19 12:43:01",260
"2020-03-19 13:43:03",260
"2020-03-19 14:43:03",260
"2020-03-19 15:43:03",261
"2020-03-19 16:43:03",260
"2020-03-19 17:43:03",260
"2020-03-19 18:42:55",260
"2020-03-19 19:43:07",261
"2020-03-19 20:43:19",261
"2020-03-19 21:43:12",261
"2020-03-19 22:42:59",261
"2020-03-19 23:43:26",261
"2020-03-20 00:43:00",261
"2020-03-20 01:43:00",261
"2020-03-20 02:43:30",261
"2020-03-20 03:43:08",261
"2020-03-20 04:43:05",261
"2020-03-20 06:43:20",261
"2020-03-20 07:43:07",261
"2020-03-20 08:43:30",261
"2020-03-20 09:43:16",261
"2020-03-20 10:43:03",261
"2020-03-20 11:43:03",261
"2020-03-20 13:07:37",261
"2020-03-20 13:43:18",261
"2020-03-20 14:43:00",262
"2020-03-20 15:42:59",262
"2020-03-20 16:43:01",262
"2020-03-20 17:43:03",262
"2020-03-20 18:42:57",263
"2020-03-20 19:43:04",263
"2020-03-20 20:43:02",263
"2020-03-20 21:42:58",263
"2020-03-20 22:43:14",263
"2020-03-20 23:43:18",263
"2020-03-21 00:43:07",263
"2020-03-21 01:43:03",263
"2020-03-21 02:43:15",263
"2020-03-21 03:43:17",263
"2020-03-21 04:43:01",263
"2020-03-21 05:42:58",263
"2020-03-21 06:43:02",263
"2020-03-21 07:43:15",263
"2020-03-21 08:43:18",263
"2020-03-21 09:43:02",263
"2020-03-21 10:43:05",263
"2020-03-21 11:43:10",263
"2020-03-21 12:42:57",263
"2020-03-21 13:43:02",263
"2020-03-21 14:43:26",263
"2020-03-21 15:43:13",263
"2020-03-21 16:43:10",263
"2020-03-21 17:43:21",263
"2020-03-21 18:43:06",263
"2020-03-21 19:43:06",263
"2020-03-21 20:42:57",263
"2020-03-21 21:43:05",263
"2020-03-21 22:43:01",263
"2020-03-21 23:43:03",263
"2020-03-22 00:42:56",263
"2020-03-22 01:43:12",263
"2020-03-22 02:42:59",263
"2020-03-22 03:43:28",263
"2020-03-22 04:43:05",263
"2020-03-22 05:43:22",263
"2020-03-22 06:43:16",263
"2020-03-22 07:43:18",263
"2020-03-22 09:14:18",263
"2020-03-22 09:43:05",263
"2020-03-22 10:43:16",263
"2020-03-22 11:43:01",263
"2020-03-22 12:43:13",263
"2020-03-22 21:53:02",263
"2020-03-22 22:43:15",263
"2020-03-22 23:43:05",263
"2020-03-23 00:43:26",263
"2020-03-23 01:43:21",263
"2020-03-23 02:43:01",263
"2020-03-23 03:43:02",263
"2020-03-23 04:43:16",263
"2020-03-23 05:43:08",263
"2020-03-23 06:43:07",263
"2020-03-23 07:43:02",263
"2020-03-23 08:43:07",263
"2020-03-23 09:43:19",263
"2020-03-23 10:43:04",263
"2020-03-23 11:43:14",263
"2020-03-23 13:07:07",263
"2020-03-23 13:43:27",263
"2020-03-23 14:43:16",263
"2020-03-23 15:43:08",263
"2020-03-23 16:43:19",263
"2020-03-23 17:43:05",264
"2020-03-23 18:43:02",264
"2020-03-23 19:43:14",264
"2020-03-23 20:43:17",264
"2020-03-23 21:43:05",264
"2020-03-23 22:43:06",264
"2020-03-23 23:43:04",264
"2020-03-24 00:43:00",264
"2020-03-24 01:43:04",264
"2020-03-24 02:43:03",264
"2020-03-24 03:43:04",264
"2020-03-24 04:43:17",264
"2020-03-24 05:43:40",264
"2020-03-24 06:43:13",264
"2020-03-24 07:43:21",264
"2020-03-24 09:08:38",264
"2020-03-24 09:43:01",264
"2020-03-24 10:43:03",264
"2020-03-24 11:43:04",264
"2020-03-24 12:42:55",264
"2020-03-24 13:43:30",264
"2020-03-24 14:43:35",264
"2020-03-24 15:43:28",264
"2020-03-24 16:43:32",264
"2020-03-24 17:43:16",265
"2020-03-24 18:43:16",263
"2020-03-24 19:43:05",263
"2020-03-24 20:42:59",262
"2020-03-24 21:42:57",262
"2020-03-24 22:43:17",262
"2020-03-24 23:43:17",262
"2020-03-25 00:42:59",262
"2020-03-25 01:43:05",262
"2020-03-25 02:43:02",262
"2020-03-25 03:42:59",262
"2020-03-25 04:42:55",262
"2020-03-25 06:43:19",262
"2020-03-25 07:42:58",262
"2020-03-25 09:43:05",262
"2020-03-25 10:43:03",262
"2020-03-25 11:43:13",262
"2020-03-25 12:43:18",262
"2020-03-25 13:43:20",262
"2020-03-25 14:43:19",262
"2020-03-25 15:43:27",261
"2020-03-25 16:43:18",261
"2020-03-25 17:43:04",261
"2020-03-25 18:42:59",262
"2020-03-25 19:43:00",262
"2020-03-25 20:43:07",261
"2020-03-25 21:42:57",260
"2020-03-25 22:43:00",260
"2020-03-25 23:43:02",260
"2020-03-26 02:05:28",260
"2020-03-26 02:43:07",260
"2020-03-26 03:43:15",260
"2020-03-26 04:43:30",260
"2020-03-26 05:43:06",260
"2020-03-26 06:43:08",260
"2020-03-26 07:43:09",260
"2020-03-26 08:43:01",260
"2020-03-26 09:43:15",260
"2020-03-26 10:42:59",260
"2020-03-26 11:43:04",260
"2020-03-26 12:43:05",260
"2020-03-26 13:43:03",260
"2020-03-26 14:43:07",260
"2020-03-26 15:43:06",260
"2020-03-26 16:43:03",260
"2020-03-26 17:43:13",260
"2020-03-26 18:43:03",261
"2020-03-26 19:43:00",261
"2020-03-26 20:43:03",261
"2020-03-26 21:43:11",261
"2020-03-26 22:42:58",261
"2020-03-26 23:43:16",261
"2020-03-27 00:43:06",261
"2020-03-27 01:43:12",261
"2020-03-27 02:43:16",261
"2020-03-27 03:43:06",261
"2020-03-27 04:43:11",261
"2020-03-27 05:43:04",261
"2020-03-27 06:43:12",261
"2020-03-27 07:43:17",261
"2020-03-27 08:44:12",261
"2020-03-27 09:43:30",261
"2020-03-27 10:43:09",261
"2020-03-27 11:43:01",261
"2020-03-27 12:42:59",261
"2020-03-27 13:43:08",261
"2020-03-27 14:43:01",262
"2020-03-27 15:43:05",262
"2020-03-27 16:43:09",261
"2020-03-27 17:43:02",261
"2020-03-27 18:43:19",261
"2020-03-27 19:43:03",260
"2020-03-27 20:43:02",260
"2020-03-27 21:43:19",260
"2020-03-27 22:43:06",260
"2020-03-27 23:43:10",260
"2020-03-28 00:43:16",260
"2020-03-28 01:42:53",260
"2020-03-28 02:43:02",260
"2020-03-28 03:43:06",260
"2020-03-28 04:43:02",260
"2020-03-28 05:43:29",260
"2020-03-28 06:43:08",260
"2020-03-28 07:42:58",260
"2020-03-28 08:43:04",260
"2020-03-28 09:43:14",260
"2020-03-28 10:43:20",260
"2020-03-28 11:43:05",260
"2020-03-28 12:43:16",260
"2020-03-28 13:43:15",260
"2020-03-28 14:43:08",260
"2020-03-28 15:43:01",260
"2020-03-28 16:43:00",260
"2020-03-28 17:43:04",260
"2020-03-28 18:43:08",260
"2020-03-28 19:43:00",260
"2020-03-28 20:43:06",260
"2020-03-28 21:42:58",260
"2020-03-28 22:43:29",260
"2020-03-28 23:43:07",260
"2020-03-29 00:43:10",260
"2020-03-29 01:43:16",260
"2020-03-29 02:43:31",260
"2020-03-29 03:43:37",260
"2020-03-29 04:43:19",260
"2020-03-29 05:43:15",260
"2020-03-29 06:43:33",260
"2020-03-29 07:43:15",260
"2020-03-29 08:43:09",260
"2020-03-29 09:43:05",260
"2020-03-29 10:43:30",260
"2020-03-29 11:43:08",260
"2020-03-29 12:43:04",260
"2020-03-29 13:43:04",260
"2020-03-29 14:43:00",260
"2020-03-29 15:43:04",260
"2020-03-29 16:43:04",260
"2020-03-29 17:43:17",260
"2020-03-29 18:43:05",260
"2020-03-29 19:43:04",260
"2020-03-29 20:43:03",260
"2020-03-29 21:43:28",260
"2020-03-29 22:43:07",260
"2020-03-29 23:43:05",260
"2020-03-30 00:43:07",260
"2020-03-30 01:43:05",260
"2020-03-30 02:43:21",260
"2020-03-30 03:43:08",260
"2020-03-30 04:43:22",260
"2020-03-30 05:42:59",260
"2020-03-30 06:43:07",260
"2020-03-30 07:43:24",260
"2020-03-30 08:43:08",260
"2020-03-30 09:43:05",260
"2020-03-30 10:43:04",260
"2020-03-30 11:42:58",260
"2020-03-30 12:43:02",260
"2020-03-30 13:43:16",260
"2020-03-30 14:43:03",260
"2020-03-30 15:43:19",260
"2020-03-30 16:43:05",260
"2020-03-30 17:43:12",260
"2020-03-30 18:43:06",260
"2020-03-30 19:43:18",260
"2020-03-30 20:43:04",260
"2020-03-30 21:43:14",260
"2020-03-30 22:43:03",260
"2020-03-30 23:43:03",260
"2020-03-31 00:43:00",260
"2020-03-31 01:43:04",260
"2020-03-31 02:43:04",260
"2020-03-31 03:43:08",260
"2020-03-31 04:43:05",260
"2020-03-31 05:43:05",260
"2020-03-31 06:43:01",260
"2020-03-31 07:43:09",260
"2020-03-31 08:43:07",260
"2020-03-31 09:43:10",260
"2020-03-31 10:43:06",260
"2020-03-31 11:43:32",260
"2020-03-31 13:06:09",260
"2020-03-31 13:43:07",260
"2020-03-31 14:43:23",260
"2020-03-31 15:43:05",258
"2020-03-31 16:43:25",258
"2020-03-31 17:43:05",258
"2020-03-31 18:43:16",258
"2020-03-31 19:43:01",258
"2020-03-31 20:43:16",258
"2020-03-31 21:43:07",258
"2020-03-31 22:43:09",258
"2020-03-31 23:43:20",258
"2020-04-01 00:43:09",258
"2020-04-01 01:43:09",258
"2020-04-01 02:43:07",258
"2020-04-01 03:43:12",258
"2020-04-01 04:43:19",258
"2020-04-01 05:43:33",258
"2020-04-01 06:43:13",258
"2020-04-01 07:43:24",258
"2020-04-01 08:43:06",258
"2020-04-01 09:43:15",258
"2020-04-01 10:43:03",258
"2020-04-01 11:43:32",258
"2020-04-01 13:09:10",258
"2020-04-01 13:43:11",258
"2020-04-01 14:43:33",259
"2020-04-01 15:43:21",259
"2020-04-01 16:43:04",259
"2020-04-01 17:43:03",259
"2020-04-01 18:43:04",259
"2020-04-01 19:43:08",259
"2020-04-01 20:43:09",259
"2020-04-01 21:43:04",259
"2020-04-01 22:43:03",259
"2020-04-01 23:43:22",259
"2020-04-02 00:43:07",259
"2020-04-02 01:43:23",259
"2020-04-02 02:43:08",259
"2020-04-02 03:43:21",259
"2020-04-02 04:43:09",259
"2020-04-02 05:43:13",259
"2020-04-02 06:43:00",259
"2020-04-02 07:43:22",259
"2020-04-02 08:43:39",259
"2020-04-02 09:43:21",259
"2020-04-02 10:43:08",259
"2020-04-02 11:43:07",259
"2020-04-02 13:10:10",259
"2020-04-02 13:43:26",259
"2020-04-02 14:43:03",260
"2020-04-02 15:43:13",260
"2020-04-02 16:43:01",260
"2020-04-02 17:43:04",260
"2020-04-02 18:43:28",260
"2020-04-02 19:43:04",260
"2020-04-02 20:43:19",260
"2020-04-02 21:43:35",260
"2020-04-02 22:43:25",260
"2020-04-02 23:43:04",260
"2020-04-03 00:43:11",260
"2020-04-03 01:43:19",260
"2020-04-03 02:43:07",260
"2020-04-03 03:43:03",260
"2020-04-03 04:43:16",260
"2020-04-03 05:43:22",260
"2020-04-03 06:43:09",260
"2020-04-03 08:43:09",260
"2020-04-03 09:43:08",260
"2020-04-03 10:43:21",260
"2020-04-03 11:43:05",260
"2020-04-03 13:11:11",260
"2020-04-03 13:43:14",260
"2020-04-03 14:43:14",259
"2020-04-03 15:43:23",259
"2020-04-03 16:43:20",259
"2020-04-03 17:43:21",259
"2020-04-03 18:43:22",259
"2020-04-03 19:43:05",259
"2020-04-03 20:43:04",259
"2020-04-03 21:43:09",259
"2020-04-03 22:43:31",259
"2020-04-03 23:43:08",259
"2020-04-04 00:43:02",259
"2020-04-04 01:43:21",259
"2020-04-04 02:43:11",259
"2020-04-04 03:43:13",259
"2020-04-04 04:43:16",259
"2020-04-04 05:43:20",259
"2020-04-04 06:43:06",259
"2020-04-04 07:43:25",259
"2020-04-04 08:43:21",259
"2020-04-04 09:43:18",259
"2020-04-04 10:43:07",259
"2020-04-04 11:43:08",259
"2020-04-04 12:43:07",259
"2020-04-04 13:43:06",259
"2020-04-04 14:43:17",259
"2020-04-04 15:43:03",259
"2020-04-04 16:43:08",259
"2020-04-04 17:43:07",259
"2020-04-04 18:43:06",259
"2020-04-04 19:43:09",259
"2020-04-04 20:43:05",259
"2020-04-04 21:43:04",259
"2020-04-04 22:43:25",259
"2020-04-04 23:43:06",259
"2020-04-05 00:43:33",259
"2020-04-05 01:43:20",259
"2020-04-05 02:43:04",259
"2020-04-05 03:43:08",259
"2020-04-05 04:43:21",259
"2020-04-05 05:43:18",259
"2020-04-05 06:43:21",259
"2020-04-05 07:43:08",259
"2020-04-05 08:43:12",259
"2020-04-05 09:43:05",259
"2020-04-05 10:43:26",259
"2020-04-05 11:43:20",259
"2020-04-05 12:43:05",259
"2020-04-05 13:43:23",259
"2020-04-05 14:43:08",259
"2020-04-05 15:43:04",259
"2020-04-05 16:43:22",259
"2020-04-05 17:43:02",259
"2020-04-05 18:43:09",259
"2020-04-05 19:43:05",259
"2020-04-05 20:43:09",259
"2020-04-05 21:43:11",259
"2020-04-05 22:43:18",259
"2020-04-05 23:43:04",259
"2020-04-06 00:43:03",259
"2020-04-06 01:43:10",259
"2020-04-06 02:43:19",259
"2020-04-06 03:43:36",259
"2020-04-06 04:43:00",259
"2020-04-06 05:43:11",259
"2020-04-06 06:43:12",259
"2020-04-06 07:43:06",259
"2020-04-06 08:43:18",259
"2020-04-06 09:43:05",259
"2020-04-06 10:43:11",259
"2020-04-06 11:42:59",259
"2020-04-06 12:43:14",259
"2020-04-06 13:43:12",259
"2020-04-06 14:43:07",259
"2020-04-06 15:43:08",258
"2020-04-06 16:43:06",258
"2020-04-06 17:43:05",258
"2020-04-06 18:44:09",258
"2020-04-06 19:43:20",258
"2020-04-06 20:43:06",258
"2020-04-06 21:43:03",258
"2020-04-06 22:43:09",258
"2020-04-06 23:43:15",258
"2020-04-07 00:43:09",258
"2020-04-07 01:43:14",258
"2020-04-07 02:43:09",258
"2020-04-07 03:43:06",258
"2020-04-07 04:43:05",258
"2020-04-07 05:43:01",258
"2020-04-07 06:43:12",258
"2020-04-07 07:43:09",258
"2020-04-07 08:43:18",258
"2020-04-07 09:43:06",258
"2020-04-07 10:42:59",258
"2020-04-07 11:43:04",258
"2020-04-07 12:43:06",258
"2020-04-07 13:43:08",258
"2020-04-07 14:43:00",260
"2020-04-07 15:43:02",261
"2020-04-07 16:43:11",261
"2020-04-07 17:43:01",261
"2020-04-07 18:43:02",261
"2020-04-07 19:42:58",261
"2020-04-07 20:43:08",260
"2020-04-07 21:43:10",260
"2020-04-07 22:43:03",260
"2020-04-07 23:43:06",260
"2020-04-08 00:43:10",260
"2020-04-08 01:43:02",260
"2020-04-08 02:42:57",260
"2020-04-08 03:43:10",260
"2020-04-08 04:43:00",260
"2020-04-08 06:43:06",260
"2020-04-08 07:43:12",260
"2020-04-08 08:43:14",260
"2020-04-08 09:43:09",260
"2020-04-08 10:43:03",260
"2020-04-08 11:43:02",260
"2020-04-08 12:43:01",260
"2020-04-08 13:43:05",260
"2020-04-08 14:43:00",260
"2020-04-08 15:43:08",260
"2020-04-08 16:43:02",261
"2020-04-08 17:43:13",261
"2020-04-08 18:43:01",261
"2020-04-08 19:43:11",262
"2020-04-08 20:43:06",262
"2020-04-08 21:43:04",262
"2020-04-08 22:42:59",262
"2020-04-08 23:43:04",262
"2020-04-09 00:43:01",262
"2020-04-09 01:43:03",262
"2020-04-09 02:43:03",262
"2020-04-09 03:43:02",262
"2020-04-09 04:43:15",262
"2020-04-09 05:43:07",262
"2020-04-09 06:43:15",262
"2020-04-09 07:42:58",262
"2020-04-09 08:43:00",262
"2020-04-09 09:42:58",262
"2020-04-09 10:43:03",262
"2020-04-09 11:43:02",262
"2020-04-09 12:43:00",262
"2020-04-09 13:43:07",262
"2020-04-09 14:43:07",262
"2020-04-09 15:42:55",263
"2020-04-09 16:43:03",264
"2020-04-09 17:43:01",266
"2020-04-09 18:42:55",267
"2020-04-09 19:43:10",270
"2020-04-09 20:43:01",270
"2020-04-09 21:43:01",270
"2020-04-09 22:43:00",270
"2020-04-09 23:42:58",270
"2020-04-10 00:43:02",270
"2020-04-10 01:42:58",270
"2020-04-10 02:43:06",270
"2020-04-10 03:43:05",270
"2020-04-10 04:42:59",270
"2020-04-10 05:43:05",270
"2020-04-10 06:42:59",270
"2020-04-10 07:43:03",270
"2020-04-10 08:43:05",270
"2020-04-10 09:43:01",270
"2020-04-10 10:43:05",270
"2020-04-10 11:43:03",270
"2020-04-10 12:43:01",270
"2020-04-10 13:43:03",270
"2020-04-10 14:43:09",270
"2020-04-10 15:43:03",270
"2020-04-10 16:42:58",270
"2020-04-10 17:43:03",270
"2020-04-10 18:43:02",270
"2020-04-10 19:43:01",270
"2020-04-10 20:43:10",270
"2020-04-10 21:42:53",270
"2020-04-10 22:42:51",270
"2020-04-10 23:42:51",270
"2020-04-11 00:42:54",270
"2020-04-11 01:42:49",270
"2020-04-11 02:42:51",270
"2020-04-11 03:42:52",270
"2020-04-11 04:42:52",270
"2020-04-11 05:42:51",270
"2020-04-11 06:42:51",270
"2020-04-11 07:42:50",270
"2020-04-11 08:42:47",270
"2020-04-11 09:42:48",270
"2020-04-11 10:42:54",270
"2020-04-11 11:42:48",270
"2020-04-11 12:42:50",270
"2020-04-11 13:42:55",270
"2020-04-11 14:42:48",270
"2020-04-11 15:42:54",270
"2020-04-11 16:42:53",270
"2020-04-11 17:42:53",270
"2020-04-11 18:42:53",270
"2020-04-11 19:42:50",270
"2020-04-11 20:42:47",270
"2020-04-11 21:42:51",270
"2020-04-11 22:42:51",270
"2020-04-11 23:42:51",270
"2020-04-12 00:42:56",270
"2020-04-12 01:42:50",270
"2020-04-12 02:42:51",270
"2020-04-12 03:42:49",270
"2020-04-12 04:42:56",270
"2020-04-12 05:42:53",270
"2020-04-12 06:42:52",270
"2020-04-12 07:42:50",270
"2020-04-12 08:42:49",270
"2020-04-12 09:42:52",270
"2020-04-12 10:42:52",270
"2020-04-12 11:42:49",270
"2020-04-12 12:42:51",270
"2020-04-12 13:42:55",270
"2020-04-12 14:42:53",270
"2020-04-12 15:42:51",270
"2020-04-12 16:42:50",270
"2020-04-12 17:42:48",270
"2020-04-12 18:42:53",270
"2020-04-12 19:42:51",270
"2020-04-12 20:42:59",270
"2020-04-12 21:42:53",270
"2020-04-12 22:42:56",270
"2020-04-12 23:42:58",270
"2020-04-13 00:43:03",270
"2020-04-13 01:42:57",270
"2020-04-13 02:42:57",270
"2020-04-13 03:43:08",270
"2020-04-13 04:42:59",270
"2020-04-13 05:43:01",270
"2020-04-13 06:42:51",270
"2020-04-13 07:42:48",270
"2020-04-13 08:42:54",270
"2020-04-13 09:42:50",270
"2020-04-13 10:42:50",270
"2020-04-13 11:42:55",270
"2020-04-13 13:08:08",270
"2020-04-13 13:42:49",270
"2020-04-13 14:42:49",273
"2020-04-13 15:42:52",274
"2020-04-13 16:42:53",273
"2020-04-13 17:42:58",272
"2020-04-13 18:42:48",271
"2020-04-13 19:42:50",273
"2020-04-13 20:42:53",273
"2020-04-13 21:42:57",273
"2020-04-13 22:42:50",273
"2020-04-13 23:42:52",273
"2020-04-14 00:43:07",273
"2020-04-14 01:43:02",273
"2020-04-14 02:43:00",273
"2020-04-14 03:43:00",273
"2020-04-14 04:43:00",273
"2020-04-14 05:43:03",273
"2020-04-14 06:42:56",273
"2020-04-14 07:42:52",273
"2020-04-14 08:42:53",273
"2020-04-14 09:42:53",273
"2020-04-14 10:42:52",273
"2020-04-14 11:42:54",273
"2020-04-14 12:42:51",273
"2020-04-14 13:42:54",273
"2020-04-14 14:42:58",274
"2020-04-14 15:42:59",273
"2020-04-14 16:43:04",272
"2020-04-14 17:42:48",272
"2020-04-14 18:43:01",272
"2020-04-14 19:42:52",273
"2020-04-14 20:42:51",274
"2020-04-14 21:42:53",274
"2020-04-14 22:42:52",274
"2020-04-14 23:43:03",274
"2020-04-15 00:42:57",274
"2020-04-15 01:42:58",274
"2020-04-15 02:42:55",274
"2020-04-15 03:42:58",274
"2020-04-15 04:43:01",274
"2020-04-15 05:42:50",274
"2020-04-15 06:42:50",274
"2020-04-15 07:42:53",274
"2020-04-15 08:42:54",274
"2020-04-15 09:42:51",274
"2020-04-15 10:42:50",274
"2020-04-15 11:42:49",274
"2020-04-15 13:11:10",274
"2020-04-15 13:43:03",274
"2020-04-15 14:42:52",277
"2020-04-15 15:42:49",277
"2020-04-15 16:42:58",278
"2020-04-15 17:42:50",279
"2020-04-15 18:42:50",279
"2020-04-15 19:42:55",279
"2020-04-15 20:42:51",279
"2020-04-15 21:42:54",279
"2020-04-15 22:42:56",279
"2020-04-15 23:42:52",279
"2020-04-16 00:42:59",279
"2020-04-16 01:43:01",279
"2020-04-16 02:43:03",279
"2020-04-16 03:43:02",279
"2020-04-16 04:43:04",279
"2020-04-16 05:42:55",279
"2020-04-16 06:43:01",279
"2020-04-16 07:42:53",279
"2020-04-16 08:42:53",279
"2020-04-16 09:42:50",279
"2020-04-16 10:42:52",279
"2020-04-16 11:42:53",279
"2020-04-16 12:42:55",279
"2020-04-16 13:42:55",279
"2020-04-16 14:42:52",282
"2020-04-16 15:43:04",282
"2020-04-16 16:43:04",282
"2020-04-16 17:42:56",282
"2020-04-16 18:43:01",282
"2020-04-16 19:42:53",282
"2020-04-16 20:42:54",282
"2020-04-16 21:43:03",282
"2020-04-16 22:42:54",282
"2020-04-16 23:43:03",282
"2020-04-17 00:43:01",282
"2020-04-17 01:42:56",282
"2020-04-17 02:43:03",282
"2020-04-17 03:42:57",282
"2020-04-17 04:42:54",282
"2020-04-17 05:42:56",282
"2020-04-17 06:42:58",282
"2020-04-17 07:43:10",282
"2020-04-17 08:42:57",282
"2020-04-17 09:42:54",282
"2020-04-17 10:42:54",282
"2020-04-17 11:42:51",282
"2020-04-17 13:08:10",282
"2020-04-17 13:43:01",282
"2020-04-17 14:42:56",283
"2020-04-17 15:42:57",284
"2020-04-17 16:42:51",283
"2020-04-17 17:42:54",283
"2020-04-17 18:43:03",283
"2020-04-17 19:43:00",284
"2020-04-17 20:43:03",284
"2020-04-17 21:43:00",284
"2020-04-17 22:42:58",284
"2020-04-17 23:43:02",284
"2020-04-18 00:43:01",284
"2020-04-18 01:42:58",284
"2020-04-18 02:42:57",284
"2020-04-18 03:42:57",284
"2020-04-18 04:43:02",284
"2020-04-18 05:43:01",284
"2020-04-18 06:42:56",284
"2020-04-18 07:42:51",284
"2020-04-18 08:43:01",284
"2020-04-18 09:42:49",284
"2020-04-18 10:42:53",284
"2020-04-18 11:42:55",284
"2020-04-18 12:42:49",284
"2020-04-18 13:42:59",284
"2020-04-18 14:42:57",284
"2020-04-18 15:42:52",284
"2020-04-18 16:42:50",284
"2020-04-18 17:43:01",284
"2020-04-18 18:42:55",284
"2020-04-18 19:42:49",284
"2020-04-18 20:43:00",284
"2020-04-18 21:42:53",284
"2020-04-18 22:42:58",284
"2020-04-18 23:43:03",284
"2020-04-19 00:43:03",284
"2020-04-19 01:43:09",284
"2020-04-19 02:43:02",284
"2020-04-19 03:43:02",284
"2020-04-19 04:43:11",284
"2020-04-19 05:43:00",284
"2020-04-19 06:43:01",284
"2020-04-19 07:43:00",284
"2020-04-19 08:42:54",284
"2020-04-19 09:42:55",284
"2020-04-19 10:42:54",284
"2020-04-19 11:42:49",284
"2020-04-19 12:42:51",284
"2020-04-19 13:43:01",284
"2020-04-19 14:42:50",284
"2020-04-19 15:42:49",284
"2020-04-19 16:42:56",284
"2020-04-19 17:43:07",284
"2020-04-19 18:42:55",284
"2020-04-19 19:42:53",284
"2020-04-19 20:42:50",284
"2020-04-19 21:43:08",284
"2020-04-19 22:43:04",284
"2020-04-19 23:43:00",284
"2020-04-20 00:43:07",284
"2020-04-20 01:43:04",284
"2020-04-20 02:43:09",284
"2020-04-20 03:43:10",284
"2020-04-20 04:43:05",284
"2020-04-20 05:43:12",284
"2020-04-20 06:43:02",284
"2020-04-20 07:42:53",284
"2020-04-20 08:42:53",284
"2020-04-20 09:42:53",284
"2020-04-20 10:42:53",284
"2020-04-20 11:42:53",284
"2020-04-20 12:42:54",284
"2020-04-20 13:42:54",284
"2020-04-20 14:43:04",285
"2020-04-20 15:42:56",285
"2020-04-20 16:42:59",286
"2020-04-20 17:42:55",286
"2020-04-20 18:43:02",287
"2020-04-20 20:43:19",287
"2020-04-20 21:43:17",287
"2020-04-20 22:43:25",287
"2020-04-20 23:43:05",287
"2020-04-21 00:43:07",287
"2020-04-21 01:43:04",287
"2020-04-21 02:43:04",287
"2020-04-21 03:43:48",287
"2020-04-21 04:43:57",287
"2020-04-21 05:44:05",287
"2020-04-21 06:43:05",287
"2020-04-21 07:42:59",287
"2020-04-21 08:42:57",287
"2020-04-21 09:42:55",287
"2020-04-21 10:42:54",287
"2020-04-21 11:42:54",287
"2020-04-21 12:42:54",287
"2020-04-21 13:43:01",287
"2020-04-21 14:43:04",286
"2020-04-21 15:42:50",286
"2020-04-21 16:42:50",286
"2020-04-21 17:43:02",286
"2020-04-21 18:42:51",286
"2020-04-21 19:42:54",287
"2020-04-21 20:43:04",287
"2020-04-21 21:43:07",287
"2020-04-21 22:43:07",287
"2020-04-21 23:42:53",287
"2020-04-22 00:43:00",287
"2020-04-22 01:43:05",287
"2020-04-22 02:43:05",287
"2020-04-22 03:42:57",287
"2020-04-22 04:42:52",287
"2020-04-22 05:42:53",287
"2020-04-22 06:42:56",287
"2020-04-22 07:42:57",287
"2020-04-22 08:42:51",287
"2020-04-22 09:42:56",287
"2020-04-22 10:43:07",287
"2020-04-22 11:42:50",287
"2020-04-22 12:42:54",287
"2020-04-22 13:42:50",287
"2020-04-22 14:42:55",287
"2020-04-22 15:42:52",287
"2020-04-22 16:43:04",287
"2020-04-22 17:43:08",287
"2020-04-22 18:43:01",288
"2020-04-22 19:42:53",288
"2020-04-22 20:42:54",288
"2020-04-22 21:43:02",288
"2020-04-22 22:42:57",288
"2020-04-22 23:43:02",288
"2020-04-23 00:42:52",288
"2020-04-23 01:43:00",288
"2020-04-23 02:43:04",288
"2020-04-23 03:43:05",288
"2020-04-23 04:43:05",288
"2020-04-23 05:42:50",288
"2020-04-23 06:42:52",288
"2020-04-23 07:42:56",288
"2020-04-23 08:42:54",288
"2020-04-23 09:42:49",288
"2020-04-23 10:42:52",288
"2020-04-23 11:43:01",288
"2020-04-23 12:42:49",288
"2020-04-23 13:42:50",288
"2020-04-23 14:42:51",288
"2020-04-23 15:42:54",288
"2020-04-23 16:43:03",288
"2020-04-23 17:42:51",288
"2020-04-23 18:42:55",289
"2020-04-23 19:42:50",291
"2020-04-23 20:43:04",290
"2020-04-23 21:42:57",290
"2020-04-23 22:42:52",290
"2020-04-23 23:42:54",290
"2020-04-24 00:43:01",290
"2020-04-24 01:43:20",290
"2020-04-24 02:42:50",290
"2020-04-24 03:43:04",290
"2020-04-24 04:42:52",290
"2020-04-24 05:42:51",290
"2020-04-24 06:42:52",290
"2020-04-24 07:42:48",290
"2020-04-24 08:43:01",290
"2020-04-24 09:42:52",290
"2020-04-24 10:42:51",290
"2020-04-24 11:42:49",290
"2020-04-24 13:09:12",290
"2020-04-24 13:43:10",290
"2020-04-24 14:42:59",291
"2020-04-24 15:42:55",290
"2020-04-24 16:42:54",290
"2020-04-24 17:42:57",290
"2020-04-24 18:43:00",289
"2020-04-24 19:42:55",288
"2020-04-24 20:43:01",287
"2020-04-24 21:43:03",287
"2020-04-24 22:43:12",287
"2020-04-24 23:42:59",287
"2020-04-25 00:43:14",287
"2020-04-25 01:43:08",287
"2020-04-25 02:43:06",287
"2020-04-25 03:43:01",287
"2020-04-25 04:43:07",287
"2020-04-25 05:43:09",287
"2020-04-25 06:42:59",287
"2020-04-25 07:42:56",287
"2020-04-25 08:42:58",287
"2020-04-25 09:42:57",287
"2020-04-25 10:42:53",287
"2020-04-25 11:42:57",287
"2020-04-25 12:42:54",287
"2020-04-25 13:43:04",287
"2020-04-25 14:42:57",287
"2020-04-25 15:42:59",287
"2020-04-25 16:43:00",287
"2020-04-25 17:42:59",287
"2020-04-25 18:42:55",287
"2020-04-25 19:43:00",287
"2020-04-25 20:42:57",287
"2020-04-25 21:42:55",287
"2020-04-25 22:43:00",287
"2020-04-25 23:43:06",287
"2020-04-26 00:42:55",287
"2020-04-26 01:43:03",287
"2020-04-26 02:43:03",287
"2020-04-26 03:43:07",287
"2020-04-26 04:42:54",287
"2020-04-26 05:43:12",287
"2020-04-26 06:43:01",287
"2020-04-26 07:42:58",287
"2020-04-26 08:42:56",287
"2020-04-26 09:42:56",287
"2020-04-26 10:42:54",287
"2020-04-26 11:42:59",287
"2020-04-26 12:42:56",287
"2020-04-26 13:42:52",287
"2020-04-26 14:42:54",287
"2020-04-26 15:42:58",287
"2020-04-26 16:42:56",287
"2020-04-26 17:42:56",287
"2020-04-26 18:42:57",287
"2020-04-26 19:42:56",287
"2020-04-26 20:42:54",287
"2020-04-26 21:42:56",287
"2020-04-26 22:43:03",287
"2020-04-26 23:43:11",287
"2020-04-27 00:43:10",287
"2020-04-27 01:43:09",287
"2020-04-27 02:43:06",287
"2020-04-27 03:43:08",287
"2020-04-27 04:43:10",287
"2020-04-27 05:43:00",287
"2020-04-27 06:42:58",287
"2020-04-27 07:42:55",287
"2020-04-27 08:42:59",287
"2020-04-27 09:42:58",287
"2020-04-27 10:42:57",287
"2020-04-27 11:42:51",287
"2020-04-27 12:42:55",287
"2020-04-27 13:43:11",288
"2020-04-27 14:43:00",289
"2020-04-27 15:42:57",290
"2020-04-27 16:42:52",290
"2020-04-27 17:42:56",290
"2020-04-27 18:42:55",293
"2020-04-27 19:42:55",293
"2020-04-27 20:42:55",293
"2020-04-27 21:43:08",293
"2020-04-27 22:42:59",293
"2020-04-27 23:43:05",293
"2020-04-28 00:43:20",293
"2020-04-28 01:42:59",293
"2020-04-28 02:43:14",293
"2020-04-28 03:43:11",293
"2020-04-28 04:43:10",293
"2020-04-28 05:42:55",293
"2020-04-28 06:42:56",293
"2020-04-28 07:43:09",293
"2020-04-28 08:42:59",293
"2020-04-28 09:42:58",293
"2020-04-28 10:42:51",293
"2020-04-28 11:42:58",293
"2020-04-28 12:42:59",293
"2020-04-28 13:42:56",293
"2020-04-28 14:43:11",291
"2020-04-28 15:43:07",288
"2020-04-28 16:42:54",289
"2020-04-28 17:43:03",289
"2020-04-28 18:43:00",288
"2020-04-28 19:42:55",288
"2020-04-28 20:42:56",288
"2020-04-28 21:42:59",288
"2020-04-28 22:42:54",288
"2020-04-28 23:42:54",288
"2020-04-29 00:43:13",288
"2020-04-29 01:43:18",288
"2020-04-29 02:43:08",288
"2020-04-29 03:42:55",288
"2020-04-29 04:43:05",288
"2020-04-29 05:42:53",288
"2020-04-29 06:42:59",288
"2020-04-29 07:42:59",288
"2020-04-29 08:42:55",288
"2020-04-29 09:43:04",288
"2020-04-29 10:43:00",288
"2020-04-29 11:42:52",288
"2020-04-29 13:07:09",288
"2020-04-29 13:42:59",288
"2020-04-29 14:42:54",286
"2020-04-29 15:42:51",287
"2020-04-29 16:42:59",287
"2020-04-29 17:42:56",286
"2020-04-29 18:43:14",288
"2020-04-29 19:43:11",290
"2020-04-29 20:42:57",289
"2020-04-29 21:43:11",290
"2020-04-29 22:43:12",291
"2020-04-29 23:43:05",291
"2020-04-30 00:43:11",291
"2020-04-30 01:43:09",291
"2020-04-30 02:43:24",291
"2020-04-30 03:43:18",291
"2020-04-30 04:43:07",291
"2020-04-30 05:43:02",291
"2020-04-30 06:42:58",291
"2020-04-30 07:42:57",291
"2020-04-30 08:42:59",291
"2020-04-30 09:42:56",291
"2020-04-30 10:42:53",291
"2020-04-30 11:43:04",291
"2020-04-30 12:42:54",291
"2020-04-30 13:42:57",291
"2020-04-30 14:43:06",292
"2020-04-30 15:42:54",293
"2020-04-30 16:42:54",294
"2020-04-30 17:44:13",293
"2020-04-30 18:43:02",293
"2020-04-30 20:42:58",293
"2020-04-30 21:42:59",293
"2020-04-30 22:43:00",293
"2020-04-30 23:42:58",293
"2020-05-01 00:43:12",293
"2020-05-01 01:43:09",293
"2020-05-01 02:42:57",293
"2020-05-01 03:42:54",293
"2020-05-01 04:42:59",293
"2020-05-01 05:43:02",293
"2020-05-01 06:42:59",293
"2020-05-01 07:43:00",293
"2020-05-01 08:42:57",293
"2020-05-01 09:42:56",293
"2020-05-01 10:42:54",293
"2020-05-01 11:42:56",293
"2020-05-01 13:08:11",293
"2020-05-01 13:43:12",293
"2020-05-01 14:42:53",293
"2020-05-01 15:42:54",294
"2020-05-01 16:42:56",293
"2020-05-01 17:42:58",293
"2020-05-01 18:42:53",293
"2020-05-01 19:42:58",293
"2020-05-01 20:42:51",293
"2020-05-01 21:43:09",293
"2020-05-01 22:42:54",293
"2020-05-01 23:42:54",293
"2020-05-02 00:42:55",293
"2020-05-02 01:43:08",293
"2020-05-02 02:43:05",293
"2020-05-02 03:42:59",293
"2020-05-02 04:42:55",293
"2020-05-02 05:43:03",293
"2020-05-02 06:42:56",293
"2020-05-02 07:43:03",293
"2020-05-02 08:43:01",293
"2020-05-02 09:42:55",293
"2020-05-02 10:42:52",293
"2020-05-02 11:42:55",293
"2020-05-02 12:42:52",293
"2020-05-02 13:42:57",293
"2020-05-02 14:42:59",293
"2020-05-02 15:42:58",293
"2020-05-02 16:42:58",293
"2020-05-02 17:42:56",293
"2020-05-02 18:43:04",293
"2020-05-02 19:42:56",293
"2020-05-02 20:42:54",293
"2020-05-02 21:42:55",293
"2020-05-02 22:42:51",293
"2020-05-02 23:43:05",293
"2020-05-03 00:42:56",293
"2020-05-03 01:43:08",293
"2020-05-03 02:43:05",293
"2020-05-03 03:43:04",293
"2020-05-03 04:43:03",293
"2020-05-03 05:42:56",293
"2020-05-03 06:42:55",293
"2020-05-03 07:42:59",293
"2020-05-03 08:42:57",293
"2020-05-03 09:43:10",293
"2020-05-03 10:42:57",293
"2020-05-03 11:42:56",293
"2020-05-03 12:42:55",293
"2020-05-03 13:42:56",293
"2020-05-03 14:43:00",293
"2020-05-03 15:42:57",293
"2020-05-03 16:43:06",293
"2020-05-03 17:43:09",293
"2020-05-03 18:42:53",293
"2020-05-03 19:43:19",293
"2020-05-03 20:43:09",293
"2020-05-03 21:43:03",293
"2020-05-03 22:43:07",293
"2020-05-03 23:43:08",293
"2020-05-04 00:43:06",293
"2020-05-04 01:43:08",293
"2020-05-04 02:43:06",293
"2020-05-04 03:43:07",293
"2020-05-04 04:42:55",293
"2020-05-04 05:42:57",293
"2020-05-04 06:42:59",293
"2020-05-04 09:29:19",293
"2020-05-04 10:48:13",293
"2020-05-04 10:56:02",293
"2020-05-04 11:03:37",293
"2020-05-04 11:43:03",293
"2020-05-04 13:07:15",293
"2020-05-04 13:42:59",293
"2020-05-04 14:43:03",293
"2020-05-04 15:42:59",298
"2020-05-04 16:43:01",298
"2020-05-04 17:42:58",298
"2020-05-04 18:43:07",297
"2020-05-04 19:43:10",297
"2020-05-04 20:43:08",296
"2020-05-04 21:43:10",296
"2020-05-04 22:42:57",296
"2020-05-04 23:42:58",296
"2020-05-05 00:42:56",296
"2020-05-05 01:43:07",296
"2020-05-05 02:42:55",296
"2020-05-05 03:43:09",296
"2020-05-05 04:42:58",296
"2020-05-05 05:42:58",296
"2020-05-05 06:43:01",296
"2020-05-05 07:43:04",296
"2020-05-05 08:43:15",296
"2020-05-05 09:42:55",296
"2020-05-05 10:42:56",296
"2020-05-05 11:43:11",296
"2020-05-05 12:43:00",296
"2020-05-05 13:43:00",295
"2020-05-05 14:42:59",293
"2020-05-05 15:42:57",293
"2020-05-05 16:43:02",296
"2020-05-05 17:42:57",296
"2020-05-05 18:42:56",297
"2020-05-05 19:43:12",298
"2020-05-05 20:43:01",298
"2020-05-05 21:42:53",298
"2020-05-05 22:42:54",298
"2020-05-05 23:43:10",298
"2020-05-06 00:43:01",298
"2020-05-06 01:43:01",298
"2020-05-06 02:42:57",298
"2020-05-06 03:42:53",298
"2020-05-06 04:43:00",298
"2020-05-06 05:43:00",298
"2020-05-06 06:42:54",298
"2020-05-06 17:43:08",300
"2020-05-06 18:43:16",300
"2020-05-06 19:42:57",300
"2020-05-06 20:43:06",299
"2020-05-06 21:43:11",299
"2020-05-06 22:43:11",299
"2020-05-06 23:43:13",299
"2020-05-07 00:43:05",299
"2020-05-07 01:43:02",299
"2020-05-07 02:42:53",299
"2020-05-07 03:42:59",299
"2020-05-07 04:43:02",299
"2020-05-07 05:42:56",299
"2020-05-07 06:42:59",299
"2020-05-07 08:43:02",299
"2020-05-07 09:42:58",299
"2020-05-07 10:43:07",299
"2020-05-07 11:43:01",299
"2020-05-07 12:43:01",299
"2020-05-07 13:43:05",299
"2020-05-07 14:43:08",300
"2020-05-07 15:42:58",301
"2020-05-07 16:43:01",301
"2020-05-07 17:42:56",301
"2020-05-07 18:42:55",299
"2020-05-07 19:43:15",301
"2020-05-07 20:42:55",301
"2020-05-07 21:42:54",301
"2020-05-07 22:42:54",301
"2020-05-07 23:43:01",301
"2020-05-08 00:42:58",301
"2020-05-08 01:42:53",301
"2020-05-08 02:42:56",301
"2020-05-08 03:43:00",301
"2020-05-08 04:42:55",301
"2020-05-08 05:42:56",301
"2020-05-08 06:42:55",301
"2020-05-08 07:43:00",301
"2020-05-08 08:43:03",301
"2020-05-08 09:43:00",301
"2020-05-08 10:42:58",301
"2020-05-08 11:43:00",301
"2020-05-08 13:07:12",301
"2020-05-08 13:43:02",301
"2020-05-08 14:42:58",299
"2020-05-08 15:42:59",299
"2020-05-08 16:43:10",299
"2020-05-08 17:43:04",299
"2020-05-08 18:43:01",299
"2020-05-08 19:42:55",300
"2020-05-08 20:43:00",299
"2020-05-08 21:42:58",299
"2020-05-08 22:43:01",299
"2020-05-08 23:42:59",299
"2020-05-09 00:42:56",299
"2020-05-09 01:43:08",299
"2020-05-09 02:42:59",299
"2020-05-09 03:43:13",299
"2020-05-09 04:42:57",299
"2020-05-09 05:43:01",299
"2020-05-09 06:43:03",299
"2020-05-09 07:42:55",299
"2020-05-09 08:43:02",299
"2020-05-09 09:42:58",299
"2020-05-09 10:42:58",299
"2020-05-09 11:42:54",299
"2020-05-09 12:42:56",299
"2020-05-09 13:42:57",299
"2020-05-09 14:42:56",299
"2020-05-09 15:42:58",299
"2020-05-09 16:42:54",299
"2020-05-09 17:42:59",299
"2020-05-09 18:42:59",299
"2020-05-09 19:42:57",299
"2020-05-09 20:42:55",299
"2020-05-09 21:43:01",299
"2020-05-09 22:42:59",299
"2020-05-09 23:42:57",299
"2020-05-10 00:43:09",299
"2020-05-10 01:42:58",299
"2020-05-10 02:43:12",299
"2020-05-10 03:43:01",299
"2020-05-10 04:43:02",299
"2020-05-10 05:43:05",299
"2020-05-10 06:42:59",299
"2020-05-10 07:43:03",299
"2020-05-10 08:43:00",299
"2020-05-10 09:43:02",299
"2020-05-10 10:43:00",299
"2020-05-10 11:43:02",299
"2020-05-10 12:42:59",299
"2020-05-10 13:43:01",299
"2020-05-10 14:42:55",299
"2020-05-10 15:42:59",299
"2020-05-10 16:43:00",299
"2020-05-10 17:42:57",299
"2020-05-10 18:43:00",299
"2020-05-10 19:42:57",299
"2020-05-10 20:43:02",299
"2020-05-10 21:42:58",299
"2020-05-10 22:42:58",299
"2020-05-10 23:43:00",299
"2020-05-11 00:43:01",299
"2020-05-11 01:42:55",299
"2020-05-11 02:42:59",299
"2020-05-11 03:43:13",299
"2020-05-11 04:42:59",299
"2020-05-11 05:43:00",299
"2020-05-11 06:42:58",299
"2020-05-11 07:43:00",299
"2020-05-11 08:43:06",299
"2020-05-11 09:44:38",299
"2020-05-11 10:42:59",299
"2020-05-11 11:42:54",299
"2020-05-11 13:06:11",299
"2020-05-11 13:43:06",299
"2020-05-11 14:43:02",298
"2020-05-11 15:43:11",297
"2020-05-11 16:43:00",296
"2020-05-11 17:43:01",297
"2020-05-11 18:43:00",294
"2020-05-11 19:42:56",293
"2020-05-11 20:42:57",295
"2020-05-11 21:42:58",297
"2020-05-11 22:42:53",298
"2020-05-11 23:43:02",298
"2020-05-12 00:42:59",298
"2020-05-12 01:42:59",298
"2020-05-12 02:42:57",298
"2020-05-12 03:42:54",298
"2020-05-12 04:42:56",298
"2020-05-12 05:42:57",298
"2020-05-12 06:43:03",298
"2020-05-12 07:42:56",298
"2020-05-12 08:42:58",298
"2020-05-12 09:42:59",298
"2020-05-12 10:43:00",298
"2020-05-12 11:42:55",298
"2020-05-12 13:12:13",298
"2020-05-12 17:42:55",304
"2020-05-12 18:42:56",307
"2020-05-12 19:43:07",306
"2020-05-12 20:43:10",306
"2020-05-12 21:43:11",306
"2020-05-12 22:42:55",306
"2020-05-12 23:42:55",306
"2020-05-13 00:43:08",306
"2020-05-13 01:43:00",306
"2020-05-13 02:43:09",306
"2020-05-13 03:43:11",306
"2020-05-13 06:42:59",306
"2020-05-13 07:43:10",306
"2020-05-13 08:43:06",306
"2020-05-13 09:42:54",306
"2020-05-13 10:42:57",306
"2020-05-13 11:42:55",306
"2020-05-13 12:42:55",306
"2020-05-13 13:42:56",306
"2020-05-13 14:42:56",311
"2020-05-13 15:42:59",310
"2020-05-13 16:43:10",314
"2020-05-13 17:42:57",316
"2020-05-13 18:43:06",317
"2020-05-13 19:42:58",319
"2020-05-13 20:42:57",325
"2020-05-13 21:42:55",325
"2020-05-13 22:42:59",325
"2020-05-13 23:43:01",325
"2020-05-14 00:42:56",325
"2020-05-14 01:43:01",325
"2020-05-14 02:42:56",325
"2020-05-14 03:42:59",325
"2020-05-14 04:42:57",325
"2020-05-14 05:43:01",325
"2020-05-14 06:43:03",325
"2020-05-14 07:42:59",325
"2020-05-14 08:43:03",325
"2020-05-14 09:42:56",325
"2020-05-14 10:42:59",325
"2020-05-14 11:43:01",325
"2020-05-14 12:43:00",325
"2020-05-14 13:43:01",325
"2020-05-14 14:43:00",329
"2020-05-14 15:42:58",326
"2020-05-14 16:42:55",326
"2020-05-14 17:42:56",326
"2020-05-14 18:43:05",325
"2020-05-14 19:43:05",324
"2020-05-14 20:42:57",323
"2020-05-14 21:42:59",323
"2020-05-14 22:43:06",323
"2020-05-14 23:43:01",323
"2020-05-15 00:43:56",323
"2020-05-15 01:43:22",323
"2020-05-15 02:43:10",323
"2020-05-15 03:43:09",323
"2020-05-15 04:43:09",323
"2020-05-15 05:42:59",323
"2020-05-15 06:43:08",323
"2020-05-15 07:42:56",323
"2020-05-15 08:43:01",323
"2020-05-15 09:43:09",323
"2020-05-15 10:42:55",323
"2020-05-15 11:42:58",323
"2020-05-15 12:42:58",323
"2020-05-15 13:43:00",323
"2020-05-15 14:42:55",322
"2020-05-15 15:42:58",325
"2020-05-15 16:42:55",325
"2020-05-15 17:43:09",326
"2020-05-15 18:42:56",326
"2020-05-15 19:43:02",323
"2020-05-15 20:42:59",322
"2020-05-15 21:42:59",322
"2020-05-15 22:42:55",322
"2020-05-15 23:42:54",322
"2020-05-16 00:43:06",322
"2020-05-16 01:43:17",322
"2020-05-16 02:43:12",322
"2020-05-16 03:43:02",322
"2020-05-16 04:42:59",322
"2020-05-16 05:42:58",322
"2020-05-16 06:43:11",322
"2020-05-16 07:43:09",322
"2020-05-16 08:42:57",322
"2020-05-16 09:43:02",322
"2020-05-16 10:42:56",322
"2020-05-16 11:42:55",322
"2020-05-16 12:43:00",322
"2020-05-16 13:42:58",322
"2020-05-16 14:42:55",322
"2020-05-16 15:43:02",322
"2020-05-16 16:42:59",322
"2020-05-16 17:42:56",322
"2020-05-16 18:42:58",322
"2020-05-16 19:42:55",322
"2020-05-16 20:42:59",322
"2020-05-16 21:42:58",322
"2020-05-16 22:43:01",322
"2020-05-16 23:42:59",322
"2020-05-17 00:42:58",322
"2020-05-17 01:43:02",322
"2020-05-18 08:22:39",322
"2020-05-18 08:33:00",322
"2020-05-18 08:34:01",322
"2020-05-18 08:34:40",322
"2020-05-18 08:34:46",322
"2020-05-18 08:34:50",322
"2020-05-18 08:35:22",322
"2020-05-18 08:35:58",322
"2020-05-18 08:37:22",322
"2020-05-18 08:41:34",322
"2020-05-18 08:42:16",322
"2020-05-18 08:42:26",322
"2020-05-18 08:42:42",322
"2020-05-18 08:43:28",322
"2020-05-18 08:43:33",322
"2020-05-18 08:43:47",322
"2020-05-18 08:46:54",322
"2020-05-18 09:08:11",322
"2020-05-18 09:09:51",322
"2020-05-18 09:09:53",322
"2020-05-18 09:11:12",322
"2020-05-18 09:26:58",322
"2020-05-18 09:41:46",322
"2020-05-18 09:42:09",322
"2020-05-18 09:42:21",322
"2020-05-18 09:59:30",322
"2020-05-18 10:01:01",322
"2020-05-18 10:02:19",322
"2020-05-18 10:02:47",322
"2020-05-18 10:04:51",322
"2020-05-18 11:43:54",322
"2020-05-18 11:51:31",322
"2020-05-18 11:59:07",322
"2020-05-18 12:06:44",322
"2020-05-18 13:06:42",322
"2020-05-18 13:43:04",322
"2020-05-18 14:42:58",316
"2020-05-18 15:43:15",314
"2020-05-18 16:43:19",320
"2020-05-18 17:42:58",319
"2020-05-18 18:43:08",319
"2020-05-18 19:43:04",318
"2020-05-18 20:43:01",319
"2020-05-18 21:43:12",319
"2020-05-18 22:43:12",319
"2020-05-18 23:43:15",319
"2020-05-19 00:44:16",319
"2020-05-19 01:42:56",319
"2020-05-19 02:43:03",319
"2020-05-19 03:43:02",319
"2020-05-19 04:43:03",319
"2020-05-19 05:43:01",319
"2020-05-19 06:43:01",319
"2020-05-19 07:43:02",319
"2020-05-19 08:43:06",319
"2020-05-19 09:43:18",319
"2020-05-19 10:43:00",319
"2020-05-19 11:43:10",319
"2020-05-19 13:07:14",319
"2020-05-19 13:43:01",319
"2020-05-19 14:42:58",319
"2020-05-19 15:42:58",316
"2020-05-19 16:43:04",315
"2020-05-19 17:42:57",314
"2020-05-19 18:43:01",313
"2020-05-19 19:43:00",310
"2020-05-19 20:43:03",310
"2020-05-19 21:43:03",310
"2020-05-19 22:43:13",310
"2020-05-19 23:42:59",310
"2020-05-20 00:43:14",310
"2020-05-20 01:43:19",310
"2020-05-20 02:43:11",310
"2020-05-20 03:43:12",310
"2020-05-20 04:43:03",310
"2020-05-20 05:43:01",310
"2020-05-20 06:42:58",310
"2020-05-20 07:43:04",310
"2020-05-20 08:42:58",310
"2020-05-20 09:43:04",310
"2020-05-20 10:42:58",310
"2020-05-20 11:42:59",310
"2020-05-20 12:42:56",310
"2020-05-20 13:43:02",310
"2020-05-20 14:43:00",314
"2020-05-20 15:43:03",316
"2020-05-20 16:42:59",320
"2020-05-20 17:43:12",320
"2020-05-20 18:43:00",321
"2020-05-20 19:43:00",321
"2020-05-20 20:42:56",317
"2020-05-20 21:43:01",317
"2020-05-20 22:42:55",317
"2020-05-20 23:42:59",317
"2020-05-21 00:43:11",317
"2020-05-21 01:42:57",317
"2020-05-21 02:43:01",317
"2020-05-21 03:43:02",317
"2020-05-21 04:42:58",317
"2020-05-21 05:42:58",317
"2020-05-21 06:43:06",317
"2020-05-21 07:42:57",317
"2020-05-21 08:43:01",317
"2020-05-21 09:42:58",317
"2020-05-21 10:42:59",317
"2020-05-21 11:43:03",317
"2020-05-21 12:42:58",317
"2020-05-21 13:43:02",317
"2020-05-21 14:42:56",313
"2020-05-21 15:42:57",313
"2020-05-21 16:43:07",313
"2020-05-21 17:43:02",314
"2020-05-21 18:42:59",314
"2020-05-21 19:42:57",314
"2020-05-21 20:43:01",314
"2020-05-21 21:43:02",314
"2020-05-21 22:43:02",314
"2020-05-21 23:43:12",314
"2020-05-22 00:43:45",314
"2020-05-22 01:43:01",314
"2020-05-22 02:43:05",314
"2020-05-22 03:43:12",314
"2020-05-22 04:43:03",314
"2020-05-22 05:43:04",314
"2020-05-22 06:42:57",314
"2020-05-22 07:43:01",314
"2020-05-22 08:43:05",314
"2020-05-22 09:43:02",314
"2020-05-22 10:42:59",314
"2020-05-22 11:42:58",314
"2020-05-22 12:43:00",314
"2020-05-22 13:43:04",314
"2020-05-22 14:42:58",315
"2020-05-22 15:42:59",316
"2020-05-22 16:42:59",317
"2020-05-22 17:42:59",317
"2020-05-22 18:43:11",316
"2020-05-22 19:42:59",315
"2020-05-22 20:42:56",314
"2020-05-22 21:42:58",314
"2020-05-22 22:42:59",314
"2020-05-22 23:42:58",314
"2020-05-23 00:43:00",314
"2020-05-23 01:42:59",314
"2020-05-23 02:43:06",314
"2020-05-23 03:43:02",314
"2020-05-23 04:43:12",314
"2020-05-23 05:42:58",314
"2020-05-23 06:43:06",314
"2020-05-23 07:43:05",314
"2020-05-23 08:43:04",314
"2020-05-23 09:43:01",314
"2020-05-23 10:42:59",314
"2020-05-23 11:43:06",314
"2020-05-23 12:43:02",314
"2020-05-23 13:43:03",314
"2020-05-23 14:43:01",314
"2020-05-23 15:42:59",314
"2020-05-23 16:43:04",314
"2020-05-23 17:43:02",314
"2020-05-23 18:43:07",314
"2020-05-23 19:42:59",314
"2020-05-23 20:42:57",314
"2020-05-23 21:42:57",314
"2020-05-23 22:43:01",314
"2020-05-23 23:43:01",314
"2020-05-24 00:43:11",314
"2020-05-24 01:42:59",314
"2020-05-24 02:42:58",314
"2020-05-24 03:43:02",314
"2020-05-24 04:43:00",314
"2020-05-24 05:42:59",314
"2020-05-24 06:42:59",314
"2020-05-24 07:42:59",314
"2020-05-24 08:43:04",314
"2020-05-24 09:42:57",314
"2020-05-24 10:43:04",314
"2020-05-24 11:43:01",314
"2020-05-24 12:43:00",314
"2020-05-24 13:43:02",314
"2020-05-24 14:43:02",314
"2020-05-24 15:42:56",314
"2020-05-24 16:43:04",314
"2020-05-24 17:43:03",314
"2020-05-24 18:43:03",314
"2020-05-24 19:43:02",314
"2020-05-24 20:43:02",314
"2020-05-24 21:43:05",314
"2020-05-24 22:43:03",314
"2020-05-24 23:42:57",314
"2020-05-25 00:42:58",314
"2020-05-25 01:43:07",314
"2020-05-25 02:43:01",314
"2020-05-25 03:43:15",314
"2020-05-25 04:42:59",314
"2020-05-25 05:44:45",314
"2020-05-25 06:43:31",314
"2020-05-25 07:43:02",314
"2020-05-25 08:43:08",314
"2020-05-25 09:43:01",314
"2020-05-25 10:42:59",314
"2020-05-25 11:43:13",314
"2020-05-25 12:43:00",314
"2020-05-25 13:42:57",314
"2020-05-25 14:43:04",314
"2020-05-25 15:42:59",314
"2020-05-25 16:42:55",314
"2020-05-25 17:43:00",314
"2020-05-25 18:43:00",314
"2020-05-25 19:43:02",314
"2020-05-25 20:43:04",314
"2020-05-25 21:42:56",314
"2020-05-25 22:42:56",314
"2020-05-25 23:42:57",314
"2020-05-26 00:43:02",314
"2020-05-26 01:42:58",314
"2020-05-26 02:42:56",314
"2020-05-26 03:43:03",314
"2020-05-26 04:43:05",314
"2020-05-26 05:42:59",314
"2020-05-26 06:43:02",314
"2020-05-26 07:43:04",314
"2020-05-26 08:43:06",314
"2020-05-26 09:43:01",314
"2020-05-26 10:43:00",314
"2020-05-26 11:43:05",314
"2020-05-26 12:43:00",314
"2020-05-26 13:43:03",314
"2020-05-26 14:43:01",318
"2020-05-26 15:42:59",318
"2020-05-26 16:42:59",317
"2020-05-26 17:43:01",317
"2020-05-26 18:42:56",317
"2020-05-26 19:43:00",317
"2020-05-26 20:43:00",319
"2020-05-26 21:43:08",319
"2020-05-26 22:42:57",319
"2020-05-26 23:42:59",319
"2020-05-27 00:43:16",319
"2020-05-27 01:42:57",319
"2020-05-27 02:42:59",319
"2020-05-27 03:43:00",319
"2020-05-27 04:43:01",319
"2020-05-27 05:42:59",319
"2020-05-27 06:43:03",319
"2020-05-27 07:43:02",319
"2020-05-27 08:42:58",319
"2020-05-27 09:42:56",319
"2020-05-27 10:42:57",319
"2020-05-27 11:42:56",319
"2020-05-27 13:07:43",319
"2020-05-27 13:43:07",319
"2020-05-27 14:43:01",318
"2020-05-27 15:42:57",318
"2020-05-27 16:42:59",320
"2020-05-27 17:42:57",321
"2020-05-27 18:42:57",321
"2020-05-27 19:43:03",321
"2020-05-27 20:43:00",320
"2020-05-27 21:43:01",320
"2020-05-27 22:42:59",320
"2020-05-27 23:42:57",320
"2020-05-28 00:43:01",320
"2020-05-28 01:43:03",320
"2020-05-28 02:42:58",320
"2020-05-28 03:42:58",320
"2020-05-28 04:42:59",320
"2020-05-28 05:42:57",320
"2020-05-28 06:42:59",320
"2020-05-28 07:43:06",320
"2020-05-28 08:43:01",320
"2020-05-28 09:42:57",320
"2020-05-28 10:43:04",320
"2020-05-28 11:43:06",320
"2020-05-28 13:08:16",320
"2020-05-28 13:43:02",320
"2020-05-28 14:43:03",318
"2020-05-28 15:43:01",318
"2020-05-28 16:43:02",318
"2020-05-28 17:43:01",319
"2020-05-28 18:43:01",321
"2020-05-28 19:42:59",321
"2020-05-28 20:43:06",321
"2020-05-28 21:43:11",321
"2020-05-28 22:43:02",321
"2020-05-28 23:43:06",321
"2020-05-29 00:43:04",321
"2020-05-29 01:43:02",321
"2020-05-29 02:43:12",321
"2020-05-29 03:43:00",321
"2020-05-29 04:43:00",321
"2020-05-29 05:43:12",321
"2020-05-29 06:43:08",321
"2020-05-29 07:43:08",321
"2020-05-29 08:43:07",321
"2020-05-29 09:50:41",321
"2020-05-29 10:43:05",321
"2020-05-29 11:43:01",321
"2020-05-29 12:43:08",321
"2020-05-29 13:43:09",321
"2020-05-29 14:43:11",321
"2020-05-29 15:43:04",321
"2020-05-29 16:43:00",321
"2020-05-29 17:43:07",321
"2020-05-29 18:43:06",321
"2020-05-29 19:43:04",321
"2020-05-29 20:43:09",321
"2020-05-29 21:43:02",321
"2020-05-29 22:43:03",321
"2020-05-29 23:43:13",321
"2020-05-30 00:43:00",321
"2020-05-30 01:42:59",321
"2020-05-30 02:43:02",321
"2020-05-30 03:43:04",321
"2020-05-30 04:43:02",321
"2020-05-30 05:43:06",321
"2020-05-30 06:43:07",321
"2020-05-30 07:43:17",321
"2020-05-30 08:43:07",321
"2020-05-30 09:43:01",321
"2020-05-30 10:43:06",321
"2020-05-30 11:43:04",321
"2020-05-30 12:43:03",321
"2020-05-30 13:43:04",321
"2020-05-30 14:43:01",321
"2020-05-30 15:43:03",321
"2020-05-30 16:43:13",321
"2020-05-30 17:43:04",321
"2020-05-30 18:43:03",321
"2020-05-30 19:43:07",321
"2020-05-30 20:43:03",321
"2020-05-30 21:43:07",321
"2020-05-30 22:43:04",321
"2020-05-30 23:43:07",321
"2020-05-31 00:43:07",321
"2020-05-31 01:43:07",321
"2020-05-31 02:43:05",321
"2020-05-31 03:43:05",321
"2020-05-31 04:43:04",321
"2020-05-31 05:43:07",321
"2020-05-31 06:43:07",321
"2020-05-31 07:43:07",321
"2020-05-31 09:28:42",321
"2020-05-31 09:43:05",321
"2020-05-31 13:06:09",321
"2020-05-31 13:09:31",321
"2020-05-31 13:18:11",321
"2020-06-01 04:56:04",321
"2020-06-01 05:05:25",321
"2020-06-01 05:11:02",321
"2020-06-01 05:11:06",321
"2020-06-01 05:11:56",321
"2020-06-01 05:13:53",321
"2020-06-01 05:16:57",321
"2020-06-01 05:17:20",321
"2020-06-01 05:17:21",321
"2020-06-01 05:17:29",321
"2020-06-01 05:18:09",321
"2020-06-01 05:20:21",321
"2020-06-01 05:21:28",321
"2020-06-01 05:22:16",321
"2020-06-01 05:27:54",321
"2020-06-01 06:37:23",321
"2020-06-01 06:44:58",321
"2020-06-01 06:52:34",321
"2020-06-01 07:43:04",321
"2020-06-01 08:43:08",321
"2020-06-01 09:43:08",321
"2020-06-01 10:43:02",321
"2020-06-01 11:43:04",321
"2020-06-01 13:06:17",321
"2020-06-01 13:43:22",321
"2020-06-01 14:43:07",321
"2020-06-01 15:43:05",322
"2020-06-01 16:43:18",321
"2020-06-01 17:43:17",321
"2020-06-01 18:43:15",321
"2020-06-01 19:43:06",321
"2020-06-01 20:43:06",322
"2020-06-01 21:43:05",322
"2020-06-01 22:43:00",322
"2020-06-01 23:43:07",322
"2020-06-02 00:43:07",322
"2020-06-02 01:43:01",322
"2020-06-02 02:43:01",322
"2020-06-02 03:43:04",322
"2020-06-02 04:43:02",322
"2020-06-02 05:43:03",322
"2020-06-02 06:43:02",322
"2020-06-02 07:43:07",322
"2020-06-02 08:43:07",322
"2020-06-02 09:43:03",322
"2020-06-02 10:43:07",322
"2020-06-02 11:43:03",322
"2020-06-02 12:43:13",322
"2020-06-02 13:43:08",322
"2020-06-02 14:43:19",322
"2020-06-02 15:43:19",322
"2020-06-02 16:43:02",319
"2020-06-02 17:43:18",320
"2020-06-02 18:43:03",321
"2020-06-02 19:43:16",321
"2020-06-02 20:43:18",321
"2020-06-02 21:43:00",321
"2020-06-02 22:43:05",321
"2020-06-02 23:43:00",321
"2020-06-03 00:43:09",321
"2020-06-03 01:43:19",321
"2020-06-03 02:42:59",321
"2020-06-03 03:43:13",321
"2020-06-03 04:43:12",321
"2020-06-03 05:43:00",321
"2020-06-03 06:43:04",321
"2020-06-03 07:43:15",321
"2020-06-03 08:43:02",321
"2020-06-03 09:43:04",321
"2020-06-03 10:43:04",321
"2020-06-03 11:43:04",321
"2020-06-03 13:09:47",321
"2020-06-03 13:43:05",321
"2020-06-03 14:43:02",321
"2020-06-03 15:43:17",320
"2020-06-03 16:43:15",320
"2020-06-03 17:43:19",320
"2020-06-03 18:43:22",321
"2020-06-03 19:43:19",321
"2020-06-03 20:43:03",321
"2020-06-03 21:43:05",320
"2020-06-03 22:43:02",320
"2020-06-03 23:43:00",320
"2020-06-04 00:43:16",320
"2020-06-04 01:43:09",320
"2020-06-04 02:43:03",320
"2020-06-04 03:43:06",320
"2020-06-04 04:43:08",320
"2020-06-04 05:43:03",320
"2020-06-04 06:43:03",320
"2020-06-04 07:43:12",320
"2020-06-04 08:43:11",320
"2020-06-04 09:43:08",320
"2020-06-04 10:43:03",320
"2020-06-04 11:43:03",320
"2020-06-04 12:43:05",320
"2020-06-04 13:43:10",320
"2020-06-04 14:43:31",321
"2020-06-04 15:43:18",318
"2020-06-04 17:08:20",319
"2020-06-04 17:43:05",319
"2020-06-04 18:43:15",318
"2020-06-04 19:43:00",318
"2020-06-04 20:43:18",318
"2020-06-04 21:43:17",318
"2020-06-04 22:43:04",318
"2020-06-04 23:43:06",318
"2020-06-05 00:43:07",318
"2020-06-05 01:43:02",318
"2020-06-05 02:43:03",318
"2020-06-05 03:43:04",318
"2020-06-05 04:43:05",318
"2020-06-05 05:43:08",318
"2020-06-05 06:43:07",318
"2020-06-05 07:43:06",318
"2020-06-05 08:43:06",318
"2020-06-05 09:43:02",318
"2020-06-05 10:43:01",318
"2020-06-05 11:43:03",318
"2020-06-05 13:10:48",318
"2020-06-05 13:43:18",318
"2020-06-05 14:43:10",318
"2020-06-05 15:43:07",320
"2020-06-05 16:43:24",321
"2020-06-05 17:43:07",323
"2020-06-05 18:43:07",327
"2020-06-05 19:43:06",330
"2020-06-05 20:43:20",330
"2020-06-05 21:43:08",330
"2020-06-05 22:43:06",330
"2020-06-05 23:43:07",330
"2020-06-06 00:43:12",330
"2020-06-06 01:43:02",330
"2020-06-06 02:43:05",330
"2020-06-06 03:43:08",330
"2020-06-06 04:43:11",330
"2020-06-06 05:43:11",330
"2020-06-06 06:43:06",330
"2020-06-06 07:43:25",330
"2020-06-06 08:43:09",330
"2020-06-06 09:54:05",330
"2020-06-06 10:43:02",330
"2020-06-06 11:43:07",330
"2020-06-06 12:43:08",330
"2020-06-06 13:43:05",330
"2020-06-06 14:43:20",330
"2020-06-06 15:43:05",330
"2020-06-06 16:43:17",330
"2020-06-06 18:43:07",330
"2020-06-06 19:43:05",330
"2020-06-06 20:43:07",330
"2020-06-06 21:43:05",330
"2020-06-06 22:43:06",330
"2020-06-06 23:43:10",330
"2020-06-07 00:43:10",330
"2020-06-07 01:43:05",330
"2020-06-07 02:43:06",330
"2020-06-07 03:43:07",330
"2020-06-07 04:43:07",330
"2020-06-07 05:43:05",330
"2020-06-07 06:43:06",330
"2020-06-07 07:43:09",330
"2020-06-07 08:43:08",330
"2020-06-08 04:43:02",330
"2020-06-08 05:43:01",330
"2020-06-08 06:43:20",330
"2020-06-08 07:43:01",330
"2020-06-08 08:43:08",330
"2020-06-08 09:43:03",330
"2020-06-08 10:43:03",330
"2020-06-08 11:43:06",330
"2020-06-08 12:43:20",330
"2020-06-08 13:43:07",330
"2020-06-08 14:43:32",329
"2020-06-08 15:43:05",334
"2020-06-08 16:43:14",334
"2020-06-08 17:43:11",336
"2020-06-08 18:43:27",335
"2020-06-08 19:43:21",336
"2020-06-08 20:43:15",338
"2020-06-08 21:43:11",338
"2020-06-08 22:43:08",338
"2020-06-08 23:43:08",338
"2020-06-09 00:43:08",338
"2020-06-09 01:43:15",338
"2020-06-09 02:43:13",338
"2020-06-09 03:43:06",338
"2020-06-09 04:43:23",338
"2020-06-09 05:43:29",338
"2020-06-09 06:43:25",338
"2020-06-09 07:43:12",338
"2020-06-09 08:43:12",338
